OBJECTID,Shape,NIB,IdBidang,ls_asal,status_per,kelompok_perubahan,PREDICTED,KECAMATAN,KELURAHAN,TIPEHAK,NIB_1,lb_dpn,letak,s_letak,zonasi,s_zonasi,kls_jln,s_kls_jln,IdBidang_1,ls_tnh,elvasi,s_elvasi,lb_jln,jk_atrs,jk_kolp,jk_kols,CBD,jk_atrp,Shape_Le_1,Shape_Le_2,PREDICTED_1,Shape_Le_3,Shape_Length,Shape_Area,bentuk,s_bentuk
1,"(96525.50858729615, 756161.1114965822)",542,1,99.53390736192846,tetap,,1319463.95721,Pekalipan,Pulasaren,Hak Milik,00542,5.3024099216,Normal,3.0,Perumahan Sederhana,2.0,Lokal Setapak,1.0,6844,99.53390736192846,Sama,2.0,3.41,1674.89135733,1704.83928967,1946.12380571,660.920457107,1681.64189474,33.4073241393,33.4073241387,1319463.95721,43.3565897679,43.35658976788804,99.53390736192846,,
2,"(96447.28515512559, 756300.1108317983)",53,2,138.79547472896888,tetap,,2404560.93531,Pekalipan,Pulasaren,Hak Milik,00053,5.95719696662,Normal,3.0,Perumahan Sederhana,2.0,Lokal Setapak,1.0,6870,138.79547472896888,Sama,2.0,1.64,1346.83166098,1693.74635463,2124.46598473,266.241759276,2268.21016937,58.6799284067,58.6799284066,2404560.93531,58.1155611127,58.11556111269383,138.79547472896888,,
3,"(96835.55225157666, 756221.8766057388)",305,3,48.29684120174586,tetap,,1336013.46254,Pekalipan,Pulasaren,Hak Milik,00305,5.38155799383,Normal,3.0,Perumahan Sederhana,2.0,Lokal Setapak,1.0,6961,48.29684120174586,Sama,2.0,1.835479,917.744996066,2189.17591247,2626.62591473,483.290637835,2237.24765237,26.5155548309,26.5155548309,1336013.46254,28.2232274815,28.22322748149381,48.29684120174586,,
4,"(96321.8863491293, 756016.9965831717)",825,4,85.13366700287837,tetap,,1520817.20577,Pekalipan,Pulasaren,Hak Milik,00825,9.75652171885,Normal,3.0,Perumahan Sederhana,2.0,Lokal Setapak,1.0,7445,85.13366700287837,Sama,2.0,1.835479,1740.8412688,1656.44236018,2087.16199029,545.762709056,1826.36971564,41.0010492962,41.0010492936,1520817.20577,42.7683306394,42.76833063936271,85.13366700287837,,
5,"(96555.12779822477, 756141.8576027824)",130,5,56.7898766615224,tetap,,1628379.35523,Pekalipan,Pulasaren,Hak Milik,00130,13.750437519,Normal,3.0,Perumahan Sederhana,2.0,Lokal Setapak,1.0,7443,56.7898766615224,Sama,2.0,1.835479,1186.25224327,1860.8673118,2291.5869419,122.870780385,2044.99615,41.9127872799,41.9127872814,1628379.35523,31.1570169646,31.15701696464751,56.7898766615224,,
6,"(96465.11320205951, 756141.2683483303)",228,6,119.21138453837982,tetap,,3913027.47238,Pekalipan,Pulasaren,Hak Milik,00228,8.63835020424,Hook,4.0,Perumahan Menengah,3.0,Lokal Setapak,1.0,7271,119.21138453837982,Sama,2.0,1.835479,1283.25472021,1763.35059874,2194.07022884,188.250315001,2097.44900893,46.8279486106,46.8279486137,3913027.47238,43.828341225,43.82834122501956,119.21138453837982,,
7,"(96450.31502921309, 755915.5700325607)",502,7,109.58906540601681,tetap,,1388073.07899,Pekalipan,Pulasaren,Hak Wakaf,00502,4.3416217487,Normal,3.0,Perumahan Sederhana,2.0,Lokal Setapak,1.0,7265,109.58906540601681,Sama,2.0,1.835479,1553.29149517,1783.36334413,2024.64786017,635.855436155,1755.72824252,49.8255684346,49.8255684332,1388073.07899,44.550064438,44.55006443800297,109.58906540601681,,
8,"(96779.23805567558, 756156.4106208131)",208,8,114.58131058412498,tetap,,4019377.38608,Pekalipan,Pulasaren,Hak Milik,00208,8.04878550094,Tusuk Sate,2.0,Perumahan Menengah,3.0,Lokal Primer,3.0,6966,114.58131058412498,Sama,2.0,6.58,924.658611781,2129.93485842,2508.21354631,355.930671097,2128.07425451,43.4133487786,43.4133487781,4019377.38608,44.2644850503,44.26448505032732,114.58131058412498,,
9,"(96335.90895737403, 756065.3327165408)",1012,9,83.77636570185079,tetap,,1556680.02262,Pekalipan,Pulasaren,Hak Milik,01012,7.65896919023,Normal,3.0,Perumahan Sederhana,2.0,Lokal Setapak,1.0,6667,83.77636570185079,Sama,2.0,1.52,1775.95587433,1647.42565174,2078.14528184,536.746000613,1884.86632523,38.3268343708,38.3268343656,1556680.02262,38.2886422371,38.28864223710174,83.77636570185079,,
10,"(96484.73975256213, 755940.4210851754)",896,10,67.57947062312411,tetap,,1327912.28926,Pekalipan,Pulasaren,Hak Milik,00896,6.30282604644,Hook,4.0,Perumahan Sederhana,2.0,Lokal Setapak,1.0,7425,67.57947062312411,Sama,2.0,1.835479,1486.03111607,1823.73822631,2065.02274235,568.597074739,1796.10461664,34.3253666176,34.3253666214,1327912.28926,34.8139552468,34.81395524680521,67.57947062312411,,
11,"(96547.17030592333, 756157.6524292363)",378,11,30.826661563065652,tetap,,2681253.89721,Pekalipan,Pulasaren,Hak Milik,00378,5.53266220949,Normal,3.0,Perumahan Sederhana,2.0,Lokal Setapak,1.0,7105,30.826661563065652,Sama,2.0,1.835479,1236.46526193,1819.21675697,2249.93638707,114.283588449,2095.20916867,27.7679527966,27.7679527912,2681253.89721,24.2183792675,24.218379267478106,30.826661563065652,,
12,"(96333.68445199283, 756193.1906929988)",784,12,84.67195007979791,tetap,,2479193.61496,Pekalipan,Pulasaren,Hak Milik,00784,6.59527523056,Hook,4.0,Perumahan Sederhana,2.0,Lokal Setapak,1.0,7279,84.67195007979791,Sama,2.0,1.835479,1394.88969773,1594.54379885,2025.26342895,339.775827072,2235.21848586,31.6165485891,31.6165485894,2479193.61496,37.8284353304,37.82843533043494,84.67195007979791,,
13,"(96551.26373564714, 756114.3911218855)",640,13,103.72570328548613,tetap,,9348720.18364,Pekalipan,Pulasaren,Hak Milik,00640,9.82581655476,Normal,3.0,Perdagangan dan Jasa Kelas 1,7.0,Lokal Setapak,1.0,7084,103.72570328548613,Sama,2.0,1.835479,1172.02712844,1899.2194523,2329.9390824,194.136281114,2030.77103518,74.3864954965,74.3864955012,9348720.18364,40.7599640897,40.75996408966378,103.72570328548613,,
14,"(96505.88102965945, 755903.6818174035)",928,14,126.64790059116018,tetap,,1251533.32923,Pekalipan,Pulasaren,Hak Milik,00928,12.8940364841,Normal,3.0,Perumahan Sederhana,2.0,Lokal Setapak,1.0,6687,126.64790059116018,Sama,2.0,1.835479,1327.5893199,1520.48390299,1951.20353309,409.804251863,2254.24751709,45.8919409655,45.8919409652,1251533.32923,44.6944950419,44.69449504192626,126.64790059116018,,
15,"(96253.08018338686, 756177.0529136271)",1057,15,39.6525299464437,tetap,,1512420.00487,Pekalipan,Pulasaren,Hak Milik,01057,5.80831710927,Normal,3.0,Perumahan Sederhana,2.0,Lokal Setapak,1.0,7853,39.6525299464437,Sama,2.0,1.51,1710.46105014,1509.22146965,1939.94109975,398.541818524,1985.81121541,31.0300505156,31.0300505129,1512420.00487,26.8020455255,26.802045525510987,39.6525299464437,,
16,"(96503.5842641692, 756294.4148222229)",739,16,218.30060285130432,tetap,,9493031.64283,Pekalipan,Pulasaren,Hak Milik,00739,6.67905994846,Normal,3.0,Perdagangan dan Jasa Kelas 1,7.0,Lokal Primer,3.0,7013,218.30060285130432,Sama,2.0,12.785432656,1164.58018809,1772.93988813,2203.65951823,200.417294635,2202.38355991,70.040658554,70.0406585532,9493031.64283,72.5618651775,72.56186517748235,218.30060285130432,,
17,"(96354.5679398363, 756065.7055598053)",1021,17,12.778265412052667,tetap,,1576785.2017,Pekalipan,Pulasaren,Kosong,01021,6.14424554251,Normal,3.0,Perumahan Sederhana,2.0,Lokal Setapak,1.0,8062,12.778265412052667,Sama,2.0,2.0,1803.91584904,1638.12023645,2068.83986656,527.440585323,1908.66702646,33.5228487455,33.5228487494,1576785.2017,14.5917552937,14.591755293695558,12.778265412052667,,
18,"(96749.99119081291, 756343.6128322171)",365,18,20.37403411054521,tetap,,1372660.49585,Pekalipan,Pulasaren,Hak Milik,00365,4.75461137481,Normal,3.0,Perumahan Sederhana,2.0,Lokal Setapak,1.0,7846,20.37403411054521,Sama,2.0,1.835478594,1493.61327772,1394.12169024,1824.84132035,283.442039117,2061.31334395,33.7623188688,33.7623188717,1372660.49585,21.276266918,21.276266917992515,20.37403411054521,,
19,"(96417.44946466357, 756178.7074033881)",0,19,0.0,tetap,0,0.0,Pekalipan,Pulasaren,Hak Milik, ,4.63987677683,Normal,3.0,Perumahan Sederhana,2.0,Lokal Setapak,1.0,6784,54.82616089357196,Sama,2.0,1.835479,1360.40278323,1726.84610569,2157.56573579,248.131038089,2174.59707195,35.0193123536,35.0193123535,1691782.92407,33.4902005802,33.49020058023307,54.82616089357196,,
20,"(96320.05415536073, 756244.4835959703)",687,20,72.37404282490348,tetap,,1472283.17658,Pekalipan,Pulasaren,Hak Milik,00687,8.41005562144,Normal,3.0,Perumahan Sederhana,2.0,Lokal Setapak,1.0,6981,72.37404282490348,Sama,2.0,1.835478594,1380.55144664,1573.44430929,2004.16393939,425.299457877,2307.20964383,30.0352366023,30.0352366002,1472283.17658,37.2335652173,37.23356521732567,72.37404282490348,,
21,"(96317.13727112616, 756202.4100733023)",794,21,56.532201968292114,tetap,,1375772.92532,Pekalipan,Pulasaren,Hak Milik,00794,9.85013098907,Normal,3.0,Perumahan Sederhana,2.0,Lokal Setapak,1.0,7308,56.532201968292114,Sama,2.0,1.835479,1412.83286296,1575.64309108,2006.36272119,357.718349258,2253.16165109,35.8796366519,35.8796366519,1375772.92532,30.9125792944,30.912579294446708,56.532201968292114,,
22,"(96761.1930689365, 756370.7216186475)",432,22,170.09790969196862,tetap,,1494217.14525,Pekalipan,Pulasaren,Hak Milik,00432,11.3582086425,Normal,3.0,Perumahan Sederhana,2.0,Lokal Setapak,1.0,7342,170.09790969196862,Sama,2.0,1.835478594,1808.05395261,1619.8125327,2034.00992686,509.132881567,1769.53091144,52.8081741081,52.8081741124,1494217.14525,53.7485245373,53.74852453725666,170.09790969196862,,
23,"(96485.70468419022, 755870.2586297604)",490,23,99.49081468192816,tetap,,1366509.51569,Pekalipan,Pulasaren,Hak Milik,00490,9.91736120479,Normal,3.0,Perumahan Sederhana,2.0,Lokal Setapak,1.0,7341,99.49081468192816,Sama,2.0,1.835478594,1513.00173211,1777.76686588,2019.05138192,595.56696953,1725.02963012,42.4149445107,42.4149445117,1366509.51569,39.9773997115,39.97739971148275,99.49081468192816,,
24,"(96343.44798039261, 756209.956152132)",915,24,63.05856666888579,tetap,,2383747.18827,Pekalipan,Pulasaren,Hak Milik,00915,6.15624725587,Normal,3.0,Perumahan Sederhana,2.0,Lokal Setapak,1.0,7562,63.05856666888579,Sama,2.0,1.835479,1362.6724992,1628.94999881,2059.66962892,359.629192503,2255.0724889,34.5834224211,34.583422421,2383747.18827,34.1692531631,34.169253163126534,63.05856666888579,,
25,"(96377.1077123874, 756332.5613854121)",123,25,170.58263701421754,tetap,,8748848.02017,Pekalipan,Pulasaren,Hak Milik,00123,3.5962962333,Hook,4.0,Perdagangan dan Jasa Kelas 1,7.0,Lokal Primer,1.0,6935,170.58263701421754,Sama,2.0,3.78,1217.84590135,1564.76438511,1995.48401522,363.805886337,2298.52958123,51.9714752246,51.971475224,8748848.02017,74.1545445185,74.15454451853216,170.58263701421754,,
26,"(96485.6407169864, 755829.1631337866)",443,26,188.5983983117726,tetap,,1363137.07603,Pekalipan,Pulasaren,Hak Milik,00443,10.2270517996,Normal,3.0,Perumahan Sederhana,2.0,Lokal Setapak,1.0,6838,188.5983983117726,Sama,2.0,1.835478594,1477.02683605,1741.79317718,1983.07769321,559.593280819,1689.05473406,51.2973969031,51.2973969022,1363137.07603,54.8809100382,54.88091003819692,188.5983983117726,,
27,"(96819.70435163967, 756229.3601826163)",0,27,0.0,tetap,0,0.0,Pekalipan,Pulasaren,Hak Milik, ,3.62478236691,Normal,3.0,Perumahan Sederhana,2.0,Lokal Setapak,1.0,7108,32.097720718194466,Sama,2.0,1.835479,932.392289963,2182.96481932,2613.68444942,470.349172535,2242.49655214,28.7601055098,28.7601055117,1347706.81423,27.1931583813,27.193158381348155,32.097720718194466,,
28,"(96747.92383766465, 756324.3712112731)",328,28,48.03453396460072,tetap,,1423736.96883,Pekalipan,Pulasaren,Hak Milik,00328,10.4746012943,Normal,3.0,Perumahan Sederhana,2.0,Lokal Setapak,1.0,7117,48.03453396460072,Sama,2.0,1.85,974.031524759,2029.51353465,2460.23316475,476.825032086,2268.78279642,33.482307762,33.4823077645,1423736.96883,32.4910927102,32.49109271022709,48.03453396460072,,
29,"(96809.17885361444, 756236.2009984965)",1827,29,11.999950571530368,tetap,,1436675.98696,Pekalipan,Pulasaren,Hak Milik,01827,3.39354366383,Normal,3.0,Perumahan Sederhana,2.0,Lokal Setapak,1.0,6776,11.999950571530368,Sama,2.0,1.835479,1005.73520259,2061.21580356,2491.93543366,444.465409306,2216.61206849,15.9801463973,15.9801463928,1436675.98696,15.7982042193,15.798204219326,11.999950571530368,,
30,"(96936.11830676295, 756338.8934634834)",187,30,1382.1964488254644,tetap,,1644007.0622,Pekalipan,Pulasaren,Hak Milik,00187,4.18295692701,Normal,3.0,Perumahan Sederhana,2.0,Lokal Setapak,1.0,7037,1382.1964488254644,Sama,2.0,1.835479,909.62705928,2149.30010199,2674.07547507,589.720449843,2317.48470178,188.022868569,188.022868562,1644007.0622,187.496863833,187.49686383336865,1382.1964488254644,,
31,"(96446.8182527781, 755925.403290502)",503,31,57.45585925439113,tetap,,1393022.38128,Pekalipan,Pulasaren,Hak Milik,00503,4.69617522833,Normal,3.0,Perumahan Sederhana,2.0,Lokal Setapak,1.0,6770,57.45585925439113,Sama,2.0,1.61,1563.85070506,1790.05329286,2031.3378089,646.4145334,1766.85840431,23.6429025671,23.6429025685,1393022.38128,30.4142580101,30.414258010103552,57.45585925439113,,
32,"(96857.45045288574, 756239.7929093621)",707,32,67.62266644346269,tetap,,1305104.20115,Pekalipan,Pulasaren,Hak Milik,00707,5.4186789098,Normal,3.0,Perumahan Sederhana,2.0,Lokal Setapak,1.0,7054,67.62266644346269,Sama,2.0,0.5,895.160411918,2166.59210085,2655.18587694,511.85060005,2214.66306822,37.680028972,37.6800289735,1305104.20115,38.3077212447,38.3077212447439,67.62266644346269,,
33,"(96500.76082260926, 756141.045812946)",530,33,150.34617270852405,tetap,,1584457.88036,Pekalipan,Pulasaren,Hak Milik,00530,5.8002489299,Normal,3.0,Perumahan Sederhana,2.0,Lokal Setapak,1.0,7538,150.34617270852405,Sama,2.0,1.835479,1242.70832575,1810.5931237,2241.3127538,179.325097534,2099.430884,42.6162788943,42.6162788954,1584457.88036,49.3520242326,49.352024232646784,150.34617270852405,,
34,"(96372.30158590565, 755814.1347931997)",276,34,76.5960122300473,tetap,,5116223.73598,Pekalipan,Pulasaren,Hak Milik,00276,7.60379590747,Tusuk Sate,2.0,Perumahan Mewah,4.0,Lokal Setapak,1.0,6690,76.5960122300473,Sama,2.0,1.52,1588.45245199,1603.60475429,1844.88927033,671.015309345,1580.40395872,47.2238112573,47.2238112537,5116223.73598,36.5876874873,36.58768748732895,76.5960122300473,,
35,"(96594.85567821674, 756335.5178344146)",736,35,164.37005203433336,tetap,,1378843.07624,Pekalipan,Pulasaren,Hak Milik,00736,11.1600235138,Normal,3.0,Perumahan Sederhana,2.0,Lokal Setapak,1.0,6998,164.37005203433336,Sama,2.0,1.31,1045.66253092,1822.46430897,2253.18393907,159.541480011,2277.86078472,53.4817499469,53.4817499439,1378843.07624,52.3547814537,52.35478145373392,164.37005203433336,,
36,"(96805.47293868924, 756246.2091183165)",60,36,123.67098491711197,tetap,,1454224.24922,Pekalipan,Pulasaren,Hak Milik,00060,4.57940393795,Normal,3.0,Perumahan Sederhana,2.0,Lokal Setapak,1.0,6992,123.67098491711197,Sama,2.0,1.835479,963.678096369,2189.7380012,2620.4576313,477.122354408,2249.26930191,46.0524268184,46.0524268181,1454224.24922,46.1893036865,46.18930368647659,123.67098491711197,,
37,"(96377.8299368901, 755815.470944918)",289,37,54.43193531422744,tetap,,5123553.68108,Pekalipan,Pulasaren,Hak Milik,00289,4.19191279156,Normal,3.0,Perumahan Mewah,4.0,Lokal Setapak,1.0,7340,54.43193531422744,Sama,2.0,1.52,1583.66323782,1608.41610627,1849.7006223,666.226312463,1585.21543343,27.414994852,27.4149948485,5123553.68108,32.3060776511,32.30607765109055,54.43193531422744,,
38,"(96318.71816669597, 756077.0600907153)",828,38,102.3693655789441,tetap,,1549748.17636,Pekalipan,Pulasaren,Hak Milik,00828,11.5717625862,Normal,3.0,Perumahan Sederhana,2.0,Lokal Setapak,1.0,7553,102.3693655789441,Sama,2.0,2.0,1786.16156504,1620.36658967,2051.08621977,509.686938544,1890.91274246,41.4347396731,41.4347396768,1549748.17636,40.7208713722,40.72087137222788,102.3693655789441,,
39,"(96530.68652974462, 756134.042575759)",954,39,80.2827167067173,tetap,,1754760.37357,Pekalipan,Pulasaren,Hak Milik,00954,15.951224618,Normal,3.0,Perumahan Sederhana,2.0,Lokal Setapak,1.0,7775,80.2827167067173,Sama,2.0,1.835479,1214.85863935,1834.51327839,2265.23290849,151.476249999,2073.60254609,43.2964701739,43.2964701732,1754760.37357,42.9618148627,42.96181486274035,80.2827167067173,,
40,"(96767.86201744468, 756203.1451102074)",64,40,212.35091332281075,tetap,,1489458.83758,Pekalipan,Pulasaren,Hak Milik,00064,4.47596168147,Normal,3.0,Perumahan Sederhana,2.0,Lokal Setapak,1.0,6715,212.35091332281075,Sama,2.0,1.835479,1005.60838196,2160.82800352,2556.76261557,404.479740355,2176.62503806,58.3818820859,58.3818820902,1489458.83758,59.6949532428,59.69495324282158,212.35091332281075,,
41,"(96601.96231326419, 756326.5928361521)",1153,41,64.2765270491631,tetap,,1419562.97297,Pekalipan,Pulasaren,Hak Milik,01153,8.26193974312,Normal,3.0,Perumahan Sederhana,2.0,Lokal Setapak,1.0,6717,64.2765270491631,Sama,2.0,1.31,1061.11070943,1837.91217983,2268.63180993,153.886051361,2272.20498263,36.340371776,36.3403717801,1419562.97297,34.2068675022,34.206867502216056,64.2765270491631,,
42,"(96804.57618518375, 756326.3805674237)",699,42,137.64142231696448,tetap,,1066387.78582,Pekalipan,Pulasaren,Hak Milik,00699,9.3796756986,Normal,3.0,Perumahan Sederhana,2.0,Lokal Setapak,1.0,6952,137.64142231696448,Sama,2.0,3.66,881.378741233,2121.05126375,2645.82663684,561.471611611,2339.15152046,48.59274541,48.5927454099,1066387.78582,48.728080975,48.72808097498892,137.64142231696448,,
43,"(96277.79412486825, 756243.1970288875)",449,43,91.56597013337306,tetap,,1306917.66388,Pekalipan,Pulasaren,Hak Milik,00449,7.2176063396,Normal,3.0,Perumahan Sederhana,2.0,Lokal Setapak,1.0,6831,91.56597013337306,Sama,2.0,1.835478594,1428.21457777,1515.16547111,1945.88510121,404.485819983,2248.92894735,33.860611063,33.8606110631,1306917.66388,41.0645958856,41.06459588564838,91.56597013337306,,
44,"(96476.24945775671, 756317.1945227679)",726,44,104.93419618431997,tetap,,2211275.1348,Pekalipan,Pulasaren,Hak Milik,00726,8.04868686939,Normal,3.0,Perumahan Sederhana,2.0,Lokal Primer,3.0,7035,104.93419618431997,Sama,2.0,12.785432656,1151.79887094,1760.15950748,2190.87913758,248.54015131,2250.50739019,43.5077464876,43.507746489,2211275.1348,42.8571579989,42.8571579988811,104.93419618431997,,
45,"(96381.66751838636, 756266.336821451)",781,45,132.2904887523939,tetap,,3710446.7594,Pekalipan,Pulasaren,Hak Milik,00781,8.10555576415,Hook,4.0,Perumahan Menengah,3.0,Lokal Setapak,1.0,7277,132.2904887523939,Sama,2.0,1.835479,1289.97640182,1636.89255166,2067.61218176,318.832652599,2267.00904508,49.1538352952,49.1538352951,3710446.7594,47.939242627,47.93924262702015,132.2904887523939,,
46,"(96672.62221867409, 756218.7438221138)",62,46,806.9544761100794,tetap,,1603594.45906,Pekalipan,Pulasaren,Hak Milik,00062,16.3551232442,Normal,3.0,Perumahan Sederhana,2.0,Lokal Setapak,1.0,6898,806.9544761100794,Sama,2.0,1.835479,1236.93972106,1981.45808617,2412.17771628,60.1524087102,2178.46825435,129.204616015,129.204616017,1603594.45906,128.936109033,128.93610903263317,806.9544761100794,,
47,"(96814.55091728811, 756306.8836865935)",85,47,120.46637056858516,tetap,,1288127.71904,Pekalipan,Pulasaren,Hak Milik,00085,12.9777493584,Normal,3.0,Perumahan Sederhana,2.0,Lokal Setapak,1.0,6627,120.46637056858516,Sama,2.0,3.66,1348.83548682,1541.72930596,1972.44893606,431.049654828,2275.493684,44.998700324,44.9987003246,1288127.71904,44.6793966707,44.67939667065601,120.46637056858516,,
48,"(96944.60379582117, 756316.2762252023)",610,48,869.1598785152789,tetap,,1630064.7552,Pekalipan,Pulasaren,Hak Milik,00610,3.96024170171,Normal,3.0,Perumahan Sederhana,2.0,Lokal Setapak,1.0,6859,869.1598785152789,Sama,2.0,1.835479,892.829734052,2132.50264254,2657.27801562,572.922990392,2296.03586703,152.415059413,152.41505941,1630064.7552,144.858812131,144.85881213126075,869.1598785152789,,
49,"(96539.20740594169, 756097.3049189486)",205,49,143.21351986090667,tetap,,1462487.03621,Pekalipan,Pulasaren,Hak Milik,00205,12.950263061,Normal,3.0,Perumahan Sederhana,2.0,Lokal Setapak,1.0,7161,143.21351986090667,Sama,2.0,1.835479,1176.03709831,1870.43567691,2301.15530701,198.145751826,2034.78100504,49.9040545445,49.9040545444,1462487.03621,48.1168896734,48.116889673373905,143.21351986090667,,
50,"(96928.05350959796, 756287.5952450592)",280,50,142.55955349750064,tetap,,1622429.62795,Pekalipan,Pulasaren,Hak Milik,00280,9.99562209616,Normal,3.0,Perumahan Sederhana,2.0,Lokal Setapak,1.0,7136,142.55955349750064,Sama,2.0,1.835479,873.566668968,2125.06177897,2649.83715205,565.482126822,2256.23157678,48.5563582087,48.556358204,1622429.62795,48.5569954031,48.55699540306608,142.55955349750064,,
51,"(96371.92363859655, 755850.2170184731)",847,51,31.872320567392677,tetap,,1374343.45618,Pekalipan,Pulasaren,Hak Milik,00847,3.70694281066,Normal,3.0,Perumahan Sederhana,2.0,Lokal Setapak,1.0,7424,31.872320567392677,Sama,2.0,1.52,1710.28214967,1712.34977233,1983.45166786,601.670121199,1718.9710983,24.7566888069,24.7566888085,1374343.45618,26.0405536179,26.04055361793263,31.872320567392677,,
52,"(96538.89847606138, 756185.6151740813)",957,52,110.59627676795765,tetap,,9573380.80595,Pekalipan,Pulasaren,Hak Milik,00957,5.73556474138,Normal,3.0,Perdagangan dan Jasa Kelas 1,7.0,Lokal Primer,1.0,7748,110.59627676795765,Sama,2.0,3.41,1230.91049415,1839.05981714,2269.77944724,108.729266195,2089.65440089,74.6678311219,74.6678311187,9573380.80595,69.7592355701,69.75923557011097,110.59627676795765,,
53,"(96481.4000144856, 756263.654650361)",19,53,198.287305672687,tetap,,2439916.74644,Pekalipan,Pulasaren,Hak Milik,00019,7.31652934787,Normal,3.0,Perumahan Sederhana,2.0,Lokal Setapak,1.0,7269,198.287305672687,Sama,2.0,1.64,1310.11156877,1753.5250404,2184.2446705,191.123402799,2193.08964085,59.5890488208,59.5890488233,2439916.74644,66.2297478398,66.2297478397876,198.287305672687,,
54,"(96834.74225731185, 756198.763324778)",309,54,153.46379799385107,tetap,,2761963.95561,Pekalipan,Pulasaren,Hak Milik,00309,7.33140235851,Normal,3.0,Perumahan Sederhana,2.0,Lokal Setapak,1.0,7023,153.46379799385107,Sama,2.0,1.835479,945.862622873,2212.95718944,2643.67681954,500.341542645,2265.36527917,55.4346466351,55.4346466355,2761963.95561,54.7849366602,54.784936660236895,153.46379799385107,,
55,"(96715.34535995196, 756300.1360222842)",275,55,125.63989731665617,tetap,,2339633.78121,Pekalipan,Pulasaren,Hak Milik,00275,11.8599743063,Normal,3.0,Perumahan Sederhana,2.0,Lokal Sekunder,2.0,7150,125.63989731665617,Sama,2.0,2.69,954.68270441,2010.16503843,2440.88466854,453.527093332,2225.67386336,42.7832231668,42.7832231658,2339633.78121,44.9103510971,44.91035109712917,125.63989731665617,,
56,"(96462.21377514742, 756110.173293557)",632,56,295.75437673931424,tetap,,1477962.61392,Pekalipan,Pulasaren,Hak Milik,00632,5.70219122102,Tusuk Sate,2.0,Perumahan Sederhana,2.0,Lokal Setapak,1.0,7249,295.75437673931424,Sama,2.0,1.835479,1324.36921171,1752.37489893,2183.09452903,287.903074142,2088.67370787,70.8330502915,70.833050291,1477962.61392,73.8372431769,73.83724317694411,295.75437673931424,,
57,"(96487.8432035415, 756212.2855585188)",267,57,38.038489145596564,tetap,,1816576.67188,Pekalipan,Pulasaren,Hak Milik,00267,9.65377224259,Normal,3.0,Perumahan Sederhana,2.0,Lokal Setapak,1.0,7274,38.038489145596564,Sama,2.0,0.8,1307.40984537,1798.9744417,2229.69407181,164.188527497,2166.15375211,41.4347906823,41.4347906858,1816576.67188,41.8612987253,41.861298725312956,38.038489145596564,,
58,"(96868.39415048705, 756274.7598411987)",315,58,310.34909476307956,tetap,,2544756.46449,Pekalipan,Pulasaren,Hak Pakai,00315,14.5955990799,Hook,4.0,Perumahan Sederhana,2.0,Lokal Sekunder,1.0,6696,310.34909476307956,Sama,2.0,1.85,862.824356327,2102.49731059,2605.26707865,542.917658442,2243.57048598,76.2020445574,76.2020445569,2544756.46449,76.6661039352,76.66610393518701,310.34909476307956,,
59,"(96770.81618567923, 756214.8527505724)",110,59,88.05863652011986,tetap,,1466833.32855,Pekalipan,Pulasaren,Hak Milik,00110,4.15941934074,Hook,4.0,Perumahan Sederhana,2.0,Lokal Setapak,1.0,7030,88.05863652011986,Sama,2.0,1.835479,983.520279204,2144.51510847,2573.50280951,421.219934294,2193.36581506,38.4844193835,38.4844193854,1466833.32855,39.1073667602,39.107366760205004,88.05863652011986,,
60,"(96287.08905599159, 756043.6802509059)",611,60,84.99948224129116,tetap,,1485881.87803,Pekalipan,Pulasaren,Hak Milik,00611,5.83647969386,Normal,3.0,Perumahan Sederhana,2.0,Lokal Setapak,1.0,7120,84.99948224129116,Sama,2.0,2.0,1702.7159294,1501.47664041,1932.19627051,390.79698928,1938.910319,38.3070250903,38.307025089,1485881.87803,36.9554384931,36.955438493068755,84.99948224129116,,
61,"(96496.76357828318, 756091.3010916441)",769,61,197.36810245920893,tetap,,3814956.96357,Pekalipan,Pulasaren,Hak Milik,00769,16.4224908293,Normal,3.0,Perumahan Menengah,3.0,Lokal Setapak,1.0,7306,197.36810245920893,Sama,2.0,1.835479,1225.63225352,1821.90023012,2252.61986022,237.567159441,2039.82654224,57.420575659,57.4205756604,3814956.96357,59.1285704337,59.128570433690825,197.36810245920893,,
62,"(97027.239644011, 756306.014505238)",186,62,616.357000521143,tetap,,3370935.21012,Pekalipan,Pulasaren,Hak Milik,00186,21.3982469624,Normal,3.0,Perumahan Menengah,3.0,Lokal Primer,1.0,6865,616.357000521143,Sama,2.0,1.835479,632.474239088,2078.94683289,2808.31925038,639.220712737,2149.33682326,100.387622434,100.387622436,3370935.21012,100.385784163,100.38578416280994,616.357000521143,,
63,"(96507.56312237613, 756099.2333171834)",457,63,172.94920091102534,tetap,,3814985.71114,Pekalipan,Pulasaren,Hak Milik,00457,16.3458048696,Hook,4.0,Perumahan Menengah,3.0,Lokal Setapak,1.0,7537,172.94920091102534,Sama,2.0,1.835479,1225.13164556,1821.40932117,2252.12895127,237.076250482,2039.32593428,53.6714477885,53.6714477909,3814985.71114,53.6694879291,53.66948792914089,172.94920091102534,,
64,"(96487.13600910227, 755883.5701332978)",135,64,36.4801652661866,tetap,,1480208.04059,Pekalipan,Pulasaren,Hak Milik,00135,4.37323210793,Normal,3.0,Perumahan Sederhana,2.0,Lokal Setapak,1.0,7329,36.4801652661866,Sama,2.0,1.835479,1479.61953672,1898.28452906,2139.5690451,562.185901054,1864.55923892,24.5657014054,24.5657014077,1480208.04059,24.4859177019,24.485917701898963,36.4801652661866,,
65,"(96413.57791771374, 755890.2716311328)",300,65,23.890545399083933,tetap,,1353655.23074,Pekalipan,Pulasaren,Hak Milik,00300,4.28834063131,Normal,3.0,Perumahan Sederhana,2.0,Lokal Setapak,1.0,7328,23.890545399083933,Sama,2.0,1.52,1606.85132451,1747.62218195,1988.90669799,689.413385267,1724.42632698,19.8853933098,19.8853933108,1353655.23074,19.8321713903,19.8321713902787,23.890545399083933,,
66,"(96497.03156218946, 755832.7844091665)",242,66,84.00065759751774,tetap,,5254531.50711,Pekalipan,Pulasaren,Hak Milik,00242,5.11438962608,Hook,4.0,Perumahan Mewah,4.0,Lokal Setapak,1.0,7416,84.00065759751774,Sama,2.0,1.835478594,1469.96014823,1734.72656024,1976.01107627,552.526663878,1681.98804625,40.8391970871,40.8391970873,5254531.50711,40.6922169168,40.69221691682496,84.00065759751774,,
67,"(96506.26268429049, 756213.7215485726)",52,67,86.69218935020501,tetap,,1829343.10235,Pekalipan,Pulasaren,Hak Milik,00052,6.13373625955,Normal,3.0,Perumahan Sederhana,2.0,Lokal Setapak,1.0,7177,86.69218935020501,Sama,2.0,0.8,1285.29560945,1811.90520725,2242.62483735,142.074743173,2144.03951619,41.5359743881,41.5359743886,1829343.10235,39.3579143857,39.35791438570917,86.69218935020501,,
68,"(96306.1221715822, 756054.2068940608)",827,68,81.39042810459837,tetap,,1500119.47206,Pekalipan,Pulasaren,Hak Milik,00827,8.15877419234,Hook,4.0,Perumahan Sederhana,2.0,Lokal Setapak,1.0,7526,81.39042810459837,Sama,2.0,2.0,1762.96215249,1606.02887168,2036.74850179,495.349220557,1871.8726034,36.13813666,36.1381366623,1500119.47206,36.2700450433,36.27004504327573,81.39042810459837,,
69,"(96496.52936295875, 756121.3780160793)",118,69,131.46271896376516,tetap,,3956565.40042,Pekalipan,Pulasaren,Kosong,00118,8.70300513785,Normal,3.0,Perumahan Menengah,3.0,Lokal Setapak,1.0,6712,131.46271896376516,Sama,2.0,1.835479,1256.13105826,1799.82990121,2230.54953131,192.747410419,2088.66720126,49.562463138,49.5624631366,3956565.40042,48.3080257338,48.30802573380191,131.46271896376516,,
70,"(96541.45112101216, 756359.2263152119)",93,70,193.3130017245333,tetap,,8463128.31143,Pekalipan,Pulasaren,Hak Milik,00093,5.2224853098,Normal,3.0,Perdagangan dan Jasa Kelas 1,7.0,Lokal Primer,3.0,6904,193.3130017245333,Sama,2.0,13.59,1042.06209806,1737.56380708,2168.28343718,266.175903843,2324.30739574,77.2646427449,77.2646427444,8463128.31143,80.5284405717,80.52844057172445,193.3130017245333,,
71,"(96410.55819370555, 755950.1709047426)",808,71,249.0673195080187,tetap,,1460081.03118,Pekalipan,Pulasaren,Hak Milik,00808,9.95700482282,Hook,4.0,Perumahan Sederhana,2.0,Lokal Setapak,1.0,7435,249.0673195080187,Sama,2.0,1.835479,1762.68512122,1663.26846959,2027.10128453,552.58881846,1762.62214609,41.1006246701,41.1006246692,1460081.03118,69.1551731442,69.15517314416643,249.0673195080187,,
72,"(96362.95886536545, 755990.5350064985)",1833,72,46.87893566151099,tetap,,1381292.62789,Pekalipan,Pulasaren,Hak Milik,01833,11.1802401992,Normal,3.0,Perumahan Sederhana,2.0,Lokal Setapak,1.0,7170,46.87893566151099,Sama,2.0,1.52,1498.38155474,1763.1472331,2004.43174914,580.947336741,1710.40945275,30.2458547051,30.2458547057,1381292.62789,29.7957131985,29.79571319852779,46.87893566151099,,
73,"(96517.34171883314, 756090.8620678908)",934,73,140.68762574131523,tetap,,3817403.11605,Pekalipan,Pulasaren,Hak Milik,00934,8.62145923199,Hook,4.0,Perumahan Menengah,3.0,Lokal Setapak,1.0,6716,140.68762574131523,Sama,2.0,1.835479,1198.77377647,1844.02396891,2274.74359901,220.881677171,2028.50029475,49.6005826334,49.600582638,3817403.11605,49.6964114305,49.69641143045709,140.68762574131523,,
74,"(96236.64147112807, 756177.7339285763)",221,74,50.39956429803308,tetap,,1488538.38026,Pekalipan,Pulasaren,Hak Milik,00221,4.21393863511,Normal,3.0,Perumahan Sederhana,2.0,Lokal Setapak,1.0,7855,50.39956429803308,Sama,2.0,1.835479,1571.59424501,1494.51135204,1925.23098215,383.831700919,2168.2169079,32.6789411229,32.6789411256,1488538.38026,32.2990669869,32.29906698690927,50.39956429803308,,
75,"(96369.16986515188, 756209.0203250451)",215,75,66.58853308753514,tetap,,1544959.2197,Pekalipan,Pulasaren,Hak Milik,00215,3.84399977445,Normal,3.0,Perumahan Sederhana,2.0,Lokal Setapak,1.0,7404,66.58853308753514,Sama,2.0,1.835479,1358.00254855,1646.71941446,2077.43904456,377.398608153,2272.84225901,40.5892096646,40.589209668,1544959.2197,44.222526062,44.222526061983196,66.58853308753514,,
76,"(96737.15488040324, 756373.0799629716)",249,76,110.15764957818054,tetap,,2185060.11027,Pekalipan,Pulasaren,Hak Milik,00249,5.79250911614,Normal,3.0,Perumahan Sederhana,2.0,Lokal Sekunder,2.0,6895,110.15764957818054,Sama,2.0,2.69,887.384931892,1942.86964287,2373.58927298,390.18114031,2302.7674132,51.9199174361,51.9199174362,2185060.11027,52.0002532274,52.00025322736804,110.15764957818054,,
77,"(96325.0071992587, 756108.0926324554)",1036,77,37.971125173458155,tetap,,1666041.13931,Pekalipan,Pulasaren,Hak Milik,01036,8.81695138112,Normal,3.0,Perumahan Sederhana,2.0,Lokal Setapak,1.0,7145,37.971125173458155,Sama,2.0,1.835479,1821.10549037,1619.86265831,2050.58228842,509.183007188,2096.45565565,35.32532771,35.3253277096,1666041.13931,28.2185972114,28.218597211357075,37.971125173458155,,
78,"(96525.50061430768, 756113.7469367449)",504,78,47.48859632338752,tetap,,1462871.66234,Pekalipan,Pulasaren,Hak Milik,00504,3.57998341444,Normal,3.0,Perumahan Sederhana,2.0,Lokal Setapak,1.0,6761,47.48859632338752,Sama,2.0,1.835479,1216.51502552,1879.04946076,2309.76909086,238.622311955,2063.52692473,30.1126981462,30.1126981447,1462871.66234,28.6956157145,28.695615714514886,47.48859632338752,,
79,"(96478.5452471701, 756201.5382441119)",16,79,34.96852088861563,tetap,,1786498.67789,Pekalipan,Pulasaren,Hak Milik,00016,3.03907142781,Hook,4.0,Perumahan Sederhana,2.0,Lokal Setapak,1.0,7275,34.96852088861563,Sama,2.0,1.835479,1306.01921544,1770.87098011,2201.59061021,170.818031416,2164.76312217,24.6373553056,24.637355302,1786498.67789,25.6375748203,25.63757482032689,34.96852088861563,,
80,"(96556.34451807012, 756152.3042159996)",322,80,164.86896323944862,tetap,,1593554.76914,Pekalipan,Pulasaren,Hak Milik,00322,7.38633148811,Normal,3.0,Perumahan Sederhana,2.0,Lokal Primer,1.0,7270,164.86896323944862,Sama,2.0,1.835479,1227.1512478,1823.90361994,2254.62325004,163.768431326,2085.89515454,37.4772530158,37.4772530146,1593554.76914,53.8898932259,53.8898932259248,164.86896323944862,,
81,"(96519.43720395865, 756160.2719754039)",898,81,80.0188073698809,tetap,,2625305.02357,Pekalipan,Pulasaren,Hak Milik,00898,5.09553020828,Normal,3.0,Perumahan Sederhana,2.0,Lokal Setapak,1.0,7378,80.0188073698809,Sama,2.0,3.41,1281.82493072,1780.09747072,2210.81710082,159.641856066,2131.46206177,37.7331337252,37.7331337259,2625305.02357,39.8315770677,39.831577067722286,80.0188073698809,,
82,"(96751.32052924989, 756369.0360354892)",248,82,73.47422860663714,tetap,,1311480.19555,Pekalipan,Pulasaren,Hak Milik,00248,6.78678963453,Normal,3.0,Perumahan Sederhana,2.0,Lokal Setapak,1.0,6962,73.47422860663714,Sama,2.0,1.835478594,919.051426745,1974.53497371,2405.25460381,421.846471152,2314.1836646,35.6905143745,35.6905143771,1311480.19555,34.7358583858,34.735858385838924,73.47422860663714,,
83,"(96363.33073228525, 756249.5590507465)",546,83,153.28481202494393,tetap,,2409656.92144,Pekalipan,Pulasaren,Hak Milik,00546,20.4071436598,Normal,3.0,Perumahan Sederhana,2.0,Lokal Setapak,1.0,7549,153.28481202494393,Sama,2.0,1.835479,1319.99750385,1666.91302897,2097.63265907,348.853129913,2297.0301471,103.569478721,103.569478721,2409656.92144,57.8874468708,57.887446870826054,153.28481202494393,,
84,"(96419.60369484616, 756281.8357430559)",36,84,74.51908174665738,tetap,,1139326.31909,Pekalipan,Pulasaren,Hak Milik,00036,4.74978439318,Normal,3.0,Perumahan Sederhana,2.0,Lokal Setapak,1.0,7454,74.51908174665738,Sama,2.0,1.64,1317.17236589,1664.08778349,2094.8074136,278.049589569,2280.01869089,43.2615140633,43.2615140655,1139326.31909,44.9734545045,44.9734545045233,74.51908174665738,,
85,"(96858.81591005139, 756292.2682465758)",1028,7140,422.93385987211013,update,0,,,,,,,,,,,,,,422.93385987211013,,,,,,,,,,,,,82.29334825882972,422.93385987211013,Segi Empat Beraturan,4.0
86,"(96506.07974388657, 756075.0073736457)",685,86,95.98554597613558,tetap,,3761740.12055,Pekalipan,Pulasaren,Hak Milik,00685,3.46534386966,Tusuk Sate,2.0,Perumahan Menengah,3.0,Lokal Setapak,1.0,7016,95.98554597613558,Sama,2.0,1.835479,1263.75245567,1806.07154675,2236.79117686,305.66505521,2028.05695183,38.1668242598,38.1668242626,3761740.12055,44.3158341472,44.315834147249255,95.98554597613558,,
87,"(96291.64025144186, 756035.9117521686)",800,87,92.53238293364562,tetap,,1520793.98652,Pekalipan,Pulasaren,Hak Milik,00800,10.2542537485,Normal,3.0,Perumahan Sederhana,2.0,Lokal Setapak,1.0,7531,92.53238293364562,Sama,2.0,1.835479,1778.90567904,1644.84724775,2075.56687785,534.167596617,1827.668694,38.6615785363,38.6615785379,1520793.98652,38.5228128829,38.522812882897824,92.53238293364562,,
88,"(96383.0658207093, 755934.7174323449)",810,88,105.87437150600223,tetap,,1337534.54226,Pekalipan,Pulasaren,Hak Milik,00810,9.92818388784,Hook,4.0,Perumahan Sederhana,2.0,Lokal Setapak,1.0,7423,105.87437150600223,Sama,2.0,1.835479,1640.04981893,1757.85740871,1999.14192474,654.976090037,1734.66187916,41.4278369292,41.4278369305,1337534.54226,41.4367711744,41.436771174390444,105.87437150600223,,
89,"(96426.64354846378, 756341.27648462)",235,89,103.28875498008789,tetap,,8663848.87877,Pekalipan,Pulasaren,Hak Milik,00235,5.76690618058,Normal,3.0,Perdagangan dan Jasa Kelas 1,7.0,Lokal Primer,1.0,6932,103.28875498008789,Sama,2.0,2.08,1159.11816349,1622.85560886,2053.57523897,352.25137164,2354.22252304,53.5666578954,53.5666578927,8663848.87877,53.2307751264,53.2307751263671,103.28875498008789,,
90,"(96387.48055144616, 755827.1063442208)",845,90,36.28407659823568,tetap,,1530611.55957,Pekalipan,Pulasaren,Hak Milik,00845,8.78707411541,Normal,3.0,Perumahan Sederhana,2.0,Lokal Setapak,1.0,7525,36.28407659823568,Sama,2.0,1.52,1709.19400139,1507.95473726,1938.67436736,397.275086125,1981.09444434,25.9483265946,25.9483265945,1530611.55957,24.822230187,24.822230187041733,36.28407659823568,,
91,"(96732.67521476405, 756263.541893984)",835,91,67.55563554122595,tetap,,1291179.94012,Pekalipan,Pulasaren,Hak Milik,00835,6.79968845061,Normal,3.0,Perumahan Sederhana,2.0,Lokal Setapak,1.0,7444,67.55563554122595,Sama,2.0,1.835479,1693.13428126,1642.19285652,1883.47737255,714.375118193,1618.99349118,40.6518122616,40.651812264,1291179.94012,41.758804426,41.75880442600469,67.55563554122595,,
92,"(97018.28558501211, 756357.5247320236)",431,92,871.2831249633385,tetap,,3368201.77752,Pekalipan,Pulasaren,Hak Milik,00431,18.3469008198,Normal,3.0,Perumahan Menengah,3.0,Lokal Primer,1.0,7129,871.2831249633385,Sama,2.0,6.19,619.652433628,2036.2424793,2765.61489679,596.516359145,2209.50184673,132.534608777,132.534608779,3368201.77752,132.533913024,132.53391302352134,871.2831249633385,,
93,"(96445.38518321734, 755841.4562047253)",861,93,254.6504689599257,tetap,,1356001.0708,Pekalipan,Pulasaren,Hak Milik,00861,7.06997041388,Normal,3.0,Perumahan Sederhana,2.0,Lokal Setapak,1.0,7357,254.6504689599257,Sama,2.0,1.835478594,1535.35062767,1736.5024231,1977.78693913,617.915402545,1689.0301778,73.6072504023,73.6072504027,1356001.0708,74.1685133209,74.16851332087438,254.6504689599257,,
94,"(96440.46750347897, 756233.9890826024)",761,94,104.64622000478974,tetap,,1700686.53526,Pekalipan,Pulasaren,Hak Milik,00761,9.49485492094,Normal,3.0,Perumahan Sederhana,2.0,Lokal Setapak,1.0,6985,104.64622000478974,Sama,2.0,1.835479,1348.08967636,1709.51850673,2140.23813683,229.10008093,2225.19191846,41.1672428976,41.167242893,1700686.53526,41.1659829508,41.16598295081891,104.64622000478974,,
95,"(96540.82594926404, 756283.6956633498)",424,95,153.00007482230862,tetap,,9600615.41358,Pekalipan,Pulasaren,Hak Milik,00424,7.92144470486,Hook,4.0,Perdagangan dan Jasa Kelas 1,7.0,Lokal Setapak,1.0,6965,153.00007482230862,Sama,2.0,0.81,1131.61477297,1908.41369057,2339.13332067,172.38511732,2290.70489346,48.904574337,48.9045743353,9600615.41358,49.0124926629,49.012492662875744,153.00007482230862,,
96,"(96369.4805373241, 755995.0942960468)",803,96,120.1532365477879,tetap,,1468761.19283,Pekalipan,Pulasaren,Hak Milik,00803,10.7056604843,Normal,3.0,Perumahan Sederhana,2.0,Lokal Setapak,1.0,7491,120.1532365477879,Sama,2.0,1.52,1700.12088156,1704.51217686,2076.56659828,593.832525739,1812.08907885,44.2792388872,44.2792388864,1468761.19283,43.8993323585,43.89933235853948,120.1532365477879,,
97,"(96444.80205814973, 756133.2189230337)",583,97,113.60289883741814,tetap,,1427815.59618,Pekalipan,Pulasaren,Hak Milik,00583,10.7601673781,Normal,3.0,Perumahan Sederhana,2.0,Lokal Setapak,1.0,7477,113.60289883741814,Sama,2.0,3.41,1320.28800339,1728.57373213,2159.29336224,208.017261924,2134.48229211,43.3583198826,43.3583198845,1427815.59618,42.6854897595,42.685489759529744,113.60289883741814,,
98,"(96735.77109001337, 756245.0632567684)",620,98,501.20003667898374,tetap,,2436807.52253,Pekalipan,Pulasaren,Hak Milik,00620,4.87009167619,Normal,3.0,Perumahan Sederhana,2.0,Lokal Sekunder,2.0,6850,501.20003667898374,Sama,2.0,2.69,1018.21889831,2073.69958762,2504.41921772,412.805054628,2184.9501859,112.728876132,112.728876128,2436807.52253,110.733765,110.73376499957955,501.20003667898374,,
99,"(96639.18443527466, 756254.281183009)",65,99,105.60666743111577,tetap,,1808238.81205,Pekalipan,Pulasaren,Hak Milik,00065,4.68725304787,Normal,3.0,Perumahan Sederhana,2.0,Lokal Setapak,1.0,6921,105.60666743111577,Sama,2.0,1.37,1165.72316345,1917.6908029,2348.410433,72.1404347147,2190.45635707,46.6440666082,46.6440666018,1808238.81205,43.3927012689,43.392701268880295,105.60666743111577,,
100,"(96771.1738527531, 756275.708858594)",543,100,287.0592026934612,tetap,,1549847.57934,Pekalipan,Pulasaren,Hak Milik,00543,5.51811187491,Normal,3.0,Perumahan Sederhana,2.0,Lokal Setapak,1.0,6659,287.0592026934612,Sama,2.0,1.835479,1034.1219815,2098.06596662,2528.78559672,481.315572361,2253.46304394,59.3661628184,59.3661628178,1549847.57934,73.8801424143,73.88014241431601,287.0592026934612,,
101,"(96410.6218119873, 756326.2024027403)",175,101,85.03091999211185,tetap,,10586688.5726,Pekalipan,Pulasaren,Hak Milik,00175,5.65328113494,Normal,3.0,Perdagangan dan Jasa Kelas 1,7.0,Lokal Setapak,1.0,6919,85.03091999211185,Sama,2.0,2.08,1193.80032341,1610.30417254,2041.02380265,386.932771544,2344.06999002,36.0030746909,36.0030746913,10586688.5726,37.074057134,37.074057134036046,85.03091999211185,,
102,"(96567.12886743683, 756322.9732525466)",37,102,42.39076524867218,tetap,,1478433.06992,Pekalipan,Pulasaren,Hak Milik,00037,8.12864511581,Normal,3.0,Perumahan Sederhana,2.0,Lokal Setapak,1.0,7042,42.39076524867218,Sama,2.0,1.31,1062.28619397,1839.08780394,2269.80743404,166.165869005,2284.48496101,25.3262402497,25.3262402484,1478433.06992,26.9484077354,26.948407735399613,42.39076524867218,,
103,"(96350.76092515064, 756188.5298466833)",224,103,304.7724252769284,tetap,,2476724.11773,Pekalipan,Pulasaren,Hak Milik,00224,14.0729244795,Hook,4.0,Perumahan Sederhana,2.0,Lokal Setapak,1.0,7301,304.7724252769284,Sama,2.0,1.835479,1380.32762017,1617.65608354,2048.37571364,348.33527724,2243.77801061,70.4435964232,70.4435964252,2476724.11773,70.9638257598,70.96382575982236,304.7724252769284,,
104,"(96575.62886896072, 756320.3871576778)",510,104,265.42732045401027,tetap,,1482999.29569,Pekalipan,Pulasaren,Hak Milik,00510,17.4820140509,Normal,3.0,Perumahan Sederhana,2.0,Lokal Setapak,1.0,7076,265.42732045401027,Sama,2.0,1.31,1060.2748569,1837.07638981,2267.79601991,152.903903353,2271.22289846,77.6204017793,77.6204017739,1482999.29569,77.3661318174,77.3661318174052,265.42732045401027,,
105,"(96775.923331968, 756326.8816413804)",369,105,77.86017993431747,tetap,,1478089.40472,Pekalipan,Pulasaren,Hak Milik,00369,12.441377789,Normal,3.0,Perumahan Sederhana,2.0,Lokal Setapak,1.0,7114,77.86017993431747,Sama,2.0,1.85,999.395837289,2058.48932832,2489.20895842,505.800825756,2297.75944122,38.4489976219,38.4489976231,1478089.40472,36.106916239,36.10691623895656,77.86017993431747,,
106,"(96377.5011652799, 756257.5689685893)",95,106,33.94879969635043,tetap,,2394325.5891,Pekalipan,Pulasaren,Hak Milik,00095,3.51728499373,Normal,3.0,Perumahan Sederhana,2.0,Lokal Setapak,1.0,6973,33.94879969635043,Sama,2.0,1.835479,1302.55684323,1649.47257047,2080.19220057,331.412671412,2279.58948648,22.3213838297,22.3213838255,2394325.5891,25.4890913651,25.489091365132616,33.94879969635043,,
107,"(96394.70491649475, 756239.7201723739)",124,107,127.83480884667976,tetap,,3796990.3778,Pekalipan,Pulasaren,Hak Milik,00124,8.59516284933,Hook,4.0,Perumahan Menengah,3.0,Lokal Setapak,1.0,7474,127.83480884667976,Sama,2.0,1.835479,1342.04614229,1688.96057958,2119.68020968,278.651069331,2223.71901338,48.8163317143,48.8163317093,3796990.3778,50.0412931114,50.041293111403995,127.83480884667976,,
108,"(96590.92212658584, 756205.0267585202)",1825,108,108.7942297483877,tetap,,1609638.73012,Pekalipan,Pulasaren,Hak Milik,01825,4.0968447269,Normal,3.0,Perumahan Sederhana,2.0,Lokal Setapak,1.0,6630,108.7942297483877,Sama,2.0,1.835479,1219.12569471,1906.69003728,2337.40966738,32.5672952553,2103.69797437,45.8096611868,45.8096611937,1609638.73012,52.0360749098,52.03607490976326,108.7942297483877,,
109,"(96266.522483256, 756268.8764720359)",155,109,35.49830500321526,tetap,,1259585.04906,Pekalipan,Pulasaren,Hak Milik,00155,3.31392406025,Normal,3.0,Perumahan Sederhana,2.0,Lokal Setapak,1.0,6977,35.49830500321526,Sama,2.0,1.835478594,1375.68188426,1491.84929692,1922.56892703,381.169645791,2225.61203893,29.2326692,29.2326691966,1259585.04906,28.9146015247,28.914601524659016,35.49830500321526,,
110,"(96502.28519200222, 756110.5026072949)",831,110,132.62218100477438,tetap,,3843262.24598,Pekalipan,Pulasaren,Hak Milik,00831,9.31581631965,Normal,3.0,Perumahan Menengah,3.0,Lokal Setapak,1.0,7510,132.62218100477438,Sama,2.0,1.835479,1239.42563425,1811.32477002,2242.04440012,226.99169934,2053.61992297,47.9107118673,47.9107118716,3843262.24598,47.496548765,47.49654876503719,132.62218100477438,,
111,"(96456.03949077209, 755829.183391975)",712,111,132.42118044270833,tetap,,1349451.17541,Pekalipan,Pulasaren,Hak Milik,00712,11.7050036079,Normal,3.0,Perumahan Sederhana,2.0,Lokal Setapak,1.0,7485,132.42118044270833,Sama,2.0,1.835478594,1513.93570108,1715.08793315,1956.37244918,596.500912599,1667.61525121,45.7905881932,45.7905881943,1349451.17541,46.0360512436,46.03605124361713,132.42118044270833,,
112,"(96365.29136763187, 755920.9848362386)",811,112,107.01741596405964,tetap,,1344338.75425,Pekalipan,Pulasaren,Hak Milik,00811,9.35350007731,Hook,4.0,Perumahan Sederhana,2.0,Lokal Setapak,1.0,7421,107.01741596405964,Sama,2.0,1.835479,1638.03207677,1752.10238083,1997.12433758,641.422729699,1732.644137,40.9924753011,40.9924753022,1344338.75425,41.5613836607,41.56138366070559,107.01741596405964,,
113,"(96421.55896989779, 756194.1541034834)",257,113,122.99095502443333,tetap,,1744979.09533,Pekalipan,Pulasaren,Hak Milik,00257,10.6117361084,Normal,3.0,Perumahan Sederhana,2.0,Lokal Setapak,1.0,7347,122.99095502443333,Sama,2.0,1.835479,1338.25689893,1735.90138317,2166.62101328,215.351316449,2200.576911,44.3994077772,44.3994077803,1744979.09533,44.1433200238,44.14332002383446,122.99095502443333,,
114,"(96468.40241217396, 756262.8285510336)",553,114,119.39825983825382,tetap,,2438314.017,Pekalipan,Pulasaren,Hak Milik,00553,5.88224284136,Normal,3.0,Perumahan Sederhana,2.0,Lokal Setapak,1.0,7412,119.39825983825382,Sama,2.0,1.64,1316.27158251,1746.79680318,2177.51643328,197.283174747,2199.24965459,45.3807414577,45.3807414578,2438314.017,52.6650218083,52.66502180834674,119.39825983825382,,
115,"(96835.62949114543, 756381.5738876021)",270,115,1057.8880841790585,tetap,,8007859.4486,Pekalipan,Pulasaren,Hak Milik,00270,18.3744503404,Normal,3.0,Perdagangan dan Jasa Kelas 1,7.0,Lokal Sekunder,2.0,6774,1057.8880841790585,Sama,2.0,1.835479,762.183972276,2001.86083615,2526.63620923,442.281184001,2352.3654803,142.79051732,142.790517318,8007859.4486,143.694512828,143.69451282764868,1057.8880841790585,,
116,"(96469.42103966628, 755838.6328132943)",859,116,103.79171813953269,tetap,,1352474.12394,Pekalipan,Pulasaren,Hak Milik,00859,8.85666742172,Normal,3.0,Perumahan Sederhana,2.0,Lokal Setapak,1.0,7415,103.79171813953269,Sama,2.0,1.835478594,1520.56615433,1721.71816213,1963.00267817,603.131141575,1674.24570446,42.5929418177,42.5929418189,1352474.12394,41.8743515564,41.87435155638714,103.79171813953269,,
117,"(96357.056149588, 756062.7500879108)",985,117,12.30688286477691,tetap,,1493568.46458,Pekalipan,Pulasaren,Kosong,00985,7.14937228383,Normal,3.0,Perumahan Sederhana,2.0,Lokal Setapak,1.0,7750,12.30688286477691,Sama,2.0,2.0,1818.81370818,1653.01792626,2083.73755636,542.338275126,1923.5648856,30.7296668533,30.7296668529,1493568.46458,14.0725435614,14.072543561413905,12.30688286477691,,
118,"(96382.26919438221, 756218.9554416753)",125,118,70.81324078666606,tetap,,1634128.97682,Pekalipan,Pulasaren,Hak Milik,00125,7.12207476038,Normal,3.0,Perumahan Sederhana,2.0,Lokal Setapak,1.0,7303,70.81324078666606,Sama,2.0,1.835479,1356.83549457,1703.74950981,2134.46913992,293.439999566,2238.50836566,31.7029194556,31.7029194543,1634128.97682,34.1916852856,34.19168528558427,70.81324078666606,,
119,"(96525.45654325046, 756144.0010941812)",875,119,117.21179267061406,tetap,,1598574.65223,Pekalipan,Pulasaren,Hak Milik,00875,9.55421117275,Normal,3.0,Perumahan Sederhana,2.0,Lokal Setapak,1.0,7482,117.21179267061406,Sama,2.0,1.835479,1217.52916726,1832.92121777,2263.64084788,154.146716699,2076.27307399,40.0307326327,40.0307326323,1598574.65223,43.4281503859,43.42815038585601,117.21179267061406,,
120,"(96418.99627030901, 756242.3987316212)",743,120,67.82845438649812,tetap,,3837923.80949,Pekalipan,Pulasaren,Hak Milik,00743,15.2817586192,Tusuk Sate,2.0,Perumahan Menengah,3.0,Lokal Setapak,1.0,7063,67.82845438649812,Sama,2.0,1.835479,1349.42352159,1696.33789442,2127.05752453,248.640984514,2212.0107574,44.2661063717,44.2661063718,3837923.80949,43.2870755111,43.287075511107176,67.82845438649812,,
121,"(96205.38121788624, 756275.4217250813)",783,121,176.78953958312724,tetap,,1282434.08043,Pekalipan,Pulasaren,Kosong,01778,0.0,Normal,0.0,Perumahan Sederhana,0.0,Lokal Setapak,1.0,0,176.78953958312724,Sama,0.0,1.835478594,0.0,0.0,0.0,0.0,0.0,0.0,0.0,0.0,53.7237278728,53.72797279215819,176.78953958312724,,
122,"(96286.74805074127, 756241.4700412734)",139,122,50.296707938532734,tetap,,1462837.01192,Pekalipan,Pulasaren,Hak Milik,00139,11.8362014522,Normal,3.0,Perumahan Sederhana,2.0,Lokal Setapak,1.0,6691,50.296707938532734,Sama,2.0,1.835478594,1439.93656457,1530.54399381,1961.26362392,416.88282646,2264.30776901,31.877976407,31.8779764114,1462837.01192,32.327163264,32.32716326402361,50.296707938532734,,
123,"(96387.7025385108, 756174.4625989744)",978,123,174.63960906692483,tetap,,1375613.10719,Pekalipan,Pulasaren,Hak Milik,00978,6.14960898337,Normal,3.0,Perumahan Sederhana,2.0,Lokal Setapak,1.0,7847,174.63960906692483,Sama,2.0,1.835479,1499.12815684,1388.40860219,1819.12823229,277.728951061,2055.60009101,34.8467089648,34.8467089686,1375613.10719,76.0890733655,76.08907336554631,174.63960906692483,,
124,"(96479.02921701442, 756304.4656080224)",376,124,91.78146002393738,tetap,,2249210.54488,Pekalipan,Pulasaren,Hak Guna Bangunan,00376,6.05036498545,Normal,3.0,Perumahan Sederhana,2.0,Lokal Primer,3.0,6803,91.78146002393738,Sama,2.0,12.785432656,1166.32577113,1774.68598931,2205.40561941,237.305939221,2239.27275842,39.4769326297,39.4769326279,2249210.54488,41.6883912951,41.688391295105305,91.78146002393738,,
125,"(96353.1831407945, 755999.8617387159)",802,125,85.00038520547056,tetap,,1442783.9431,Pekalipan,Pulasaren,Hak Milik,00802,9.8985373277,Hook,4.0,Perumahan Sederhana,2.0,Lokal Setapak,1.0,7395,85.00038520547056,Sama,2.0,1.26,1689.24523766,1679.31407411,2065.69135706,568.634422978,1801.21343495,36.9038130123,36.9038130106,1442783.9431,36.9333200954,36.93332009541013,85.00038520547056,,
126,"(96387.81614234805, 756257.0268638368)",409,126,142.51409286967927,tetap,,3731139.25373,Pekalipan,Pulasaren,Hak Milik,00409,12.2248568097,Normal,3.0,Perumahan Menengah,3.0,Lokal Setapak,1.0,6725,142.51409286967927,Sama,2.0,3.78,1301.06605208,1647.98192153,2078.70155163,293.987647349,2239.0560052,46.2180272511,46.218027253,3731139.25373,47.7470846678,47.747084667817695,142.51409286967927,,
127,"(96760.52891989758, 756316.821885244)",397,127,65.94337601247823,tetap,,1198553.86206,Pekalipan,Pulasaren,Hak Milik,00397,5.40757260581,Normal,3.0,Perumahan Sederhana,2.0,Lokal Setapak,1.0,6978,65.94337601247823,Sama,2.0,1.85,979.189306358,2034.67080583,2465.39043593,481.982303271,2273.94057802,30.1862407857,30.1862407873,1198553.86206,34.5503073338,34.550307333778626,65.94337601247823,,
128,"(96474.04240262552, 756264.0682420192)",412,128,117.89228180257987,tetap,,2438504.95026,Pekalipan,Pulasaren,Hak Guna Bangunan,00412,6.13749118475,Normal,3.0,Perumahan Sederhana,2.0,Lokal Setapak,1.0,6732,117.89228180257987,Sama,2.0,1.64,1313.32400722,1749.0218525,2179.7414826,194.335707585,2196.30207929,45.3035791158,45.3035791152,2438504.95026,53.1543508932,53.154350893231,117.89228180257987,,
129,"(96357.99665600609, 755846.9598768767)",897,129,81.91866336782465,tetap,,1272849.6283,Pekalipan,Pulasaren,Hak Milik,00897,5.39690267445,Normal,3.0,Perumahan Sederhana,2.0,Lokal Setapak,1.0,7352,81.91866336782465,Sama,2.0,1.52,1664.68822054,1638.19563015,1879.48014619,710.377891832,1614.99603982,37.8634444938,37.8634444946,1272849.6283,39.8025344497,39.802534449717555,81.91866336782465,,
130,"(96908.06532834742, 756194.3101320422)",0,130,0.0,tetap,0,0.0,Pekalipan,Pulasaren,Hak Milik, ,4.72437333462,Hook,4.0,Perumahan Menengah,3.0,Lokal Sekunder,2.0,7165,98.6417822011653,Sama,2.0,1.835479,811.648734175,2178.33730415,2650.67536848,498.392493262,2131.15139048,49.7518548522,49.751854853,3743531.50375,49.9959727651,49.99597276508855,98.6417822011653,,
131,"(96770.9656081394, 756235.545823803)",407,131,74.85686232443071,tetap,,1461048.91776,Pekalipan,Pulasaren,Hak Milik,00407,8.30992206079,Normal,3.0,Perumahan Sederhana,2.0,Lokal Setapak,1.0,7141,74.85686232443071,Sama,2.0,1.835479,990.111584514,2127.7902551,2558.5098852,442.256739167,2214.40319242,42.0826504136,42.0826504068,1461048.91776,40.2905629545,40.29056295445729,74.85686232443071,,
132,"(96499.54200657492, 756188.7701426356)",102,132,64.19352861077172,tetap,,1814467.59402,Pekalipan,Pulasaren,Hak Milik,00102,3.43264005955,Normal,3.0,Perumahan Sederhana,2.0,Lokal Setapak,1.0,7273,64.19352861077172,Sama,2.0,1.835479,1275.36430638,1814.09056714,2244.81019724,153.181460194,2134.10821312,40.4422043455,40.442204342,1814467.59402,38.6013093976,38.601309397604155,64.19352861077172,,
133,"(96545.12673357151, 756125.333794372)",226,133,78.96160231340683,tetap,,1781888.90461,Pekalipan,Pulasaren,Hak Milik,00226,7.13916913389,Normal,3.0,Perumahan Sederhana,2.0,Lokal Setapak,1.0,7536,78.96160231340683,Sama,2.0,1.835479,1213.05454287,1863.18201933,2293.90164943,149.672626279,2071.79844961,36.3601358668,36.3601358675,1781888.90461,36.4049738994,36.404973899417044,78.96160231340683,,
134,"(96704.42153968179, 756348.8323116292)",662,134,54.87803069943043,tetap,,1279344.70405,Pekalipan,Pulasaren,Hak Milik,00662,8.22319533084,Normal,3.0,Perumahan Sederhana,2.0,Lokal Sekunder,2.0,7251,54.87803069943043,Sama,2.0,2.69,915.256643813,1970.74057647,2401.46020657,418.052073906,2284.18516332,48.0804979177,48.0804979171,1279344.70405,29.2059206171,29.205920617113822,54.87803069943043,,
135,"(96414.25810450596, 756190.6302264632)",993,135,69.79349589435296,tetap,,1673852.44068,Pekalipan,Pulasaren,Hak Milik,00993,5.02117717346,Normal,3.0,Perumahan Sederhana,2.0,Lokal Setapak,1.0,7907,69.79349589435296,Sama,2.0,1.835479,1381.05134036,1688.09945699,2118.8190871,263.542354924,2195.24562909,35.103489886,35.1034898849,1673852.44068,35.5209855999,35.52098559987869,69.79349589435296,,
136,"(96372.24153061061, 756211.471503891)",977,136,55.628230690193234,tetap,,1379643.10896,Pekalipan,Pulasaren,Hak Milik,00977,8.71899540792,Normal,3.0,Perumahan Sederhana,2.0,Lokal Setapak,1.0,7903,55.628230690193234,Sama,2.0,1.835479,1506.53909877,1381.11681445,1811.83644456,270.437163321,2048.30802684,40.1912741995,40.1912741992,1379643.10896,36.8525287701,36.85252877007146,55.628230690193234,,
137,"(96762.8085308571, 756246.4297280454)",59,137,151.83216987133213,tetap,,1490759.04478,Pekalipan,Pulasaren,Hak Milik,00059,7.00130517258,Normal,3.0,Perumahan Sederhana,2.0,Lokal Setapak,1.0,6856,151.83216987133213,Sama,2.0,1.835479,1031.10879792,2086.58862166,2517.30825176,469.838227406,2241.98566383,82.5958546018,82.5958546035,1490759.04478,76.4801264531,76.48012645314208,151.83216987133213,,
138,"(96351.06184732907, 756264.0423510176)",544,138,138.88358986429915,tetap,,2686874.22986,Pekalipan,Pulasaren,Hak Milik,00544,3.517038237,Normal,3.0,Perumahan Sederhana,2.0,Lokal Setapak,1.0,7276,138.88358986429915,Sama,2.0,1.835479,1315.51264317,1662.42846593,2093.14809603,344.36856687,2292.54528643,85.4968207464,85.4968207445,2686874.22986,76.0648300843,76.06483008432888,138.88358986429915,,
139,"(96496.05628103511, 755861.7496178335)",880,139,53.706944242037004,tetap,,1369169.86313,Pekalipan,Pulasaren,Hak Milik,00880,5.04992645584,Normal,3.0,Perumahan Sederhana,2.0,Lokal Setapak,1.0,7508,53.706944242037004,Sama,2.0,1.835478594,1508.34994517,1773.11520822,2014.39972426,590.915311864,1720.37784318,32.7008386871,32.700838688,1369169.86313,34.2568422307,34.25684223071918,53.706944242037004,,
140,"(96539.8678814433, 756180.1783177624)",148,140,233.8790108010499,tetap,,9574022.32313,Pekalipan,Pulasaren,Hak Milik,00148,7.92952485643,Hook,4.0,Perdagangan dan Jasa Kelas 1,7.0,Lokal Primer,1.0,6791,233.8790108010499,Sama,2.0,3.41,1222.46417873,1833.52257488,2264.24220499,100.283001072,2081.20808547,79.0218400893,79.0218400887,9574022.32313,76.4830799346,76.4830799346264,233.8790108010499,,
141,"(96351.65257673344, 756237.9165483896)",0,141,0.0,tetap,0,0.0,Pekalipan,Pulasaren,Hak Milik, ,15.7910013442,Normal,3.0,Perumahan Sederhana,2.0,Lokal Setapak,1.0,6692,215.9376313701771,Sama,2.0,1.835479,1340.05229125,1659.02301037,2089.74264047,368.907052508,2285.14622406,88.2445794094,88.2445794094,2400854.6664,74.2919419572,74.29194195719249,215.9376313701771,,
142,"(96445.92796635652, 756223.2296015738)",488,142,113.46598201043422,tetap,,1737413.67873,Pekalipan,Pulasaren,Hak Milik,00488,8.27515903192,Normal,3.0,Perumahan Sederhana,2.0,Lokal Setapak,1.0,7154,113.46598201043422,Sama,2.0,1.835479,1343.87503933,1731.55706908,2162.27669918,220.96930928,2196.23246901,43.4715313379,43.4715313357,1737413.67873,43.4723525228,43.47235252275839,113.46598201043422,,
143,"(96514.32261304188, 756126.51712458)",336,143,43.48453643725257,tetap,,1478653.65383,Pekalipan,Pulasaren,Hak Milik,00336,7.45408855168,Hook,4.0,Perumahan Sederhana,2.0,Lokal Setapak,1.0,7905,43.48453643725257,Sama,2.0,1.835479,1695.2479269,1494.00883518,1924.72846528,383.329184056,1931.4423165,45.4562346887,45.4562346844,1478653.65383,27.4500279166,27.45002791660479,43.48453643725257,,
144,"(96703.71534116173, 756355.529683077)",0,144,0.0,tetap,0,0.0,Pekalipan,Pulasaren,Hak Milik, ,4.28868065939,Normal,3.0,Perumahan Sederhana,2.0,Lokal Sekunder,2.0,7131,48.476394506942285,Sama,2.0,2.69,909.970937347,1965.45512944,2396.17475954,412.766626877,2297.67316854,24.0119764064,24.0119764045,1265896.0693,31.4115497851,31.411549785107702,48.476394506942285,,
145,"(96394.5780517853, 755818.3155787041)",842,145,103.6238472630286,tetap,,1471219.52348,Pekalipan,Pulasaren,Hak Milik,00842,10.37360713,Normal,3.0,Perumahan Sederhana,2.0,Lokal Setapak,1.0,7507,103.6238472630286,Sama,2.0,1.52,1712.60594804,1511.36640786,1942.08603796,400.686756734,1964.90965953,41.0254394436,41.0254394421,1471219.52348,41.4982632566,41.49826325655732,103.6238472630286,,
146,"(96876.816075168, 756227.1506991821)",415,146,415.2472786263007,tetap,,2605514.33491,Pekalipan,Pulasaren,Hak Milik,00415,15.9340808547,Hook,4.0,Perumahan Sederhana,2.0,Lokal Sekunder,1.0,7021,415.2472786263007,Sama,2.0,1.835479,880.111986034,2151.54425446,2672.21572111,528.880444214,2199.61464233,83.1741232827,83.1741232798,2605514.33491,83.7694080538,83.76940805377018,415.2472786263007,,
147,"(96769.41231129345, 756186.8216161362)",921,147,126.09548141000528,tetap,,1654588.80801,Pekalipan,Pulasaren,Hak Milik,00921,10.0130234636,Normal,3.0,Perumahan Sederhana,2.0,Lokal Setapak,1.0,7570,126.09548141000528,Sama,2.0,1.835479,1409.12461641,1661.21800532,2091.93763542,291.614757011,2223.31890513,61.6541850025,61.6541850033,1654588.80801,46.524599081,46.524599081012695,126.09548141000528,,
148,"(96612.02377005629, 756240.91400084)",965,148,160.4403719135429,tetap,,1934624.97545,Pekalipan,Pulasaren,Hak Milik,00965,5.87196994822,Normal,3.0,Perumahan Sederhana,2.0,Lokal Setapak,1.0,8069,160.4403719135429,Sama,2.0,1.835479,1154.32716331,1906.29438321,2337.01401331,40.4784945307,2158.79408229,37.0388017954,37.0388017925,1934624.97545,57.5833095679,57.58330956785519,160.4403719135429,,
149,"(96566.12223297445, 756311.6242678041)",251,149,31.81129844897556,tetap,,1641073.81736,Pekalipan,Pulasaren,Hak Milik,00251,3.75119463227,Normal,3.0,Perumahan Sederhana,2.0,Lokal Setapak,1.0,6737,31.81129844897556,Sama,2.0,0.81,1119.14426814,1895.94393609,2326.66356619,159.915362839,2278.23438863,26.2865006918,26.2865006871,1641073.81736,25.7884237801,25.78842378010826,31.81129844897556,,
150,"(96512.88664352466, 756283.8562820615)",746,150,120.03587921841051,tetap,,9503203.53567,Pekalipan,Pulasaren,Hak Milik,00746,6.43518809785,Normal,3.0,Perdagangan dan Jasa Kelas 1,7.0,Lokal Primer,3.0,7034,120.03587921841051,Sama,2.0,12.785432656,1173.44509493,1781.80425244,2212.52388254,181.949683508,2183.91550918,53.8079904385,53.8079904367,9503203.53567,49.9076702367,49.90767023669983,120.03587921841051,,
151,"(96464.4559411532, 755854.0531876931)",105,151,92.83295814604921,tetap,,1353855.44806,Pekalipan,Pulasaren,Hak Milik,00105,7.54330172378,Normal,3.0,Perumahan Sederhana,2.0,Lokal Setapak,1.0,7521,92.83295814604921,Sama,2.0,1.835478594,1536.59957659,1737.75116114,1979.03567717,619.16414059,1690.27912672,38.665407028,38.6654070321,1353855.44806,39.2330517402,39.233051740240576,92.83295814604921,,
152,"(96295.99058294759, 756066.0469456597)",204,152,138.43392114730256,tetap,,1510353.461,Pekalipan,Pulasaren,Hak Milik,00204,8.22787051508,Hook,4.0,Perumahan Sederhana,2.0,Lokal Setapak,1.0,7343,138.43392114730256,Sama,2.0,2.0,1778.67722439,1590.36272058,2021.08235068,479.683069445,1883.4284018,50.0916112421,50.0916112405,1510353.461,50.3402345495,50.340234549529534,138.43392114730256,,
153,"(96812.49522201686, 756289.3164424712)",234,153,139.68318078101146,tetap,,1323978.63611,Pekalipan,Pulasaren,Hak Milik,00234,5.6393400196,Normal,3.0,Perumahan Sederhana,2.0,Lokal Setapak,1.0,6763,139.68318078101146,Sama,2.0,1.85,917.355309908,2133.55855827,2564.27818838,580.870055709,2298.10143956,47.1139648725,47.1139648733,1323978.63611,55.6832349328,55.68323493282983,139.68318078101146,,
154,"(96334.180285391, 756266.0551513685)",115,154,27.650843050085637,tetap,,1457938.49986,Pekalipan,Pulasaren,Hak Milik,00115,3.93280278837,Normal,3.0,Perumahan Sederhana,2.0,Lokal Setapak,1.0,6626,27.650843050085637,Sama,2.0,1.835478594,1376.67140883,1569.56494571,2000.28457582,458.885294582,2303.32960602,27.455734553,27.4557345508,1457938.49986,22.3323021244,22.332302124429116,27.650843050085637,,
155,"(96470.39578836587, 755900.2170309784)",428,155,51.945613591860244,tetap,,1372592.52199,Pekalipan,Pulasaren,Hak Milik,00428,3.55064051903,Normal,3.0,Perumahan Sederhana,2.0,Lokal Setapak,1.0,7520,51.945613591860244,Sama,2.0,1.835479,1526.76631117,1776.63774052,2017.92225656,609.331059988,1749.0023387,32.4891676598,32.4891676611,1372592.52199,35.3748631244,35.37486312440265,51.945613591860244,,
156,"(96592.49666768836, 756353.0198132732)",750,156,364.189237385712,tetap,,1298304.37477,Pekalipan,Pulasaren,Hak Milik,00750,28.7574050799,Normal,3.0,Perumahan Sederhana,2.0,Lokal Setapak,1.0,6997,364.189237385712,Sama,2.0,1.31,1023.89923892,1800.70169928,2231.42132938,178.841754853,2297.16163516,84.8201316609,84.820131659,1298304.37477,79.6295271491,79.62952714913862,364.189237385712,,
157,"(96843.20500140684, 756269.2204794262)",587,157,131.0061199344807,tetap,,1306194.76059,Pekalipan,Pulasaren,Hak Milik,00587,6.81964089797,Normal,3.0,Perumahan Sederhana,2.0,Lokal Setapak,1.0,7050,131.0061199344807,Sama,2.0,0.5,891.373640669,2131.04587719,2582.83116599,571.466225037,2272.11977031,52.2315305905,52.2315305942,1306194.76059,51.6663396257,51.66633962565496,131.0061199344807,,
158,"(96347.54882524001, 755856.8764624987)",151,158,100.42991621954134,tetap,,1306656.24169,Pekalipan,Pulasaren,Hak Milik,00151,7.72127204685,Tusuk Sate,2.0,Perumahan Sederhana,2.0,Lokal Setapak,1.0,7519,100.42991621954134,Sama,2.0,1.52,1675.31697269,1663.20508965,1904.48960569,673.801070184,1640.00633494,41.5407426189,41.5407426139,1306656.24169,42.917338753,42.917338753013986,100.42991621954134,,
159,"(96702.64598416827, 756332.2442999731)",670,159,37.45663804332638,tetap,,1329486.25392,Pekalipan,Pulasaren,Hak Milik,00670,7.41387884913,Normal,3.0,Perumahan Sederhana,2.0,Lokal Sekunder,2.0,7239,37.45663804332638,Sama,2.0,2.69,937.293677327,1992.77704651,2423.49667661,440.088543944,2271.82757704,23.6136177176,23.6136177158,1329486.25392,24.8777406634,24.877740663409597,37.45663804332638,,
160,"(96328.2033631161, 756291.7414190529)",1013,160,358.01834262755017,tetap,,1679073.19592,Pekalipan,Pulasaren,Hak Milik,01013,3.20508288961,Normal,3.0,Perumahan Sederhana,2.0,Lokal Setapak,1.0,7909,358.01834262755017,Sama,2.0,1.835478594,1373.02267376,1696.05398666,2126.77361676,255.514052581,2187.21696248,30.8514180413,30.8514180416,1679073.19592,76.4734283061,76.47342830612978,358.01834262755017,,
161,"(96687.39592504555, 756194.076033406)",404,161,186.46767377174535,tetap,,2055927.34893,Pekalipan,Pulasaren,Hak Milik,00404,11.7993671222,Normal,3.0,Perumahan Sederhana,2.0,Lokal Setapak,1.0,6899,186.46767377174535,Sama,2.0,1.835479,1259.21138051,2003.7290728,2434.4487029,82.4233953424,2200.73991381,55.0558056049,55.0558056021,2055927.34893,55.1850113964,55.185011396427015,186.46767377174535,,
162,"(96572.96398254701, 756195.8342285461)",271,162,45.7058461810501,tetap,,7060499.90056,Pekalipan,Pulasaren,Hak Milik,00271,4.98281306965,Hook,4.0,Industri,5.0,Lokal Primer,1.0,7065,45.7058461810501,Sama,2.0,1.835479,1219.00589945,1880.74262296,2311.46225306,52.2726471649,2077.74980619,28.1283246106,28.1283246107,7060499.90056,28.1702452363,28.170245236260715,45.7058461810501,,
163,"(96484.44456854659, 756151.4492297315)",1821,163,59.90115860703243,tetap,,2611463.88823,Pekalipan,Pulasaren,Hak Milik,01821,5.28078022045,Normal,3.0,Perumahan Sederhana,2.0,Lokal Setapak,1.0,6671,59.90115860703243,Sama,2.0,3.41,1286.72494881,1770.58040362,2201.30003372,164.541653076,2121.94479816,27.3640270336,27.3640270348,2611463.88823,31.0686552527,31.068655252739767,59.90115860703243,,
164,"(96489.91260337274, 756186.1572141778)",100,164,86.29756839975012,tetap,,1793082.92766,Pekalipan,Pulasaren,Hak Milik,00100,15.0929837249,Normal,3.0,Perumahan Sederhana,2.0,Lokal Setapak,1.0,7272,86.29756839975012,Sama,2.0,1.835479,1288.33234886,1791.2279524,2221.9475825,166.148991027,2147.0762556,42.1221034824,42.1221034811,1793082.92766,42.0990914269,42.099091426929114,86.29756839975012,,
165,"(96341.82572869067, 756026.0142453538)",813,165,137.76418447119315,tetap,,1492313.21815,Pekalipan,Pulasaren,Hak Milik,00813,13.4529474202,Normal,3.0,Perumahan Sederhana,2.0,Lokal Setapak,1.0,7506,137.76418447119315,Sama,2.0,1.835479,1719.90322684,1652.49648747,2083.21611757,541.816836335,1831.87142413,47.3615962581,47.3615962548,1492313.21815,47.4024613384,47.40246133839156,137.76418447119315,,
166,"(96507.48387151715, 756149.6882485842)",959,166,38.29972219092727,tetap,,1793346.28828,Pekalipan,Pulasaren,Hak Milik,00959,6.95692237706,Normal,3.0,Perumahan Sederhana,2.0,Lokal Setapak,1.0,7103,38.29972219092727,Sama,2.0,1.835479,1274.8906456,1799.29045602,2230.01008612,152.708049936,2133.63455234,36.8670423546,36.8670423556,1793346.28828,27.7916821253,27.79168212528458,38.29972219092727,,
167,"(96396.08282276022, 755956.3424690983)",870,167,95.51149046035209,tetap,,1377536.98033,Pekalipan,Pulasaren,Hak Milik,00870,9.3594962527,Normal,3.0,Perumahan Sederhana,2.0,Lokal Setapak,1.0,7505,95.51149046035209,Sama,2.0,1.835479,1611.9928526,1757.93475717,2037.22584329,647.255106038,1772.74710336,49.7636405483,49.7636405493,1377536.98033,39.0425578894,39.04255788936605,95.51149046035209,,
168,"(96283.12374282736, 756232.002220367)",595,168,27.94811605572752,tetap,,1328698.82196,Pekalipan,Pulasaren,Hak Milik,00595,4.71507026135,Normal,3.0,Perumahan Sederhana,2.0,Lokal Setapak,1.0,6755,27.94811605572752,Sama,2.0,1.835478594,1425.28088923,1528.61590827,1959.33553837,402.227409034,2262.37997444,24.1690256119,24.1690256151,1328698.82196,21.8993145537,21.899314553666418,27.94811605572752,,
169,"(96451.03890138453, 756305.3558881683)",465,169,124.03154073188117,tetap,,2415136.91504,Pekalipan,Pulasaren,Hak Milik,00465,6.10920651137,Normal,3.0,Perumahan Sederhana,2.0,Lokal Setapak,1.0,6942,124.03154073188117,Sama,2.0,1.64,1352.00417153,1698.91891468,2129.63854478,273.078508724,2275.0469774,52.8839261478,52.8839261476,2415136.91504,53.1700072657,53.170007265659194,124.03154073188117,,
170,"(96632.8804062543, 756338.4928800312)",0,170,0.0,tetap,0,0.0,Pekalipan,Pulasaren,Hak Milik, ,6.05422801999,Normal,3.0,Perumahan Sederhana,2.0,Lokal Setapak,1.0,6719,72.53083130693948,Sama,2.0,1.31,1088.26470074,1865.06634269,2295.78597279,191.162666278,2309.48180864,32.3737646004,32.3737645981,1474532.49123,34.2346680823,34.23466808226377,72.53083130693948,,
171,"(96384.08179878966, 756196.8512592736)",400,171,268.02110639923666,tetap,,1659326.48158,Pekalipan,Pulasaren,Hak Milik,00400,12.9312084512,Normal,3.0,Perumahan Sederhana,2.0,Lokal Setapak,1.0,7281,268.02110639923666,Sama,2.0,1.835479,1409.26271118,1668.78284784,2099.50247794,291.753011165,2223.4569999,70.5040905107,70.5040905108,1659326.48158,68.1940094068,68.19400940684721,268.02110639923666,,
172,"(96755.47623004219, 756330.5280521179)",614,172,123.28180672453064,tetap,,1384125.87139,Pekalipan,Pulasaren,Hak Milik,00614,10.2954148559,Normal,3.0,Perumahan Sederhana,2.0,Lokal Setapak,1.0,6883,123.28180672453064,Sama,2.0,1.835478594,944.752695606,2000.23551739,2430.95514749,447.54701482,2339.88493346,46.4518417818,46.4518417839,1384125.87139,44.2160579575,44.216057957508454,123.28180672453064,,
173,"(96438.93216594728, 756154.0032314614)",697,173,140.85302319810185,tetap,,1424568.3652,Pekalipan,Pulasaren,Hak Milik,00697,6.13795380383,Normal,3.0,Perumahan Sederhana,2.0,Lokal Setapak,1.0,6847,140.85302319810185,Sama,2.0,1.835479,1343.93164067,1731.90703644,2162.62666654,231.660247661,2158.1259294,62.7963846681,62.7963846718,1424568.3652,62.0356516083,62.03565160834492,140.85302319810185,,
174,"(96484.9396077049, 755917.3274684943)",846,174,198.70977332742268,tetap,,1395145.92812,Pekalipan,Pulasaren,Hak Milik,00846,12.2337199436,Normal,3.0,Perumahan Sederhana,2.0,Lokal Setapak,1.0,7504,198.70977332742268,Sama,2.0,1.835479,1505.38322721,1801.03008149,2042.31459753,587.948720802,1773.39541801,54.5341565594,54.5341565593,1395145.92812,57.0164817857,57.01648178572547,198.70977332742268,,
175,"(96363.18928644534, 756020.4924960531)",1839,175,87.94245154085417,tetap,,1336756.65989,Pekalipan,Pulasaren,Hak Milik,01839,8.42513971992,Normal,3.0,Perumahan Sederhana,2.0,Lokal Setapak,1.0,6639,87.94245154085417,Sama,2.0,1.52,1662.56658102,1746.10447917,1987.38899521,649.042818763,1722.90854912,37.7768898416,37.7768898377,1336756.65989,37.823855888,37.8238558879775,87.94245154085417,,
176,"(96454.7869351469, 756181.9558936729)",117,176,62.345901976381704,tetap,,3841426.68756,Pekalipan,Pulasaren,Hak Milik,00117,11.149236617,Normal,3.0,Perumahan Menengah,3.0,Lokal Setapak,1.0,7006,62.345901976381704,Sama,2.0,3.78,1329.69846611,1739.3177971,2170.0374272,217.427334691,2143.89275483,27.1692870172,27.1692870148,3841426.68756,33.2759901936,33.275990193555955,62.345901976381704,,
177,"(96565.99624742781, 756315.9473085908)",38,177,46.292806612876646,tetap,,1647740.66782,Pekalipan,Pulasaren,Hak Milik,00038,4.59685868663,Normal,3.0,Perumahan Sederhana,2.0,Lokal Setapak,1.0,6905,46.292806612876646,Sama,2.0,0.81,1123.56251919,1900.36228612,2331.08191622,164.333712862,2282.65263968,26.6295114139,26.6295114169,1647740.66782,28.3649038861,28.364903886053565,46.292806612876646,,
178,"(96565.22197667738, 756118.1316500601)",217,178,177.25504146140682,tetap,,9350173.11719,Pekalipan,Pulasaren,Hak Milik,00217,7.00683678907,Normal,3.0,Perdagangan dan Jasa Kelas 1,7.0,Lokal Primer,1.0,7535,177.25504146140682,Sama,2.0,1.835479,1156.39426897,1911.5751776,2342.29480771,178.503955532,2015.13817571,50.3721795226,50.372179528,9350173.11719,56.6913015986,56.69130159857929,177.25504146140682,,
179,"(96908.45114961198, 756344.8374400964)",678,179,1234.5419813118858,tetap,,2415278.83762,Pekalipan,Pulasaren,Hak Milik,00678,15.2493609379,Normal,3.0,Perumahan Sederhana,2.0,Lokal Sekunder,2.0,7007,1234.5419813118858,Sama,2.0,1.835479,816.752516767,2056.42768657,2581.20305966,496.848034421,2296.79346598,169.633292491,169.633292493,2415278.83762,169.206187232,169.20618723151037,1234.5419813118858,,
180,"(96835.66327529201, 756233.3333644888)",531,180,102.73445123106535,tetap,,1332382.03771,Pekalipan,Pulasaren,Hak Milik,00531,9.59121706281,Normal,3.0,Perumahan Sederhana,2.0,Lokal Setapak,1.0,6886,102.73445123106535,Sama,2.0,1.835479,918.32982521,2189.76080201,2633.46112983,490.125852933,2237.83248151,52.0099316249,52.009931621,1332382.03771,40.7553982152,40.75539821520758,102.73445123106535,,
181,"(96530.97731176436, 756159.1358475671)",420,181,117.46011405229291,tetap,,2688727.34401,Pekalipan,Pulasaren,Hak Milik,00420,5.94998035025,Normal,3.0,Perumahan Sederhana,2.0,Lokal Setapak,1.0,6745,117.46011405229291,Sama,2.0,3.41,1236.79830023,1829.75764874,2260.47727885,114.616785129,2095.54220697,59.2306986322,59.2306986339,2688727.34401,58.8568202275,58.85682022748873,117.46011405229291,,
182,"(96563.37576681752, 756063.851055239)",513,182,89.25079462471558,tetap,,1495224.74021,Pekalipan,Pulasaren,Hak Milik,00513,6.70001405497,Normal,3.0,Perumahan Sederhana,2.0,Lokal Setapak,1.0,7502,89.25079462471558,Sama,2.0,1.835479,1247.59391634,1866.09175924,2296.81138934,289.506914655,2011.8984125,32.2796278157,32.2796278162,1495224.74021,39.08366155,39.08366154997325,89.25079462471558,,
183,"(96552.82473258857, 756308.2042577809)",1823,183,270.9616918856605,tetap,,1651725.5778,Pekalipan,Pulasaren,Hak Milik,01823,7.21963420788,Normal,3.0,Perumahan Sederhana,2.0,Lokal Setapak,1.0,7110,270.9616918856605,Sama,2.0,0.81,1123.66786615,1900.46740991,2331.18704001,164.438836652,2282.75798664,67.3241823345,67.3241823372,1651725.5778,66.5120005185,66.51200051852719,270.9616918856605,,
184,"(96615.78388433531, 756219.9397434188)",332,184,168.46532304069734,tetap,,1481202.08645,Pekalipan,Pulasaren,Hak Milik,00332,5.33428753039,Normal,3.0,Perumahan Sederhana,2.0,Lokal Setapak,1.0,7758,168.46532304069734,Sama,2.0,1.835479,1698.61794878,1497.37877529,1928.09840539,386.699124163,1943.48491763,43.5738660522,43.5738660558,1481202.08645,60.2380518463,60.23805184628552,168.46532304069734,,
185,"(96499.06249770473, 756199.2032035538)",764,185,45.2252117637062,tetap,,1827556.28293,Pekalipan,Pulasaren,Hak Milik,00764,5.42813279958,Normal,3.0,Perumahan Sederhana,2.0,Lokal Setapak,1.0,6946,45.2252117637062,Sama,2.0,0.8,1291.45037746,1797.2049781,2227.92460821,148.229229642,2150.1942842,23.596358087,23.5963580852,1827556.28293,27.9334310439,27.933431043895407,45.2252117637062,,
186,"(96488.88185400533, 755852.3846558903)",220,186,54.79971347650817,tetap,,1361887.38323,Pekalipan,Pulasaren,Kosong,00220,6.70937796407,Hook,4.0,Perumahan Sederhana,2.0,Lokal Setapak,1.0,7152,54.79971347650817,Sama,2.0,1.835478594,1492.59646747,1757.36219899,1998.64671502,575.162302634,1704.62436548,22.9155949766,22.9155949731,1361887.38323,29.9086643831,29.908664383090386,54.79971347650817,,
187,"(96503.4181487626, 756327.7758568629)",742,187,125.06893048945606,tetap,,9415807.59361,Pekalipan,Pulasaren,Hak Milik,00742,17.1923808864,Normal,3.0,Perdagangan dan Jasa Kelas 1,7.0,Lokal Primer,3.0,7014,125.06893048945606,Sama,2.0,12.785432656,1122.41057757,1730.77124078,2161.49087088,219.945281134,2221.91253541,51.3628765058,51.362876509,9415807.59361,49.1638502171,49.16385021711875,125.06893048945606,,
188,"(96388.04703957506, 755951.3605914941)",809,188,79.08059780856836,tetap,,1415483.98827,Pekalipan,Pulasaren,Hak Milik,00809,8.10754731115,Normal,3.0,Perumahan Sederhana,2.0,Lokal Setapak,1.0,7291,79.08059780856836,Sama,2.0,1.835479,1727.86506803,1698.02883188,2013.68399303,587.349180751,1749.20441278,35.5900403276,35.5900403309,1415483.98827,36.1316237695,36.131623769456134,79.08059780856836,,
189,"(96528.58449332496, 756358.8004448505)",491,189,172.86034716185173,tetap,,8469704.14036,Pekalipan,Pulasaren,Hak Milik,00491,7.00779432602,Normal,3.0,Perdagangan dan Jasa Kelas 1,7.0,Lokal Primer,3.0,6910,172.86034716185173,Sama,2.0,13.59,1057.65783996,1722.47460824,2153.19423835,281.771102481,2309.21765392,70.4855257731,70.485525767,8469704.14036,71.3402134511,71.34021345106112,172.86034716185173,,
190,"(96394.28310733903, 755833.3075503695)",855,190,82.99120211899604,tetap,,1299730.85176,Pekalipan,Pulasaren,Hak Milik,00855,7.58106831321,Normal,3.0,Perumahan Sederhana,2.0,Lokal Setapak,1.0,7323,82.99120211899604,Sama,2.0,1.52,1627.97301782,1672.02256517,1913.3070812,710.534468044,1648.82417161,38.193943957,38.1939439575,1299730.85176,38.1168359898,38.116835989825034,82.99120211899604,,
191,"(96255.10005237132, 756039.6926046105)",1035,191,136.24223138091804,tetap,,8836119.04246,Pekalipan,Pulasaren,Hak Milik,01035,3.2371170534,Normal,3.0,Perdagangan dan Jasa Kelas 1,7.0,Lokal Setapak,1.0,6702,136.24223138091804,Sama,2.0,1.835478594,1301.85688694,1494.75219911,1925.47182921,384.072547984,2228.51508412,72.3717462765,72.3717462827,8836119.04246,46.8094292936,46.80942929359751,136.24223138091804,,
192,"(96953.3214529798, 756289.6997720893)",281,192,977.4147254134134,tetap,,2241095.12425,Pekalipan,Pulasaren,Hak Milik,00281,3.69122486509,Normal,3.0,Perumahan Sederhana,2.0,Lokal Setapak,1.0,6783,977.4147254134134,Sama,2.0,1.835479,895.994331054,2152.88493952,2677.66031261,593.305287376,2278.65923887,138.974208167,138.97420817,2241095.12425,138.413637392,138.41363739215637,977.4147254134134,,
193,"(96284.76326832743, 756059.0245199905)",816,193,290.76177080371446,tetap,,1533882.14304,Pekalipan,Pulasaren,Hak Milik,00816,17.8507864486,Normal,3.0,Perumahan Sederhana,2.0,Lokal Setapak,1.0,7426,290.76177080371446,Sama,2.0,2.0,1791.54898648,1625.75394296,2056.47357306,515.074291827,1855.21108203,66.9948551888,66.9948551888,1533882.14304,68.5435176118,68.54351761182659,290.76177080371446,,
194,"(96411.47366231907, 755966.548111508)",189,194,63.22031134610363,tetap,,1378533.77235,Pekalipan,Pulasaren,Hak Milik,00189,6.3109942706,Normal,3.0,Perumahan Sederhana,2.0,Lokal Setapak,1.0,7517,63.22031134610363,Sama,2.0,1.835479,1593.76068451,1777.47413081,2056.76521693,666.79447968,1792.28705191,34.3762815238,34.3762815264,1378533.77235,33.2167949846,33.21679498460722,63.22031134610363,,
195,"(96401.65435995143, 756339.6499855366)",756,195,77.51534158582477,tetap,,8692576.3563,Pekalipan,Pulasaren,Hak Milik,00756,5.07003325582,Normal,3.0,Perdagangan dan Jasa Kelas 1,7.0,Lokal Primer,1.0,7062,77.51534158582477,Sama,2.0,2.08,1192.01567268,1593.72453353,2024.44416363,385.147665839,2327.49022047,117.901276624,117.901276625,8692576.3563,43.6769475448,43.676947544835244,77.51534158582477,,
196,"(96341.04083573923, 756243.099782226)",1824,196,113.76570602473451,tetap,,1558119.87116,Pekalipan,Pulasaren,Hak Milik,01824,4.19221453259,Normal,3.0,Perumahan Sederhana,2.0,Lokal Setapak,1.0,6757,113.76570602473451,Sama,2.0,1.835479,1354.39548752,1675.89702592,2106.61665602,383.250342537,2302.02045366,49.6642613962,49.6642613963,1558119.87116,48.3500116163,48.35001161630692,113.76570602473451,,
197,"(96452.78191585661, 756186.0107868109)",665,197,37.11152045051995,tetap,,1542120.63804,Pekalipan,Pulasaren,Hak Milik,00665,5.91441766087,Normal,3.0,Perumahan Sederhana,2.0,Lokal Setapak,1.0,7257,37.11152045051995,Sama,2.0,3.78,1733.6881066,1532.44781673,1963.16744683,421.768165604,2009.03827187,34.265836757,34.2658367553,1542120.63804,29.0010171935,29.001017193504147,37.11152045051995,,
198,"(96306.52138125252, 756073.7671179089)",1016,198,223.90879604480958,tetap,,1513755.59897,Pekalipan,Pulasaren,Hak Milik,01016,11.9070661277,Hook,4.0,Perumahan Sederhana,2.0,Lokal Setapak,1.0,6660,223.90879604480958,Sama,2.0,2.0,1779.01255692,1594.2302716,2024.9499017,483.55062047,1883.76373433,59.5543101871,59.554310187,1513755.59897,60.8023225981,60.80232259807316,223.90879604480958,,
199,"(96823.08068669673, 756175.3076316036)",550,199,229.38909678093552,tetap,,4646729.28614,Pekalipan,Pulasaren,Hak Milik,00550,7.11636980826,Normal,3.0,Perumahan Menengah,3.0,Lokal Primer,3.0,6845,229.38909678093552,Sama,2.0,6.58,886.258737397,2184.53244496,2562.81113285,410.528257633,2128.76597085,65.0639349486,65.0639349497,4646729.28614,76.6964355661,76.69643556611432,229.38909678093552,,
200,"(96564.63334352411, 756333.580817825)",282,200,75.4790480026143,tetap,,1427316.45926,Pekalipan,Pulasaren,Hak Milik,00282,3.01312473159,Normal,3.0,Perumahan Sederhana,2.0,Lokal Setapak,1.0,7780,75.4790480026143,Sama,2.0,1.31,1631.05093185,1429.81407977,1860.53370987,319.134428637,2007.25279236,38.6278222622,38.6278222602,1427316.45926,37.0507500533,37.05075005328068,75.4790480026143,,
201,"(97003.76458388766, 756270.5483088006)",568,201,185.24919330599528,tetap,,1460564.03211,Pekalipan,Pulasaren,Hak Milik,00568,11.5506643344,Normal,3.0,Perumahan Sederhana,2.0,Lokal Setapak,1.0,6862,185.24919330599528,Sama,2.0,1.835479,757.392976217,2144.3421907,2774.45683744,654.589785511,2144.40623524,55.4611392035,55.4611392042,1460564.03211,55.4609789272,55.460978927154116,185.24919330599528,,
202,"(96374.74222193802, 756015.050271643)",0,202,0.0,tetap,0,0.0,Pekalipan,Pulasaren,Kosong, ,7.52803973141,Normal,3.0,Perumahan Sederhana,2.0,Lokal Setapak,1.0,6632,85.67177513531385,Sama,2.0,2.0,1717.21818712,1721.60899147,2093.66341289,610.929340345,1829.1863844,37.1661902946,37.1661902933,1491693.696,38.0200246327,38.02002463267235,85.67177513531385,,
203,"(96513.39465266134, 756179.6668002515)",273,203,113.64279315377114,tetap,,2666085.25875,Pekalipan,Pulasaren,Hak Milik,00273,4.71642956659,Normal,3.0,Perumahan Sederhana,2.0,Lokal Setapak,1.0,6839,113.64279315377114,Sama,2.0,1.835479,1270.36525731,1809.09170277,2239.81133287,148.182595816,2129.10916405,38.1669575785,38.1669575771,2666085.25875,45.5072400068,45.50724000682211,113.64279315377114,,
204,"(96863.1483632962, 756241.1866264322)",446,204,94.6147893861468,tetap,,1298352.38724,Pekalipan,Pulasaren,Hak Milik,00446,6.65354221776,Normal,3.0,Perumahan Sederhana,2.0,Lokal Setapak,1.0,6959,94.6147893861468,Sama,2.0,0.5,889.236961558,2160.66885206,2661.4219661,518.086689208,2208.73961786,40.8789476813,40.8789476795,1298352.38724,41.1478715417,41.14787154173947,94.6147893861468,,
205,"(96369.3636587902, 756024.6390341365)",1002,205,69.86737320029498,tetap,,1515827.77307,Pekalipan,Pulasaren,Hak Milik,01002,5.88116138519,Normal,3.0,Perumahan Sederhana,2.0,Lokal Setapak,1.0,7179,69.86737320029498,Sama,2.0,1.52,1721.10509893,1725.49584268,2097.55026409,614.816191543,1833.07329621,46.295063756,46.2950637576,1515827.77307,34.4816491659,34.481649165873485,69.86737320029498,,
206,"(96262.94389734631, 756268.3796024956)",156,206,46.43217350677808,tetap,,1260330.8079,Pekalipan,Pulasaren,Hak Milik,00156,4.04739165335,Normal,3.0,Perumahan Sederhana,2.0,Lokal Setapak,1.0,7400,46.43217350677808,Sama,2.0,1.835478594,1379.78349061,1488.7991329,1919.518763,378.119481765,2222.56178165,30.7336061732,30.733606176,1260330.8079,31.004464607,31.004464606960077,46.43217350677808,,
207,"(96282.57129812802, 756313.7002588867)",447,207,98.23180025914374,tetap,,8886754.33438,Pekalipan,Pulasaren,Hak Milik,00447,4.32172919544,Normal,3.0,Perdagangan dan Jasa Kelas 1,7.0,Lokal Primer,1.0,6868,98.23180025914374,Sama,2.0,1.835478594,1309.43138573,1502.3267955,1933.0464256,391.647144374,2236.08958292,58.1659413968,58.1659413954,8886754.33438,54.2496865471,54.24968654713001,98.23180025914374,,
208,"(96726.81475105546, 756276.4320606389)",45,208,68.72125349409798,tetap,,2364250.62445,Pekalipan,Pulasaren,Hak Milik,00045,5.59129992439,Hook,4.0,Perumahan Sederhana,2.0,Lokal Sekunder,2.0,6855,68.72125349409798,Sama,2.0,2.69,975.030504003,2030.51212738,2461.23175748,428.222726626,2200.36877455,35.1632152261,35.1632152242,2364250.62445,35.6527830168,35.652783016774585,68.72125349409798,,
209,"(96571.15997598639, 756067.7857004387)",838,209,148.4634205438992,tetap,,1497822.15759,Pekalipan,Pulasaren,Hak Milik,00838,10.5402334125,Normal,3.0,Perumahan Sederhana,2.0,Lokal Setapak,1.0,7377,148.4634205438992,Sama,2.0,1.835479,1185.19086294,1892.05619011,2313.3719341,230.032416448,1979.80493942,43.5491632406,43.5491632417,1497822.15759,49.7162185147,49.71621851466005,148.4634205438992,,
210,"(96574.25101269259, 756341.9908079468)",744,210,191.27636031905158,tetap,,1341707.9597,Pekalipan,Pulasaren,Hak Milik,00744,4.44623664691,Normal,3.0,Perumahan Sederhana,2.0,Lokal Setapak,1.0,7077,191.27636031905158,Sama,2.0,1.31,1037.10128337,1813.9033803,2244.6230104,170.451717553,2288.77129939,70.1469096507,70.146909655,1341707.9597,71.6177847068,71.61778470680186,191.27636031905158,,
211,"(96855.27292681762, 756222.2595200705)",88,211,302.6300043961733,tetap,,1321973.71624,Pekalipan,Pulasaren,Hak Milik,00088,19.2738123254,Normal,3.0,Perumahan Sederhana,2.0,Lokal Setapak,1.0,6655,302.6300043961733,Sama,2.0,1.835479,902.875822604,2174.30740259,2650.04918753,506.713910639,2222.3784789,71.8277435233,71.8277435201,1321973.71624,69.7141675796,69.71416757960374,302.6300043961733,,
212,"(96259.00227236465, 756282.26585809)",686,212,60.643115150098986,tetap,,1260926.4481,Pekalipan,Pulasaren,Hak Milik,00686,4.76717364116,Normal,3.0,Perumahan Sederhana,2.0,Lokal Setapak,1.0,7044,60.643115150098986,Sama,2.0,1.835478594,1380.22168995,1486.04399156,1916.76362166,375.364340427,2219.80655551,29.5004578524,29.5004578534,1260926.4481,39.1629887274,39.16298872739547,60.643115150098986,,
213,"(96440.48771905225, 755883.4545989794)",901,213,142.2235928469014,tetap,,1349528.35581,Pekalipan,Pulasaren,Hak Milik,00901,6.1033683436,Tusuk Sate,2.0,Perumahan Sederhana,2.0,Lokal Setapak,1.0,7432,142.2235928469014,Sama,2.0,1.835479,1558.18667779,1747.78946352,1989.07397955,640.750542172,1720.15315232,49.5301041181,49.5301041167,1349528.35581,52.5325474529,52.53254745285918,142.2235928469014,,
214,"(96733.4725196956, 756212.4133160454)",711,214,141.9456521889572,tetap,,1518632.27819,Pekalipan,Pulasaren,Hak Milik,00711,4.92162823651,Normal,3.0,Perumahan Sederhana,2.0,Lokal Setapak,1.0,6874,141.9456521889572,Sama,2.0,1.835478594,1040.98081418,2133.97556027,2531.78902815,379.506152932,2151.65041494,56.0015814093,56.0015814091,1518632.27819,58.6930757738,58.693075773772584,141.9456521889572,,
215,"(96571.9156099392, 756266.535471222)",198,215,192.23676653341715,tetap,,1804420.52936,Pekalipan,Pulasaren,Hak Milik,00198,3.61340511149,Normal,3.0,Perumahan Sederhana,2.0,Lokal Setapak,1.0,6915,192.23676653341715,Sama,2.0,1.835479,1300.08841103,1927.38456815,2358.10419825,156.867102826,2158.83231777,68.1337881097,68.1337881082,1804420.52936,69.0141415506,69.01414155057147,192.23676653341715,,
216,"(96431.2765365637, 755919.4188693465)",1055,216,110.15205482578268,tetap,,1352313.43714,Pekalipan,Pulasaren,Hak Milik,01055,5.91257758017,Normal,3.0,Perumahan Sederhana,2.0,Lokal Setapak,1.0,8061,110.15205482578268,Sama,2.0,1.61,1574.59781232,1769.66236575,2010.94688179,657.161158492,1746.46708101,46.1010289702,46.1010289716,1352313.43714,46.5146791336,46.5146791335927,110.15205482578268,,
217,"(96775.62957817395, 756316.7435829743)",40,217,177.76942265594943,tetap,,1228755.32372,Pekalipan,Pulasaren,Hak Milik,00040,15.8156639212,Normal,3.0,Perumahan Sederhana,2.0,Lokal Setapak,1.0,6889,177.76942265594943,Sama,2.0,1.85,987.013414354,2050.03014286,2480.74977296,497.341640293,2289.30025421,55.0490516221,55.0490516198,1228755.32372,53.6716862742,53.671686274154524,177.76942265594943,,
218,"(96854.51257724925, 756373.1658156206)",695,218,92.66532513395434,tetap,,2357189.27875,Pekalipan,Pulasaren,Hak Milik,00695,6.04969480601,Normal,3.0,Perumahan Sederhana,2.0,Lokal Sekunder,2.0,6863,92.66532513395434,Sama,2.0,1.835479,757.795580736,1997.47204904,2522.24742212,437.892396895,2323.68243475,44.2006038582,44.200603856,2357189.27875,42.6110467062,42.61104670619983,92.66532513395434,,
219,"(96446.89087935127, 755956.7419147479)",881,219,62.35007742915177,tetap,,1365371.05539,Pekalipan,Pulasaren,Hak Milik,00881,3.778619464,Normal,3.0,Perumahan Sederhana,2.0,Lokal Setapak,1.0,7391,62.35007742915177,Sama,2.0,1.61,1537.83510923,1801.75534494,2043.03986098,620.39961588,1778.56122828,33.1089726308,33.108972627,1365371.05539,37.2931534606,37.293153460601125,62.35007742915177,,
220,"(96364.96009732, 756207.3454210145)",51,220,87.82736855928593,tetap,,2387313.54718,Pekalipan,Pulasaren,Hak Milik,00051,4.84447854961,Normal,3.0,Perumahan Sederhana,2.0,Lokal Setapak,1.0,7302,87.82736855928593,Sama,2.0,1.835479,1356.05475023,1642.8274581,2073.5470882,373.506651785,2268.95027473,41.4410545897,41.4410545901,2387313.54718,44.739080091,44.73908009098847,87.82736855928593,,
221,"(96446.09474749067, 755864.2558005948)",509,221,165.21336925507111,tetap,,1349899.56015,Pekalipan,Pulasaren,Hak Milik,00509,13.8371078698,Hook,4.0,Perumahan Sederhana,2.0,Lokal Setapak,1.0,7419,165.21336925507111,Sama,2.0,1.835478594,1567.84617534,1733.90725044,1975.19176648,650.409595093,1710.71085488,49.0925581902,49.0925581859,1349899.56015,53.7315561611,53.7315561611335,165.21336925507111,,
222,"(96466.63498141356, 756176.1183522887)",565,222,162.8773346846364,tetap,,3865734.29903,Pekalipan,Pulasaren,Hak Milik,00565,5.62208955088,Normal,3.0,Perumahan Menengah,3.0,Lokal Setapak,1.0,7461,162.8773346846364,Sama,2.0,3.78,1319.58227447,1757.43758842,2188.15721852,207.311652158,2133.77656319,57.384204267,57.3842042655,3865734.29903,60.987710804,60.987710803986154,162.8773346846364,,
223,"(96435.11310818735, 756269.4200589027)",243,223,77.60777583128389,tetap,,1216712.24491,Pekalipan,Pulasaren,Hak Milik,00243,7.06442023773,Normal,3.0,Perumahan Sederhana,2.0,Lokal Setapak,1.0,7455,77.60777583128389,Sama,2.0,1.64,1353.24758248,1700.16167371,2130.88130381,237.801682282,2239.76955899,38.819093707,38.8190937082,1216712.24491,35.8197073427,35.81970734271613,77.60777583128389,,
224,"(96409.52729577536, 756188.4213382949)",245,224,58.32396124248601,tetap,,1669972.6345,Pekalipan,Pulasaren,Hak Milik,00245,4.42621254139,Normal,3.0,Perumahan Sederhana,2.0,Lokal Setapak,1.0,6680,58.32396124248601,Sama,2.0,1.835479,1385.73078642,1682.92488758,2113.64451768,268.221662202,2199.92507515,33.1714132216,33.1714132191,1669972.6345,34.2224356544,34.22243565443049,58.32396124248601,,
225,"(96355.86837985255, 755805.8162131655)",889,225,26.355707589040748,tetap,,5087426.11926,Pekalipan,Pulasaren,Hak Milik,00889,4.80793644414,Normal,3.0,Perumahan Mewah,4.0,Lokal Setapak,1.0,7497,26.355707589040748,Sama,2.0,1.52,1602.83934973,1582.80066566,1824.0851817,682.811886913,1559.59929558,22.4116384011,22.4116383963,5087426.11926,21.0698712989,21.06987129890509,26.355707589040748,,
226,"(96387.50011197643, 755889.0100166282)",883,226,63.60487081808273,tetap,,1310796.81401,Pekalipan,Pulasaren,Hak Milik,00883,6.7025433264,Normal,3.0,Perumahan Sederhana,2.0,Lokal Setapak,1.0,7488,63.60487081808273,Sama,2.0,1.52,1624.6474734,1711.49082232,1952.77533836,692.134355492,1688.29376791,33.8459794899,33.8459794911,1310796.81401,32.9791936167,32.9791936166788,63.60487081808273,,
227,"(96919.77924934664, 756227.9298119796)",684,227,56.88058375681074,tetap,,2499608.77373,Pekalipan,Pulasaren,Hak Milik,00684,9.80731235624,Normal,3.0,Perumahan Sederhana,2.0,Lokal Sekunder,1.0,6860,56.88058375681074,Sama,2.0,1.835479,814.944303249,2180.79262778,2705.56800086,564.848335952,2197.60921106,40.426171717,40.4261717134,2499608.77373,32.1115871104,32.11158711042937,56.88058375681074,,
228,"(96568.93839189789, 756204.521228189)",284,228,40.69561072507108,tetap,,9619239.96508,Pekalipan,Pulasaren,Hak Milik,00284,3.53805446686,Hook,4.0,Perdagangan dan Jasa Kelas 1,7.0,Lokal Primer,1.0,7008,40.69561072507108,Sama,2.0,1.835479,1232.99184251,1860.28999644,2291.00962655,89.7725311137,2091.73574925,22.1062914191,22.1062914204,9619239.96508,27.1221527948,27.12215279479186,40.69561072507108,,
229,"(96360.0493647634, 755814.8996746977)",489,229,67.46957473301094,tetap,,5155680.67391,Pekalipan,Pulasaren,Hak Milik,00489,6.62771591598,Normal,3.0,Perumahan Mewah,4.0,Lokal Setapak,1.0,7297,67.46957473301094,Sama,2.0,1.52,1699.48884664,1648.54732187,1889.83183791,720.729583545,1625.34805656,48.2029204596,48.2029204506,5155680.67391,50.7569112053,50.75691120530139,67.46957473301094,,
230,"(96416.26621891235, 755887.2060787118)",301,230,20.000007377659287,tetap,,1811742.12219,Pekalipan,Pulasaren,Hak Milik,00301,5.34419926439,Normal,3.0,Perumahan Sederhana,2.0,Lokal Setapak,1.0,7104,20.000007377659287,Sama,2.0,1.52,1250.08487103,1813.19119384,2243.91082394,127.902869579,2108.82877777,18.3748401478,18.3748401456,1811742.12219,18.0480617654,18.04806176539484,20.000007377659287,,
231,"(96768.58553975915, 756171.9148233328)",1037,231,163.23839669824855,tetap,,1447068.41923,Pekalipan,Pulasaren,Hak Milik,01037,12.8697868306,Normal,3.0,Perumahan Sederhana,2.0,Lokal Setapak,1.0,7163,163.23839669824855,Sama,2.0,1.835479,973.540423447,2136.27225291,2514.5509408,362.268065587,2134.41201665,43.4036525798,43.4036525791,1447068.41923,52.0373642681,52.037364268061545,163.23839669824855,,
232,"(96468.84829709398, 756134.0084820053)",330,232,52.12313518184276,tetap,,1476872.69061,Pekalipan,Pulasaren,Hak Milik,00330,5.89854449312,Normal,3.0,Perumahan Sederhana,2.0,Lokal Setapak,1.0,7759,52.12313518184276,Sama,2.0,1.835479,1697.33400375,1496.09496568,1926.81459578,385.415314551,1933.52839334,34.6361275913,34.6361275936,1476872.69061,31.9028659078,31.902865907793593,52.12313518184276,,
233,"(96835.83363044991, 756329.2536232624)",161,233,152.20537067242583,tetap,,1390098.36131,Pekalipan,Pulasaren,Hak Milik,00161,8.75453023834,Normal,3.0,Perumahan Sederhana,2.0,Lokal Setapak,1.0,6882,152.20537067242583,Sama,2.0,3.66,946.307851981,2001.7907116,2432.5103417,449.102209035,2341.44008984,41.847031005,41.8470310049,1390098.36131,50.3365042491,50.33650424910461,152.20537067242583,,
234,"(96401.7991598587, 755903.6564322807)",390,234,29.209631231453955,tetap,,1324531.75183,Pekalipan,Pulasaren,Hak Milik,00390,6.30494177938,Hook,4.0,Perumahan Sederhana,2.0,Lokal Setapak,1.0,7346,29.209631231453955,Sama,2.0,1.61,1612.9972304,1731.3175108,1972.60202684,680.484411732,1708.12108335,34.5623855012,34.5623855024,1324531.75183,25.2468093408,25.246809340816423,29.209631231453955,,
235,"(96497.29693449655, 756237.431058341)",421,235,69.64047599770853,tetap,,1231789.01438,Pekalipan,Pulasaren,Hak Milik,00421,6.30057146905,Hook,4.0,Perumahan Sederhana,2.0,Lokal Setapak,1.0,6753,69.64047599770853,Sama,2.0,1.64,1279.48296054,1772.25227121,2202.97190132,160.495518356,2162.46103262,34.7791353581,34.7791353632,1231789.01438,34.7786603498,34.77866034984052,69.64047599770853,,
236,"(96495.27881308662, 755901.3833533198)",422,236,119.7192011434746,tetap,,1471923.79184,Pekalipan,Pulasaren,Hak Milik,00422,6.80002945919,Normal,3.0,Perumahan Sederhana,2.0,Lokal Setapak,1.0,6718,119.7192011434746,Sama,2.0,1.835479,1472.77929311,1891.44452775,2132.72904379,555.345899739,1857.71899532,51.264497889,51.2644978927,1471923.79184,50.7451984432,50.74519844321247,119.7192011434746,,
237,"(96330.12222532248, 756229.0320976855)",423,237,123.28038751593913,tetap,,1507643.38388,Pekalipan,Pulasaren,Hak Milik,00423,4.72615228835,Normal,3.0,Perumahan Sederhana,2.0,Lokal Setapak,1.0,6720,123.28038751593913,Sama,2.0,1.835478594,1398.45006164,1589.25768239,2019.97731249,429.088591056,2323.02316791,49.6063881872,49.6063881893,1507643.38388,50.2394034367,50.23940343670384,123.28038751593913,,
238,"(96885.50521898187, 756356.478713335)",689,238,143.2000709732992,tetap,,2382369.80463,Pekalipan,Pulasaren,Hak Milik,00689,9.54018387294,Normal,3.0,Perumahan Sederhana,2.0,Lokal Sekunder,2.0,7017,143.2000709732992,Sama,2.0,1.835479,783.327808552,2023.00355949,2547.77893258,463.423907348,2302.02635986,48.1798647577,48.1798647549,2382369.80463,48.958439088,48.95843908804395,143.2000709732992,,
239,"(96520.81464066848, 756128.2022152639)",1746,239,84.12620870135305,tetap,,1603192.02517,Pekalipan,Pulasaren,Kosong,01555,6.81301230595,Normal,3.0,Perumahan Sederhana,2.0,Lokal Setapak,1.0,7988,84.12620870135305,Sama,2.0,1.835479,1222.53108759,1885.06561652,2315.78524663,244.638467719,2069.5429868,20.3530739448,20.3530739459,1458666.0927,19.1651418718,40.06399634130601,84.12620870135305,,
240,"(96835.94733411922, 756252.6057220501)",512,240,70.39430532930614,tetap,,1347655.81711,Pekalipan,Pulasaren,Hak Milik,00512,7.28838020103,Normal,3.0,Perumahan Sederhana,2.0,Lokal Setapak,1.0,7200,70.39430532930614,Sama,2.0,0.5,913.957757776,2153.62969335,2588.82332251,594.050041196,2294.70388742,29.9844425375,29.9844425328,1347655.81711,34.0607443364,34.06074433644915,70.39430532930614,,
241,"(96838.96039916963, 756176.787397314)",310,241,216.99894746497637,tetap,,4623959.5503,Pekalipan,Pulasaren,Hak Milik,00310,8.95330645051,Normal,3.0,Perumahan Menengah,3.0,Lokal Primer,3.0,7022,216.99894746497637,Sama,2.0,6.58,876.722279116,2192.42038597,2570.69907385,418.416198639,2119.22951257,67.9913886719,67.9913886727,4623959.5503,67.5605612222,67.56056122224238,216.99894746497637,,
242,"(96509.22072732085, 756131.6169209338)",874,242,44.60386109494229,tetap,,1591284.55754,Pekalipan,Pulasaren,Hak Milik,00874,5.30999148157,Normal,3.0,Perumahan Sederhana,2.0,Lokal Setapak,1.0,7522,44.60386109494229,Sama,2.0,1.835479,1233.44945014,1810.42550866,2241.14513876,170.066401883,2092.19335688,29.3782658273,29.378265829,1591284.55754,29.4030343457,29.403034345698202,44.60386109494229,,
243,"(96531.3086884608, 756371.9035160532)",735,243,7.281669371190452,tetap,,8440925.05525,Pekalipan,Pulasaren,Hak Milik,00735,3.39807948366,Normal,3.0,Perdagangan dan Jasa Kelas 1,7.0,Lokal Primer,3.0,6911,7.281669371190452,Sama,2.0,13.59,1041.42515825,1715.85548663,2146.57511674,265.538536017,2302.59865297,12.8078574939,12.8078574942,8440925.05525,11.2579350934,11.25793509339198,7.281669371190452,,
244,"(96538.73809797197, 755884.6818426497)",190,244,104.43749206691948,tetap,,1391959.95362,Pekalipan,Pulasaren,Hak Milik,00190,7.18648701471,Normal,3.0,Perumahan Sederhana,2.0,Lokal Setapak,1.0,7437,104.43749206691948,Sama,2.0,1.835479,1424.28962416,1861.96388033,2103.24839637,506.857791168,1809.22932636,42.4424245771,42.4424245752,1391959.95362,43.4049651149,43.40496511490742,104.43749206691948,,
245,"(96458.36717965966, 755872.8516982395)",872,245,95.46903184102223,tetap,,1358683.84155,Pekalipan,Pulasaren,Hak Milik,00872,5.54485389723,Normal,3.0,Perumahan Sederhana,2.0,Lokal Setapak,1.0,7446,95.46903184102223,Sama,2.0,1.835478594,1555.05737222,1753.99569016,1995.2802062,637.621250448,1708.73692235,40.5804338768,40.5804338761,1358683.84155,39.2442884738,39.24428847380088,95.46903184102223,,
246,"(96455.87462107478, 756211.1848608435)",77,246,93.78767178458003,tetap,,4243942.45408,Pekalipan,Pulasaren,Hak Milik,00077,8.70776804971,Normal,3.0,Perumahan Menengah,3.0,Lokal Setapak,1.0,7094,93.78767178458003,Sama,2.0,1.835479,1330.02888679,1798.39887976,2229.11850986,194.827157163,2188.77279352,35.0056775623,35.0056775643,4243942.45408,40.6904024008,40.69040240082252,93.78767178458003,,
247,"(96806.14898078951, 756173.370298947)",692,247,47.433803198581714,tetap,,1471608.35994,Pekalipan,Pulasaren,Hak Milik,00692,10.6957753553,Normal,3.0,Perumahan Sederhana,2.0,Lokal Setapak,1.0,7025,47.433803198581714,Sama,2.0,1.835479,940.875474447,2174.66842559,2552.94711348,400.664238265,2172.80906342,26.3598445144,26.3598445125,1471608.35994,30.620486913,30.62048691296654,47.433803198581714,,
248,"(96961.38782774871, 756262.5651283938)",1032,248,191.3178934834848,tetap,,1523080.72314,Pekalipan,Pulasaren,Hak Milik,01032,9.7980355076,Normal,3.0,Perumahan Sederhana,2.0,Lokal Setapak,1.0,7090,191.3178934834848,Sama,2.0,1.835479,792.17510108,2179.12317875,2738.68854619,618.910266113,2179.1883601,56.7751359426,56.7751359382,1523080.72314,58.9201366523,58.92013665231588,191.3178934834848,,
249,"(96771.4396801591, 756350.6964263791)",255,249,33.00670478425605,tetap,,1365373.23785,Pekalipan,Pulasaren,Hak Milik,00255,5.46011172065,Normal,3.0,Perumahan Sederhana,2.0,Lokal Setapak,1.0,6890,33.00670478425605,Sama,2.0,1.835478594,937.107549028,1992.59062707,2423.31025717,439.902124501,2332.23978689,27.5982321893,27.5982321923,1365373.23785,28.1540107641,28.15401076407777,33.00670478425605,,
250,"(96767.68845775118, 756221.4485974228)",705,250,10.30479458310355,tetap,,1463435.72098,Pekalipan,Pulasaren,Hak Milik,00705,3.76284196452,Normal,3.0,Perumahan Sederhana,2.0,Lokal Setapak,1.0,7020,10.30479458310355,Sama,2.0,1.835479,983.25583164,2144.25048824,2569.17297066,416.890095447,2189.03583394,13.0657317916,13.0657317913,1463435.72098,13.0652530733,13.065253073273217,10.30479458310355,,
251,"(96597.01449478859, 756268.5552865213)",48,251,77.18680431222293,tetap,,1644417.94564,Pekalipan,Pulasaren,Hak Milik,00048,10.8855433116,Normal,3.0,Perumahan Sederhana,2.0,Lokal Setapak,1.0,6907,77.18680431222293,Sama,2.0,1.835479,1142.82349331,1864.56115173,2295.28078183,83.6294228657,2201.94641484,36.9929643684,36.9929643673,1644417.94564,35.5915023478,35.59150234779496,77.18680431222293,,
252,"(96397.77642894453, 755854.4579880588)",229,252,32.48406652842523,tetap,,1321145.5552,Pekalipan,Pulasaren,Hak Milik,00229,5.50666258409,Hook,4.0,Perumahan Sederhana,2.0,Lokal Setapak,1.0,7429,32.48406652842523,Sama,2.0,1.52,1687.78758337,1687.71710198,1929.00161802,643.798269413,1664.51928446,22.6763882762,22.6763882724,1321145.5552,22.8253708446,22.825370844611058,32.48406652842523,,
253,"(96353.48035134576, 755817.2992301134)",106,253,24.03047708030473,tetap,,1294141.04786,Pekalipan,Pulasaren,Hak Milik,00106,5.86786557236,Tusuk Sate,2.0,Perumahan Sederhana,2.0,Lokal Setapak,1.0,7296,24.03047708030473,Sama,2.0,1.52,1691.63793178,1640.6965111,1881.98102713,712.878772771,1617.4971417,22.8366111015,22.8366111035,1294141.04786,24.2497479369,24.24974793690764,24.03047708030473,,
254,"(96330.51000646506, 756216.8460855888)",616,254,15.660617630044968,tetap,,1545008.73194,Pekalipan,Pulasaren,Hak Milik,00616,5.87591498277,Normal,3.0,Perumahan Sederhana,2.0,Lokal Setapak,1.0,6885,15.660617630044968,Sama,2.0,1.835479,1379.86663278,1640.63526468,2071.35489478,371.31445837,2266.75761046,16.1766072637,16.1766072688,1545008.73194,18.69629928,18.69629927996843,15.660617630044968,,
255,"(96328.9414412072, 756254.8316081712)",116,255,154.21575290048887,tetap,,1474685.05571,Pekalipan,Pulasaren,Hak Milik,00116,13.5109688601,Normal,3.0,Perumahan Sederhana,2.0,Lokal Setapak,1.0,6782,154.21575290048887,Sama,2.0,1.835478594,1383.44111867,1576.3342904,2007.0539205,450.476034563,2310.09931586,45.8487617112,45.8487617108,1474685.05571,62.365367391,62.36536739102955,154.21575290048887,,
256,"(96270.7330016588, 756121.1839886797)",843,256,89.19973709372532,tetap,,1483316.53805,Pekalipan,Pulasaren,Hak Milik,00843,9.65502224771,Tusuk Sate,2.0,Perumahan Sederhana,2.0,Lokal Setapak,1.0,7487,89.19973709372532,Sama,2.0,1.51,1734.66083625,1533.42050392,1964.14013402,422.740852784,1942.41644376,39.0774767537,39.0774767565,1483316.53805,37.8836636856,37.883663685622516,89.19973709372532,,
257,"(96483.37623624095, 756136.331276089)",50,257,35.085683824876,tetap,,3901592.45143,Pekalipan,Pulasaren,Hak Milik,00050,8.65413652936,Normal,3.0,Perumahan Menengah,3.0,Lokal Setapak,1.0,7501,35.085683824876,Sama,2.0,1.835479,1270.34871535,1777.02984952,2207.74947962,201.929565786,2084.54300407,28.9387462729,28.9387462704,3901592.45143,26.2583417613,26.25834176131695,35.085683824876,,
258,"(96598.21109009, 756284.3407588919)",558,258,107.38618126648001,tetap,,1526993.99204,Pekalipan,Pulasaren,Hak Milik,00558,4.9299379439,Hook,4.0,Perumahan Sederhana,2.0,Lokal Setapak,1.0,6799,107.38618126648001,Sama,2.0,1.835479,1092.12885699,1868.92891172,2299.64854182,99.786427969,2218.10392459,59.3407268416,59.3407268397,1526993.99204,54.9537733441,54.953773344127924,107.38618126648001,,
259,"(96545.01602595797, 756085.3661262505)",142,259,100.29569323656965,tetap,,1476624.65035,Pekalipan,Pulasaren,Hak Milik,00142,8.82646279888,Normal,3.0,Perumahan Sederhana,2.0,Lokal Setapak,1.0,7500,100.29569323656965,Sama,2.0,1.835479,1175.48729086,1871.99744904,2302.71707914,197.596061415,2034.23119759,40.7400925716,40.74009257,1476624.65035,40.3843036509,40.3843036508741,100.29569323656965,,
260,"(96364.34894330135, 756270.945279111)",643,260,91.54348915135003,tetap,,2390803.26511,Pekalipan,Pulasaren,Hak Milik,00643,3.11176508196,Normal,3.0,Perumahan Sederhana,2.0,Lokal Setapak,1.0,8058,91.54348915135003,Sama,2.0,1.835479,1296.73898984,1643.65505943,2074.37468953,325.595160374,2273.77163309,37.8005337964,37.8005337969,2390803.26511,38.65567895,38.65567895003299,91.54348915135003,,
261,"(96596.85357499088, 756304.363729864)",290,261,67.63069863626494,tetap,,1486011.58325,Pekalipan,Pulasaren,Hak Milik,00290,5.05571847203,Hook,4.0,Perumahan Sederhana,2.0,Lokal Setapak,1.0,7002,67.63069863626494,Sama,2.0,1.31,1069.56266211,1846.36347604,2277.08310615,123.22248712,2241.54078651,31.1798818386,31.1798818387,1486011.58325,34.8966173933,34.89661739331355,67.63069863626494,,
262,"(96446.7436026399, 756163.9035785681)",181,262,178.43267885281173,tetap,,3835385.55396,Pekalipan,Pulasaren,Hak Milik,00181,14.6824115564,Hook,4.0,Perumahan Menengah,3.0,Lokal Setapak,1.0,7315,178.43267885281173,Sama,2.0,1.835479,1327.69110739,1736.75025621,2167.46988631,215.42006651,2141.88539612,52.6796021258,52.679602123,3835385.55396,54.3253512745,54.32535127447446,178.43267885281173,,
263,"(96366.38080460027, 755849.6172781421)",112,263,71.90957026526802,tetap,,1375226.28647,Pekalipan,Pulasaren,Hak Milik,00112,7.84821528831,Hook,4.0,Perumahan Sederhana,2.0,Lokal Setapak,1.0,7376,71.90957026526802,Sama,2.0,1.52,1715.45167456,1706.20073375,1977.30262928,595.521082617,1712.82190201,30.9025093992,30.9025094029,1375226.28647,34.0632755685,34.0632755684828,71.90957026526802,,
264,"(96536.10286238547, 756070.2997803198)",961,264,92.52971288539561,tetap,,3795133.37168,Pekalipan,Pulasaren,Hak Milik,00961,8.87291647305,Normal,3.0,Perumahan Menengah,3.0,Lokal Setapak,1.0,7843,92.52971288539561,Sama,2.0,1.835479,1232.06744249,1850.56583128,2281.28546139,257.964775879,1996.37193865,41.4304615692,41.4304615669,3795133.37168,38.8469058862,38.84690588624247,92.52971288539561,,
265,"(96629.68230472, 756252.6333060886)",55,265,93.45530543447293,tetap,,1791921.80422,Pekalipan,Pulasaren,Hak Milik,00055,8.65789487473,Normal,3.0,Perumahan Sederhana,2.0,Lokal Setapak,1.0,6920,93.45530543447293,Sama,2.0,1.37,1147.90361806,1899.87120246,2330.59083256,59.5183465612,2177.83432762,54.7595022634,54.7595022651,1791921.80422,38.6048616272,38.604861627189585,93.45530543447293,,
266,"(96942.1327390447, 756258.2932960404)",0,266,0.0,tetap,0,0.0,Pekalipan,Pulasaren,Kosong, ,10.0165853468,Normal,3.0,Perumahan Sederhana,2.0,Lokal Setapak,1.0,7118,204.7076740034559,Sama,2.0,1.835479,812.369518357,2194.4211809,2719.19655398,599.418273913,2199.38277738,60.9357300305,60.9357300262,1557703.54301,60.9354976792,60.93549767921746,204.7076740034559,,
267,"(96477.32006246723, 756191.2613434829)",74,267,68.21031190141915,tetap,,3842950.76784,Pekalipan,Pulasaren,Hak Milik,00074,9.54549184849,Normal,3.0,Perumahan Menengah,3.0,Lokal Setapak,1.0,6744,68.21031190141915,Sama,2.0,1.835479,1338.52330739,1726.8413746,2157.5610047,226.25191447,2152.71759611,34.0372613861,34.0372613878,3842950.76784,34.7711591981,34.77115919805622,68.21031190141915,,
268,"(96691.64982680496, 756169.3403367648)",67,268,116.05751492903033,tetap,,2452441.77572,Pekalipan,Pulasaren,Hak Milik,00067,4.52685369193,Normal,3.0,Perumahan Sederhana,2.0,Lokal Sekunder,2.0,7038,116.05751492903033,Sama,2.0,2.69,1045.01847418,2103.99829552,2482.27698341,329.994108192,2102.13668779,65.3660776877,65.3660776874,2452441.77572,66.1930277548,66.19302775477685,116.05751492903033,,
269,"(96915.7773500212, 756218.9896207681)",671,269,241.98385552534984,tetap,,2475662.51676,Pekalipan,Pulasaren,Hak Milik,00671,8.5227085139,Hook,4.0,Perumahan Sederhana,2.0,Lokal Sekunder,1.0,7254,241.98385552534984,Sama,2.0,1.835479,813.087209945,2184.57755525,2687.92191855,535.63904334,2168.39903451,58.3403214696,58.3403214733,2475662.51676,66.3009043453,66.30090434528596,241.98385552534984,,
270,"(96346.42134920417, 756214.8639409681)",495,270,70.86272846342075,tetap,,2384374.62454,Pekalipan,Pulasaren,Hak Milik,00495,4.53723175991,Normal,3.0,Perumahan Sederhana,2.0,Lokal Setapak,1.0,7278,70.86272846342075,Sama,2.0,1.835479,1358.7058872,1634.01274831,2064.73237841,364.691941998,2260.13536523,33.6169394882,33.6169394856,2384374.62454,35.5361887509,35.536188750875155,70.86272846342075,,
271,"(96339.39002028533, 756002.2361365353)",1841,271,88.60784596211488,tetap,,1491367.74544,Pekalipan,Pulasaren,Hak Milik,01841,10.0203020618,Hook,4.0,Perumahan Sederhana,2.0,Lokal Setapak,1.0,7183,88.60784596211488,Sama,2.0,1.26,1793.62512384,1627.55487875,2041.75227292,516.875227621,1777.27360385,37.8758631791,37.8758631784,1491367.74544,37.8213026584,37.82130265839405,88.60784596211488,,
272,"(96461.13722541572, 755818.818666665)",288,272,77.70340346627019,tetap,,5214170.95805,Pekalipan,Pulasaren,Hak Milik,00288,6.94207427852,Hook,4.0,Perumahan Mewah,4.0,Lokal Setapak,1.0,7375,77.70340346627019,Sama,2.0,1.835478594,1499.24143171,1700.3940448,1941.67856084,581.807024253,1652.92098184,35.8026888932,35.802688894,5214170.95805,36.163677959,36.163677959002015,77.70340346627019,,
273,"(96765.92870094416, 756339.8083125678)",366,273,61.531270606407865,tetap,,1370742.94677,Pekalipan,Pulasaren,Hak Milik,00366,4.17326432554,Normal,3.0,Perumahan Sederhana,2.0,Lokal Setapak,1.0,6777,61.531270606407865,Sama,2.0,1.835478594,938.949750134,1994.43263748,2425.15226758,441.744134915,2334.08198799,34.4852887869,34.4852887826,1370742.94677,31.5886394483,31.58863944828076,61.531270606407865,,
274,"(96418.2005369147, 755827.3159430148)",863,274,79.410607198517,tetap,,1335929.52887,Pekalipan,Pulasaren,Hak Milik,00863,6.72339518065,Normal,3.0,Perumahan Sederhana,2.0,Lokal Setapak,1.0,7496,79.410607198517,Sama,2.0,1.52,1615.85645115,1702.98855089,1944.27306692,698.418585281,1679.79086305,33.4265252932,33.4265252932,1335929.52887,37.4202759502,37.42027595019285,79.410607198517,,
275,"(96242.65066361928, 756168.4789769021)",722,275,45.682597219313195,tetap,,1497433.24922,Pekalipan,Pulasaren,Hak Milik,00722,4.11622568036,Normal,3.0,Perumahan Sederhana,2.0,Lokal Setapak,1.0,7851,45.682597219313195,Sama,2.0,1.51,1701.50506629,1500.26581957,1930.98544968,389.586168443,1976.85523156,30.7186465065,30.7186465078,1497433.24922,29.5755127121,29.575512712082045,45.682597219313195,,
276,"(96403.59829275342, 756148.807998167)",387,276,126.41853142852146,tetap,,1501264.47667,Pekalipan,Pulasaren,Hak Milik,00387,10.7401489015,Hook,4.0,Perumahan Sederhana,2.0,Lokal Setapak,1.0,7146,126.41853142852146,Sama,2.0,1.835479,1371.50692534,1689.93578293,2120.65541304,259.234449301,2154.67444542,45.2034408411,45.2034408373,1501264.47667,45.2508179639,45.250817963937834,126.41853142852146,,
277,"(96716.59409135357, 756321.1802703202)",341,277,64.97289380417409,tetap,,2305004.93096,Pekalipan,Pulasaren,Hak Milik,00341,5.49272732937,Normal,3.0,Perumahan Sederhana,2.0,Lokal Sekunder,2.0,7071,64.97289380417409,Sama,2.0,2.69,933.479889698,1988.96292458,2419.68255468,436.274422016,2246.35291374,33.7594112667,33.7594112685,2305004.93096,36.0768548929,36.07685489291421,64.97289380417409,,
278,"(96473.02984321368, 756219.2538599535)",84,278,106.30631151009334,tetap,,1773477.66193,Pekalipan,Pulasaren,Hak Milik,00084,11.2907034351,Hook,4.0,Perumahan Sederhana,2.0,Lokal Setapak,1.0,6983,106.30631151009334,Sama,2.0,1.835479,1327.42616735,1754.66179377,2185.38142387,192.224368829,2186.17007409,42.5739241993,42.573924201,1773477.66193,42.5743255933,42.574325593347,106.30631151009334,,
279,"(96334.79900062537, 756011.8427356617)",1840,279,82.45182268888662,tetap,,1421786.83058,Pekalipan,Pulasaren,Hak Milik,01840,7.76823960271,Hook,4.0,Perumahan Sederhana,2.0,Lokal Setapak,1.0,6724,82.45182268888662,Sama,2.0,1.26,1687.36494396,1691.75665676,2054.37489522,581.077005632,1789.89667734,36.3899063275,36.3899063262,1421786.83058,36.5812779571,36.58127795711618,82.45182268888662,,
280,"(96707.38710496097, 756376.232304731)",666,280,900.1578166919685,tetap,,8219894.50507,Pekalipan,Pulasaren,Hak Milik,00666,25.3432394782,Hook,4.0,Perdagangan dan Jasa Kelas 1,7.0,Lokal Sekunder,2.0,7256,900.1578166919685,Sama,2.0,2.69,881.800462044,1937.28542133,2368.00505143,384.596918766,2316.52323185,111.149923149,111.149923149,8219894.50507,120.764689527,120.76468952655586,900.1578166919685,,
281,"(96892.24465872746, 756388.1031942074)",384,281,419.69138480533763,tetap,,7928264.1716,Pekalipan,Pulasaren,Hak Milik,00384,8.39598147061,Normal,3.0,Perdagangan dan Jasa Kelas 1,7.0,Lokal Sekunder,2.0,6703,419.69138480533763,Sama,2.0,1.835479,767.36961001,2007.04624645,2531.82161954,447.466594305,2345.23055431,116.514043121,116.514043122,7928264.1716,116.513690378,116.5136903781574,419.69138480533763,,
282,"(96478.95094231091, 756220.9877992771)",429,282,73.05269608984898,tetap,,1768992.12538,Pekalipan,Pulasaren,Hak Milik,00429,4.56173241835,Normal,3.0,Perumahan Sederhana,2.0,Lokal Setapak,1.0,7162,73.05269608984898,Sama,2.0,1.835479,1316.61968778,1761.38060745,2192.10023755,197.631305463,2199.59775985,41.4226421603,41.4226421594,1768992.12538,41.4205764621,41.42057646211857,73.05269608984898,,
283,"(96264.94112919546, 756260.4456858163)",430,283,49.90595688114254,tetap,,1264818.00023,Pekalipan,Pulasaren,Hak Milik,00430,5.70005049228,Normal,3.0,Perumahan Sederhana,2.0,Lokal Setapak,1.0,6688,49.90595688114254,Sama,2.0,1.835478594,1407.32755131,1494.27902022,1924.99865032,383.599369085,2228.04192089,30.8726074605,30.8726074571,1264818.00023,30.473069104,30.47306910401381,49.90595688114254,,
284,"(96576.34959795237, 756288.1633703558)",435,284,96.84792175243572,tetap,,1594287.13357,Pekalipan,Pulasaren,Hak Milik,00435,8.24787606571,Tusuk Sate,2.0,Perumahan Sederhana,2.0,Lokal Setapak,1.0,7134,96.84792175243572,Sama,2.0,1.835479,1178.05403955,1832.19007966,2262.90970976,118.858897998,2196.84316487,41.0035530534,41.0035530505,1594287.13357,40.5610375144,40.56103751444772,96.84792175243572,,
285,"(96697.82538765162, 756296.2781374437)",436,285,48.740448052760534,tetap,,1412087.72629,Pekalipan,Pulasaren,Hak Milik,00436,6.22320816004,Normal,3.0,Perumahan Sederhana,2.0,Lokal Sekunder,2.0,7135,48.740448052760534,Sama,2.0,2.69,973.451172519,2028.93343479,2459.65306489,466.409788112,2238.55652734,23.6033034721,23.6033034756,1412087.72629,28.0387299416,28.038729941649233,48.740448052760534,,
286,"(96375.16117650036, 755842.6228109712)",851,286,44.529387509544875,tetap,,1271244.08895,Pekalipan,Pulasaren,Hak Milik,00851,5.1864994477,Normal,3.0,Perumahan Sederhana,2.0,Lokal Setapak,1.0,7495,44.529387509544875,Sama,2.0,1.52,1651.80441342,1642.13447347,1883.41898951,714.316735144,1618.9352237,23.8399314004,23.8399314024,1271244.08895,27.0606545055,27.06065450547093,44.529387509544875,,
287,"(96434.58318847863, 756246.9299424209)",408,287,190.2970827435683,tetap,,1695609.93338,Pekalipan,Pulasaren,Hak Milik,00408,13.2086796098,Normal,3.0,Perumahan Sederhana,2.0,Lokal Setapak,1.0,7312,190.2970827435683,Sama,2.0,1.835479,1349.4001464,1710.44649289,2141.16612299,230.41057253,2226.11989643,54.5209339104,54.5209339086,1695609.93338,55.3518530555,55.35185305545981,190.2970827435683,,
288,"(96354.22133316919, 756021.5289702564)",998,288,53.51816181500614,tetap,,1681751.25835,Pekalipan,Pulasaren,Hak Milik,00998,5.86034144575,Normal,3.0,Perumahan Sederhana,2.0,Lokal Setapak,1.0,7910,53.51816181500614,Sama,2.0,1.52,1402.64646104,1689.83360846,2120.55323856,285.137202198,2216.84074976,42.6854671346,42.6854671359,1681751.25835,34.6103926098,34.610392609822156,53.51816181500614,,
289,"(96540.35383334033, 755856.7109666347)",318,289,111.26550463530161,tetap,,5312881.48736,Pekalipan,Pulasaren,Hak Milik,00318,10.0909238838,Normal,3.0,Perumahan Mewah,4.0,Lokal Setapak,1.0,7374,111.26550463530161,Sama,2.0,1.835479,1406.62968816,1783.26719731,2024.55171335,489.198436688,1730.52999097,42.3796845245,42.3796845267,5312881.48736,42.4157998686,42.415799868624404,111.26550463530161,,
290,"(96357.6030804736, 756014.7390487981)",1001,290,47.00013624902263,tetap,,1507410.07704,Pekalipan,Pulasaren,Hak Milik,01001,5.63360065967,Tusuk Sate,2.0,Perumahan Sederhana,2.0,Lokal Setapak,1.0,7173,47.00013624902263,Sama,2.0,1.52,1716.86147454,1721.25219413,2093.30661554,610.572542996,1828.82967182,27.2767447361,27.2767447328,1507410.07704,27.5140479024,27.514047902393195,47.00013624902263,,
291,"(96851.43454472261, 756391.6029928027)",162,291,418.12114890396913,tetap,,7937974.26799,Pekalipan,Pulasaren,Hak Milik,00162,12.5710793497,Hook,4.0,Perdagangan dan Jasa Kelas 1,7.0,Lokal Sekunder,2.0,6864,418.12114890396913,Sama,2.0,1.835479,738.709004897,1978.38611777,2503.16149085,418.806465625,2341.47291614,94.3953189792,94.3953189747,7937974.26799,91.6581814843,91.65818148426001,418.12114890396913,,
292,"(96448.10878172598, 756207.0813629887)",775,292,133.48302820148666,tetap,,1735524.09584,Pekalipan,Pulasaren,Hak Milik,00775,10.4780687819,Normal,3.0,Perumahan Sederhana,2.0,Lokal Setapak,1.0,6982,133.48302820148666,Sama,2.0,1.835479,1349.34918584,1726.18945588,2156.90908599,226.443317717,2190.86467247,47.9842755952,47.9842755912,1735524.09584,46.579775797,46.579775797012786,133.48302820148666,,
293,"(96864.51333983136, 756310.7169412724)",298,293,272.4529774598973,tetap,,2482578.84807,Pekalipan,Pulasaren,Hak Milik,00298,15.519471712,Hook,4.0,Perumahan Sederhana,2.0,Lokal Sekunder,1.0,6956,272.4529774598973,Sama,2.0,3.66,823.847724901,2063.52201783,2588.29739091,503.942365679,2281.62050413,67.2685888757,67.2685888746,2482578.84807,65.0538118985,65.0538118984662,272.4529774598973,,
294,"(96727.74581182352, 756386.921854517)",79,294,127.18802186944941,tetap,,8196968.67057,Pekalipan,Pulasaren,Hak Milik,00079,7.16065566921,Hook,4.0,Perdagangan dan Jasa Kelas 1,7.0,Lokal Sekunder,2.0,6853,127.18802186944941,Sama,2.0,2.69,865.046255627,1920.5313925,2351.2510226,367.842889937,2311.49572246,51.5051683924,51.5051683922,8196968.67057,52.1153080524,52.115308052394035,127.18802186944941,,
295,"(96504.87058852888, 756200.7626907785)",8,295,47.317830796015656,tetap,,1833468.44492,Pekalipan,Pulasaren,Hak Milik,00008,7.0293303649,Normal,3.0,Perumahan Sederhana,2.0,Lokal Setapak,1.0,7414,47.317830796015656,Sama,2.0,0.8,1285.63467193,1803.96577194,2234.68540204,142.413668142,2144.37857866,27.4556178738,27.4556178771,1833468.44492,27.4937886306,27.4937886306098,47.317830796015656,,
296,"(96732.11237254932, 756332.654925015)",718,296,208.08558314609408,tetap,,2262217.97494,Pekalipan,Pulasaren,Hak Milik,00718,17.508735584,Normal,3.0,Perumahan Sederhana,2.0,Lokal Sekunder,2.0,6851,208.08558314609408,Sama,2.0,2.69,920.285200455,1975.7686741,2406.4883042,423.080171535,2259.66088978,60.3001662714,60.3001662761,2262217.97494,59.2116006134,59.211600613362656,208.08558314609408,,
297,"(96926.27136562837, 756297.4540434972)",708,297,147.96089844252435,tetap,,1354319.76261,Pekalipan,Pulasaren,Hak Milik,00708,8.48974849274,Normal,3.0,Perumahan Sederhana,2.0,Lokal Setapak,1.0,7321,147.96089844252435,Sama,2.0,1.835479,1373.69269914,1566.5855595,1997.3051896,419.12858087,2300.35089633,29.7619894478,29.7619894531,1354319.76261,49.0192742764,49.019274276430224,147.96089844252435,,
298,"(96949.85284514356, 756407.7276286576)",453,298,218.33788440929368,tetap,,7624877.14706,Pekalipan,Pulasaren,Hak Milik,00453,9.78088476738,Tusuk Sate,2.0,Perdagangan dan Jasa Kelas 1,7.0,Lokal Primer,3.0,7033,218.33788440929368,Sama,2.0,13.59,631.552275856,1974.56000517,2576.79614538,414.980353021,2380.7876235,66.2210122141,66.2210122168,7624877.14706,65.9417621627,65.94176216265129,218.33788440929368,,
299,"(96244.45334584212, 756194.5970924201)",987,299,43.92184601783922,tetap,,1433736.89748,Pekalipan,Pulasaren,Hak Guna Bangunan,00987,7.18916052178,Normal,3.0,Perumahan Sederhana,2.0,Lokal Setapak,1.0,7838,43.92184601783922,Sama,2.0,1.835478594,1644.35971973,1443.12238104,1873.84201115,332.44272992,1998.15063243,30.3957174121,30.3957174119,1433736.89748,29.177947482,29.177947481966115,43.92184601783922,,
300,"(96347.1370281431, 755874.8345029193)",140,300,98.0496283534313,tetap,,1299336.80514,Pekalipan,Pulasaren,Hak Milik,00140,3.84009346963,Normal,3.0,Perumahan Sederhana,2.0,Lokal Setapak,1.0,7295,98.0496283534313,Sama,2.0,1.52,1666.65474151,1672.09574695,1913.38026299,682.691727486,1648.89721462,34.2055563683,34.2055563641,1299336.80514,42.0597008481,42.05970084810252,98.0496283534313,,
301,"(96721.435676297, 756160.5668763451)",694,301,299.4876696507561,tetap,,2428019.46104,Pekalipan,Pulasaren,Hak Milik,00694,12.1496460161,Normal,3.0,Perumahan Sederhana,2.0,Lokal Sekunder,2.0,6876,299.4876696507561,Sama,2.0,2.69,1034.45018156,2093.43022346,2471.70891135,319.42603613,2091.56839517,73.8982069016,73.8982069023,2428019.46104,74.297455742,74.29745574204036,299.4876696507561,,
302,"(96740.45238285058, 756325.8852543586)",324,302,34.35849366125033,tetap,,1406815.36452,Pekalipan,Pulasaren,Hak Milik,00324,3.65912473806,Normal,3.0,Perumahan Sederhana,2.0,Lokal Setapak,1.0,7055,34.35849366125033,Sama,2.0,1.85,967.106403448,2022.58862507,2453.30825517,469.900122508,2261.85767511,23.1359768396,23.1359768394,1406815.36452,25.5720808694,25.57208086935228,34.35849366125033,,
303,"(96388.13698948537, 756327.8018263876)",160,303,181.26843466308256,tetap,,8765911.83918,Pekalipan,Pulasaren,Hak Milik,00160,4.73385809796,Normal,3.0,Perdagangan dan Jasa Kelas 1,7.0,Lokal Primer,1.0,6923,181.26843466308256,Sama,2.0,3.78,1235.00417629,1581.92247746,2012.64210756,369.404549731,2315.68785616,74.2136615489,74.213661548,8765911.83918,82.231444778,82.23144477796578,181.26843466308256,,
304,"(96554.94989399306, 756169.5373451711)",458,304,55.630365301512875,tetap,,9566597.56285,Pekalipan,Pulasaren,Hak Milik,00458,5.2511200673,Hook,4.0,Perdagangan dan Jasa Kelas 1,7.0,Lokal Primer,1.0,7307,55.630365301512875,Sama,2.0,3.41,1208.63568696,1845.82996293,2276.54959303,86.4549667954,2067.3795937,31.9221290518,31.9221290509,9566597.56285,31.783279012,31.783279012009306,55.630365301512875,,
305,"(96619.02771200365, 756258.1324930061)",745,305,94.54222666194613,tetap,,1742797.02155,Pekalipan,Pulasaren,Hak Milik,00745,7.18840421753,Normal,3.0,Perumahan Sederhana,2.0,Lokal Setapak,1.0,6917,94.54222666194613,Sama,2.0,1.835479,1135.38313168,1887.35104267,2318.07067277,64.2777706491,2182.59403628,35.7669178833,35.7669178868,1742797.02155,39.0018669006,39.001866900576104,94.54222666194613,,
306,"(96990.48524122605, 756240.9725816608)",193,306,102.1843049743673,tetap,,1469957.19776,Pekalipan,Pulasaren,Hak Milik,00193,5.00133203496,Normal,3.0,Perumahan Sederhana,2.0,Lokal Setapak,1.0,6635,102.1843049743673,Sama,2.0,1.835479,741.004714256,2127.95435379,2788.85587777,638.201948598,2128.01797328,50.8661438769,50.8661438769,1469957.19776,50.8690644094,50.86906440935196,102.1843049743673,,
307,"(96414.15107715239, 755836.0178822904)",23,307,118.00845560397498,tetap,,1318844.57352,Pekalipan,Pulasaren,Hak Milik,00023,9.66483924383,Normal,3.0,Perumahan Sederhana,2.0,Lokal Setapak,1.0,6628,118.00845560397498,Sama,2.0,1.52,1608.29125055,1691.96905529,1933.25357133,690.853310398,1668.77130439,41.7396339432,41.7396339453,1318844.57352,43.7871466936,43.78714669361341,118.00845560397498,,
308,"(96293.95794569282, 756092.5515450125)",153,308,93.7624902813166,tetap,,1511633.96437,Pekalipan,Pulasaren,Hak Milik,00153,6.26509570536,Normal,3.0,Perumahan Sederhana,2.0,Lokal Setapak,1.0,7345,93.7624902813166,Sama,2.0,2.0,1772.28893444,1571.0475084,2001.7671385,460.367857276,1909.66925753,42.5608908191,42.5608908162,1511633.96437,42.7468600078,42.74686000779679,93.7624902813166,,
309,"(96740.9283958594, 756338.5503838467)",362,309,38.06235303690983,tetap,,1385710.57966,Pekalipan,Pulasaren,Hak Milik,00362,4.77465553244,Normal,3.0,Perumahan Sederhana,2.0,Lokal Sekunder,2.0,6785,38.06235303690983,Sama,2.0,2.69,946.955074823,2002.43792333,2433.15755343,449.749420765,2342.08731268,42.314512769,42.3145127711,1385710.57966,24.6774253448,24.677425344798237,38.06235303690983,,
310,"(96855.90091366653, 756364.0702493172)",696,310,196.64177723984287,tetap,,2380767.61917,Pekalipan,Pulasaren,Hak Milik,00696,12.1050690809,Normal,3.0,Perumahan Sederhana,2.0,Lokal Sekunder,2.0,6846,196.64177723984287,Sama,2.0,1.835479,767.437929707,2007.11411215,2531.88948523,447.534460005,2315.10722677,58.3973168233,58.3973168242,2380767.61917,56.7515414186,56.75154141863794,196.64177723984287,,
311,"(96708.4316878937, 756309.3466297905)",342,311,60.79988428691609,tetap,,1365879.60521,Pekalipan,Pulasaren,Kosong,00342,3.12208132805,Normal,3.0,Perumahan Sederhana,2.0,Lokal Sekunder,2.0,6708,60.79988428691609,Sama,2.0,2.69,952.987508918,2008.47011438,2439.18974448,455.78161182,2242.58907226,30.2150408165,30.2150408163,1365879.60521,31.7284282265,31.728428226465063,60.79988428691609,,
312,"(96243.96102902948, 756178.7176759152)",463,312,51.47079080468377,tetap,,1469709.64945,Pekalipan,Pulasaren,Hak Milik,00463,6.47936264105,Normal,3.0,Perumahan Sederhana,2.0,Lokal Setapak,1.0,7857,51.47079080468377,Sama,2.0,1.835479,1570.95025763,1493.86724234,1924.58687244,383.187591214,2167.57292052,28.9229247676,28.9229247717,1469709.64945,28.8693716289,28.869371628906634,51.47079080468377,,
313,"(96351.8414695685, 755844.9589320776)",878,313,79.88155327487182,tetap,,1272490.01666,Pekalipan,Pulasaren,Hak Milik,00878,7.02801945663,Normal,3.0,Perumahan Sederhana,2.0,Lokal Setapak,1.0,7436,79.88155327487182,Sama,2.0,1.52,1670.56179211,1631.09611793,1872.38063397,703.278379609,1607.89635017,38.45564361,38.4556436109,1272490.01666,36.7782067196,36.77820671964182,79.88155327487182,,
314,"(96414.34503762731, 756206.399486872)",197,314,60.53100901718501,tetap,,1673578.15662,Pekalipan,Pulasaren,Hak Milik,00197,4.35747223284,Normal,3.0,Perumahan Sederhana,2.0,Lokal Setapak,1.0,7144,60.53100901718501,Sama,2.0,1.835479,1375.19714655,1694.23068922,2124.95031932,257.688390743,2189.39143527,34.6820457625,34.6820457641,1673578.15662,35.0864665134,35.08646651335736,60.53100901718501,,
315,"(96418.12301646493, 756141.6002645204)",760,315,88.83688999294596,tetap,,1409622.50433,Pekalipan,Pulasaren,Hak Milik,00760,4.99399325814,Normal,3.0,Perumahan Sederhana,2.0,Lokal Setapak,1.0,7409,88.83688999294596,Sama,2.0,1.835479,1371.82173743,1698.13401736,2128.85364746,259.549305523,2162.87287814,46.2182364141,46.2182364126,1409622.50433,46.2193326541,46.21933265411707,88.83688999294596,,
316,"(96399.94897567017, 755826.233834465)",857,316,53.59792525358744,tetap,,1316552.95065,Pekalipan,Pulasaren,Hak Milik,00857,5.8217289969,Normal,3.0,Perumahan Sederhana,2.0,Lokal Setapak,1.0,7292,53.59792525358744,Sama,2.0,1.52,1630.13006418,1685.0696922,1926.35420824,712.691700868,1661.87145505,30.3154970371,30.3154970357,1316552.95065,29.7857258297,29.78572582972756,53.59792525358744,,
317,"(96527.65879926294, 756336.168540149)",207,317,103.15193165067373,tetap,,9452600.40689,Pekalipan,Pulasaren,Hak Milik,00207,5.2796687321,Normal,3.0,Perdagangan dan Jasa Kelas 1,7.0,Lokal Primer,3.0,7072,103.15193165067373,Sama,2.0,12.785432656,1128.80713301,1737.16782272,2167.88745282,228.25233413,2230.21963891,48.077565918,48.07756592,9452600.40689,48.7890429433,48.789042943348136,103.15193165067373,,
318,"(96415.28596554448, 755928.3799680553)",865,318,120.12970136633534,tetap,,1439965.66861,Pekalipan,Pulasaren,Hak Milik,00865,14.1712346958,Normal,3.0,Perumahan Sederhana,2.0,Lokal Setapak,1.0,7523,120.12970136633534,Sama,2.0,1.61,1654.56307424,1453.32534199,1884.04497209,342.645690858,1987.65801811,43.0391707613,43.0391707611,1439965.66861,44.7297299968,44.72972999681035,120.12970136633534,,
319,"(96416.43729331954, 755906.1149663242)",482,319,102.6221488604564,tetap,,1359984.55083,Pekalipan,Pulasaren,Hak Milik,00482,7.26671258735,Normal,3.0,Perumahan Sederhana,2.0,Lokal Setapak,1.0,7373,102.6221488604564,Sama,2.0,1.61,1598.83257971,1752.47209855,1993.75661459,681.395179606,1729.2760441,27.4579573725,27.4579573723,1359984.55083,49.5381264812,49.538126481150485,102.6221488604564,,
320,"(96593.49605295715, 756283.5389206755)",320,320,109.45968917487406,tetap,,1536719.59511,Pekalipan,Pulasaren,Hak Milik,00320,4.71990307048,Tusuk Sate,2.0,Perumahan Sederhana,2.0,Lokal Setapak,1.0,6773,109.45968917487406,Sama,2.0,1.835479,1097.22186455,1874.02200259,2304.7416327,104.465292255,2222.78284693,58.4306645751,58.430664576,1536719.59511,55.1590440826,55.15904408263599,109.45968917487406,,
321,"(96386.04289282647, 756006.7879228536)",304,321,57.17578567109665,tetap,,1500440.89154,Pekalipan,Pulasaren,Hak Milik,00304,5.36566903932,Normal,3.0,Perumahan Sederhana,2.0,Lokal Setapak,1.0,7372,57.17578567109665,Sama,2.0,2.0,1720.58121358,1724.97185301,2097.02627443,614.292201885,1832.54941086,32.3923061466,32.3923061493,1500440.89154,33.4925698488,33.492569848773265,57.17578567109665,,
322,"(96323.6686823249, 756318.9574704889)",785,322,631.1268993598686,tetap,,8755988.4181,Pekalipan,Pulasaren,Hak Milik,00785,20.4219648467,Normal,3.0,Perdagangan dan Jasa Kelas 1,7.0,Lokal Primer,3.0,6974,631.1268993598686,Sama,2.0,13.59,1258.26864349,1506.18032035,1936.89995046,395.500669222,2239.94327869,60.6126456198,60.6126456169,8755988.4181,104.130474439,104.13047443880302,631.1268993598686,,
323,"(96273.67530636152, 756267.9557904061)",1,323,166.33119484898208,tetap,,1263044.47068,Pekalipan,Pulasaren,Hak Milik,00001,11.9215049846,Normal,3.0,Perumahan Sederhana,2.0,Lokal Setapak,1.0,6741,166.33119484898208,Sama,2.0,1.835478594,1370.92917381,1501.19187767,1931.91150777,390.512226536,2234.95485908,57.2179685444,57.2179685451,1263044.47068,52.8943716384,52.89437163841269,166.33119484898208,,
324,"(96330.36916080426, 756020.7219440537)",824,324,110.27819947883118,tetap,,1462453.79246,Pekalipan,Pulasaren,Hak Milik,00824,9.83375837937,Hook,4.0,Perumahan Sederhana,2.0,Lokal Setapak,1.0,7289,110.27819947883118,Sama,2.0,1.835479,1713.02919585,1673.47861618,2077.71943202,562.798965048,1813.24188154,42.0381816963,42.0381816977,1462453.79246,42.1775905276,42.17759052762082,110.27819947883118,,
325,"(96755.76388839036, 756250.2699027633)",58,325,291.02960055682394,tetap,,1491024.66741,Pekalipan,Pulasaren,Hak Milik,00058,3.75158502684,Normal,3.0,Perumahan Sederhana,2.0,Lokal Setapak,1.0,6893,291.02960055682394,Sama,2.0,1.835479,1031.30665148,2086.78680254,2517.50643264,470.036408289,2242.18351738,75.0936371469,75.0936371515,1491024.66741,83.5011520614,83.5011520614201,291.02960055682394,,
326,"(96367.08684118073, 756260.5133031335)",563,326,39.89856356893824,tetap,,2388572.8303,Pekalipan,Pulasaren,Hak Milik,00563,7.1421467881,Normal,3.0,Perumahan Sederhana,2.0,Lokal Setapak,1.0,7397,39.89856356893824,Sama,2.0,1.835479,1300.23666281,1647.15245125,2077.87208135,329.09255219,2277.26930607,24.5606108536,24.560610854,2388572.8303,25.5627629211,25.562762921104433,39.89856356893824,,
327,"(96984.60718851203, 756239.3969502492)",258,327,147.8944869591449,tetap,,1483057.98128,Pekalipan,Pulasaren,Hak Milik,00258,7.08317439179,Normal,3.0,Perumahan Sederhana,2.0,Lokal Setapak,1.0,6953,147.8944869591449,Sama,2.0,1.835479,746.865615065,2133.81511991,2764.53911294,612.256237723,2133.87887409,55.3777693778,55.3777693771,1483057.98128,55.6201464447,55.62014644472772,147.8944869591449,,
328,"(96496.2862549498, 755908.6780266096)",246,328,49.03967605216771,tetap,,1374908.8856,Pekalipan,Pulasaren,Hak Milik,00246,5.22121681588,Normal,3.0,Perumahan Sederhana,2.0,Lokal Setapak,1.0,7294,49.03967605216771,Sama,2.0,1.835479,1735.83643001,1693.31628591,1958.83643073,582.636634772,1694.35500515,29.0742530474,29.0742530483,1374908.8856,29.9121118343,29.912111834262397,49.03967605216771,,
329,"(96542.77215077673, 756110.7850245697)",508,329,96.25893005369637,tetap,,1688399.7493,Pekalipan,Pulasaren,Hak Milik,00508,5.35476344931,Normal,3.0,Perumahan Sederhana,2.0,Lokal Setapak,1.0,6746,96.25893005369637,Sama,2.0,1.835479,1180.5589688,1889.22615843,2319.94578853,202.667885625,2039.30287554,36.05496652,36.0549665182,1688399.7493,39.9114500482,39.91145004819859,96.25893005369637,,
330,"(96552.76495230923, 756066.9393460454)",642,330,46.78509069319217,tetap,,1651819.54514,Pekalipan,Pulasaren,Hak Milik,00642,7.30418910567,Normal,3.0,Perumahan Sederhana,2.0,Lokal Setapak,1.0,8057,46.78509069319217,Sama,2.0,1.835479,1245.25514461,1863.75322077,2294.47285087,287.168376177,2009.55964077,28.5629181545,28.5629181523,1651819.54514,27.452862568,27.45286256803741,46.78509069319217,,
331,"(96464.68184270193, 755921.060370516)",169,331,138.72008473236448,tetap,,1375943.64799,Pekalipan,Pulasaren,Hak Milik,00169,8.55358441005,Normal,3.0,Perumahan Sederhana,2.0,Lokal Setapak,1.0,7371,138.72008473236448,Sama,2.0,1.835479,1515.32550564,1791.29078844,2032.57530448,597.89073433,1763.65589985,49.085840457,49.0858404554,1375943.64799,49.6661858828,49.66618588282503,138.72008473236448,,
332,"(96474.90718398678, 756163.1331522987)",99,332,49.566317561186395,tetap,,2614552.89338,Pekalipan,Pulasaren,Hak Milik,00099,4.37457980819,Normal,3.0,Perumahan Sederhana,2.0,Lokal Setapak,1.0,7459,49.566317561186395,Sama,2.0,3.41,1290.71860073,1768.32642628,2199.04605638,168.53527022,2119.69070964,31.3268270569,31.326827056,2614552.89338,30.9159115398,30.915911539826116,49.566317561186395,,
333,"(96436.78353945621, 756295.0267995419)",194,333,124.05950814872202,tetap,,2397118.30297,Pekalipan,Pulasaren,Hak Milik,00194,5.9014602835,Normal,3.0,Perumahan Sederhana,2.0,Lokal Setapak,1.0,7069,124.05950814872202,Sama,2.0,1.64,1341.48820249,1688.40284094,2119.12247104,259.126624264,2261.09502435,70.2689646065,70.2689646066,2397118.30297,44.8628571499,44.86285714993508,124.05950814872202,,
334,"(96815.39945735491, 756269.8057387562)",44,334,135.3031539560138,tetap,,1326192.10182,Pekalipan,Pulasaren,Hak Milik,00044,9.16673613532,Normal,3.0,Perumahan Sederhana,2.0,Lokal Setapak,1.0,6887,135.3031539560138,Sama,2.0,1.85,915.824704638,2122.21914137,2552.93877147,569.530638801,2296.57083428,46.9225623073,46.9225623093,1326192.10182,47.3152661697,47.31526616974086,135.3031539560138,,
335,"(96826.3183011565, 756290.3681664618)",196,335,172.69581141018645,tetap,,1313751.98644,Pekalipan,Pulasaren,Hak Milik,00196,7.75456018389,Normal,3.0,Perumahan Sederhana,2.0,Lokal Setapak,1.0,6955,172.69581141018645,Sama,2.0,1.85,910.090966326,2141.00335093,2571.72298104,588.314848368,2290.83709597,71.1910906668,71.1910906668,1313751.98644,60.0197266785,60.01972667849898,172.69581141018645,,
336,"(96585.08330440827, 756206.6268802648)",608,336,74.45252380796447,tetap,,1417649.89675,Pekalipan,Pulasaren,Hak Milik,00608,7.4187585007,Normal,3.0,Perumahan Sederhana,2.0,Lokal Setapak,1.0,6929,74.45252380796447,Sama,2.0,1.835479,1251.96138768,1879.25899033,2309.97862043,108.741525003,2110.70529442,33.6648172136,33.6648172141,1417649.89675,36.296069816,36.2960698160249,74.45252380796447,,
337,"(96509.98176837608, 756142.1520465938)",867,337,75.53362110026582,tetap,,1586980.49248,Pekalipan,Pulasaren,Hak Milik,00867,6.69121794653,Normal,3.0,Perumahan Sederhana,2.0,Lokal Setapak,1.0,7503,75.53362110026582,Sama,2.0,1.835479,1236.27714171,1815.34859806,2246.06822816,172.894088807,2095.02104845,35.9825231717,35.982523174,1586980.49248,35.3361654087,35.33616540874809,75.53362110026582,,
338,"(96395.19369260926, 755943.4838872743)",1836,338,209.93987880412683,tetap,,1325753.56689,Pekalipan,Pulasaren,Hak Milik,01836,18.9508023728,Normal,3.0,Perumahan Sederhana,2.0,Lokal Setapak,1.0,7126,209.93987880412683,Sama,2.0,1.835479,1652.06275902,1728.42829225,1969.71280829,669.666918956,1705.231689,59.9983665149,59.9983665149,1325753.56689,60.0799995123,60.07999951234666,209.93987880412683,,
339,"(96432.04466813078, 756172.202387283)",91,339,39.97613621329577,tetap,,1692218.39672,Pekalipan,Pulasaren,Hak Milik,00091,3.38430965617,Normal,3.0,Perumahan Sederhana,2.0,Lokal Setapak,1.0,6949,39.97613621329577,Sama,2.0,1.835479,1338.08358714,1725.82154432,2156.54117442,225.8122921,2152.27787586,29.9489144025,29.9489144029,1692218.39672,30.397778138,30.39777813799525,39.97613621329577,,
340,"(96346.64569099387, 756225.9772612426)",461,340,276.1892582431285,tetap,,2391707.74655,Pekalipan,Pulasaren,Hak Milik,00461,10.4194712582,Normal,3.0,Perumahan Sederhana,2.0,Lokal Setapak,1.0,6647,276.1892582431285,Sama,2.0,1.835479,1353.18035933,1650.2754649,2080.99509501,380.954658596,2276.39840855,66.7411711664,66.7411711673,2391707.74655,67.4611684356,67.46116843560021,276.1892582431285,,
341,"(96798.43311999878, 756202.4146932167)",206,341,90.49790201135136,tetap,,1382207.01429,Pekalipan,Pulasaren,Hak Milik,00206,5.93108850823,Normal,3.0,Perumahan Sederhana,2.0,Lokal Setapak,1.0,7029,90.49790201135136,Sama,2.0,1.835479,962.766231126,2175.02174128,2574.83686221,422.553986996,2194.6998201,42.7921954533,42.792195453,1382207.01429,42.6694385557,42.66943855574484,90.49790201135136,,
342,"(96432.6902072613, 756145.4112979649)",402,342,164.87074577386778,tetap,,1422423.24686,Pekalipan,Pulasaren,Hak Milik,00402,11.3056481193,Normal,3.0,Perumahan Sederhana,2.0,Lokal Setapak,1.0,7032,164.87074577386778,Sama,2.0,3.41,1326.97742565,1723.16674378,2153.88637388,214.70644724,2141.17171438,50.1153412967,50.1153412987,1422423.24686,51.4890149744,51.48901497442125,164.87074577386778,,
343,"(97021.79123307538, 756390.2090847165)",152,343,1336.121939214678,tetap,,7368011.63537,Pekalipan,Pulasaren,Hak Milik,00152,17.1004616854,Normal,3.0,Perdagangan dan Jasa Kelas 1,7.0,Lokal Primer,1.0,6979,1336.121939214678,Sama,2.0,6.19,583.290177815,1999.88128031,2729.25369779,560.155160152,2238.96510926,205.484004768,205.484004771,7368011.63537,207.616627125,207.6166271251952,1336.121939214678,,
344,"(96831.94011620471, 756211.9586308367)",307,344,39.43692963525932,tetap,,9573959.54573,Pekalipan,Pulasaren,Hak Milik,00307,30.846743981,Normal,3.0,Perdagangan dan Jasa Kelas 1,7.0,Lokal Setapak,1.0,7755,39.43692963525932,Sama,2.0,1.835479,1237.35792453,1842.26622533,2272.98585543,115.176665109,2096.10183127,64.1498272138,64.1498272133,9573959.54573,25.3018711245,25.301871124544594,39.43692963525932,,
345,"(96549.55570033092, 756100.0150340223)",948,345,66.20824280098913,tetap,,1463952.62627,Pekalipan,Pulasaren,Hak Milik,00948,7.29568387001,Normal,3.0,Perumahan Sederhana,2.0,Lokal Setapak,1.0,7178,66.20824280098913,Sama,2.0,1.835479,1165.65126113,1880.20880741,2310.92843751,187.760287645,2024.39516787,31.1064615904,31.1064615922,1463952.62627,33.7646837128,33.76468371276211,66.20824280098913,,
346,"(96755.95384997899, 756338.6020897642)",371,346,57.88709315329859,tetap,,1364889.70978,Pekalipan,Pulasaren,Hak Milik,00371,4.53801404286,Normal,3.0,Perumahan Sederhana,2.0,Lokal Setapak,1.0,6704,57.88709315329859,Sama,2.0,1.835478594,937.300759499,1992.78357122,2423.50320132,440.095068653,2332.43299736,29.6337533166,29.6337533213,1364889.70978,32.5924240772,32.592424077166314,57.88709315329859,,
347,"(96879.00695903828, 756244.2194281108)",472,347,122.27184259305476,tetap,,2566733.77937,Pekalipan,Pulasaren,Hak Milik,00472,8.85819756005,Hook,4.0,Perumahan Sederhana,2.0,Lokal Sekunder,1.0,6968,122.27184259305476,Sama,2.0,1.835479,868.494907115,2139.9274768,2664.70284988,538.041155363,2187.99756341,45.2339902187,45.2339902187,2566733.77937,44.6297933903,44.62979339029768,122.27184259305476,,
348,"(96455.13718293859, 756137.4299789192)",767,348,127.8656037549505,tetap,,1430415.19009,Pekalipan,Pulasaren,Hak Milik,00767,10.8945636429,Normal,3.0,Perumahan Sederhana,2.0,Lokal Setapak,1.0,7304,127.8656037549505,Sama,2.0,3.41,1309.99261545,1739.31184612,2170.03147622,197.722111134,2124.18690417,44.8875796307,44.8875796335,1430415.19009,45.3452057332,45.345205733162004,127.8656037549505,,
349,"(96500.19294896763, 756173.0007546121)",381,349,58.281117098130295,tetap,,2653168.43827,Pekalipan,Pulasaren,Hak Milik,00381,6.5194352213,Hook,4.0,Perumahan Sederhana,2.0,Lokal Setapak,1.0,6754,58.281117098130295,Sama,2.0,1.835479,1264.13197286,1802.85849391,2233.57812401,141.949386963,2122.8758796,31.9317569882,31.9317569898,2653168.43827,32.0509901756,32.050990175647684,58.281117098130295,,
350,"(96387.99433655241, 755853.8924731243)",164,350,110.4111105371224,tetap,,1341571.71705,Pekalipan,Pulasaren,Hak Milik,00164,14.023659369,Normal,3.0,Perumahan Sederhana,2.0,Lokal Setapak,1.0,7428,110.4111105371224,Sama,2.0,1.52,1703.81180912,1718.00529885,1959.28981489,728.601279385,1694.80847347,43.2741496564,43.2741496525,1341571.71705,43.9283786493,43.928378649339344,110.4111105371224,,
351,"(96624.50724096173, 756292.043361806)",734,351,141.84202068786388,tetap,,1685181.0967,Pekalipan,Pulasaren,Hak Milik,00734,8.09797542853,Normal,3.0,Perumahan Sederhana,2.0,Lokal Setapak,1.0,7000,141.84202068786388,Sama,2.0,1.835479,1115.5049856,1892.3047285,2323.02435861,101.090933544,2219.40810352,44.8665762342,44.8665762342,1685181.0967,53.5265363155,53.52653631550809,141.84202068786388,,
352,"(96234.19587127178, 756194.1654339518)",984,352,41.77903434384237,tetap,,1467192.06469,Pekalipan,Pulasaren,Hak Guna Bangunan,00984,9.65712641964,Normal,3.0,Perumahan Sederhana,2.0,Lokal Setapak,1.0,7840,41.77903434384237,Sama,2.0,1.835478594,1554.19480207,1477.11241179,1907.83204189,366.43276066,2150.81746496,28.0113059092,28.0113059078,1467192.06469,27.2969951704,27.29699517036509,41.77903434384237,,
353,"(96883.62496949338, 756386.4710763214)",383,353,454.5774346270542,tetap,,7924076.9014,Pekalipan,Pulasaren,Hak Milik,00383,9.30405287352,Normal,3.0,Perdagangan dan Jasa Kelas 1,7.0,Lokal Sekunder,2.0,6772,454.5774346270542,Sama,2.0,1.835479,758.320558903,1997.99725742,2522.7726305,438.417605269,2337.04002648,122.141817135,122.141817137,7924076.9014,122.543278581,122.54327858079458,454.5774346270542,,
354,"(96570.61299915053, 756198.757497227)",385,354,18.294321851231487,tetap,,6965755.191,Pekalipan,Pulasaren,Hak Milik,00385,7.40874626931,Normal,3.0,Industri,5.0,Lokal Primer,1.0,6938,18.294321851231487,Sama,2.0,1.835479,1238.19817826,1865.49632928,2296.21595938,94.9788639491,2096.942085,18.0996839201,18.0996839219,6965755.191,22.254560864,22.254560864042368,18.294321851231487,,
355,"(96312.98115537826, 756025.0519301387)",637,355,97.49411231126804,tetap,,1517704.79135,Pekalipan,Pulasaren,Hak Milik,00637,10.085366362,Normal,3.0,Perumahan Sederhana,2.0,Lokal Setapak,1.0,7427,97.49411231126804,Sama,2.0,1.835479,1742.84624198,1658.44739972,2089.16702982,547.767748591,1827.1130205,39.4840222039,39.4840222029,1517704.79135,39.5296047403,39.529604740306766,97.49411231126804,,
356,"(96396.27607410292, 756182.1962949487)",401,356,98.43168212398997,tetap,,1658265.94145,Pekalipan,Pulasaren,Hak Milik,00401,9.16200179986,Normal,3.0,Perumahan Sederhana,2.0,Lokal Setapak,1.0,7168,98.43168212398997,Sama,2.0,1.835479,1399.69729492,1667.18859657,2097.90822667,282.187642094,2213.89158364,39.9283679718,39.928367972,1658265.94145,41.4678404164,41.46784041637694,98.43168212398997,,
357,"(96405.32100403751, 756202.2153511784)",327,357,74.4825392997992,tetap,,1669937.07655,Pekalipan,Pulasaren,Hak Milik,00327,6.43604352475,Normal,3.0,Perumahan Sederhana,2.0,Lokal Setapak,1.0,6834,74.4825392997992,Sama,2.0,1.835479,1384.42799666,1684.65114523,2115.37077533,266.918894415,2198.62228538,38.020264797,38.0202647961,1669937.07655,37.6170031934,37.61700319340112,74.4825392997992,,
358,"(96478.8419953241, 756116.4516936883)",777,358,195.95801715811857,tetap,,3875920.92442,Pekalipan,Pulasaren,Hak Milik,00777,15.3866808709,Normal,3.0,Perumahan Menengah,3.0,Lokal Setapak,1.0,7479,195.95801715811857,Sama,2.0,1.835479,1256.97097875,1792.90484986,2223.62447996,208.571779179,2071.16526747,57.9639398751,57.963939876,3875920.92442,56.3778155576,56.37781555757672,195.95801715811857,,
359,"(96333.53507459065, 756037.8732537056)",999,359,31.019575101838967,tetap,,1676824.29155,Pekalipan,Pulasaren,Hak Milik,00999,3.70008787564,Normal,3.0,Perumahan Sederhana,2.0,Lokal Setapak,1.0,7908,31.019575101838967,Sama,2.0,1.835479,1376.42862577,1692.61855427,2123.33818437,258.919857371,2190.6229145,31.8197210678,31.8197210689,1676824.29155,24.6424242259,24.642424225877946,31.019575101838967,,
360,"(96578.80011110916, 756275.5823133797)",49,360,99.5121320190193,tetap,,1613725.55822,Pekalipan,Pulasaren,Hak Milik,00049,8.59380189885,Hook,4.0,Perumahan Sederhana,2.0,Lokal Setapak,1.0,6913,99.5121320190193,Sama,2.0,1.835479,1168.40803752,1837.72789279,2268.44752289,109.213163994,2202.38126761,40.5380619598,40.5380619583,1613725.55822,42.3967489744,42.39674897435802,99.5121320190193,,
361,"(96617.2911374488, 756275.9526119776)",589,361,140.23003014173887,tetap,,1663194.32156,Pekalipan,Pulasaren,Hak Milik,00589,14.4188822227,Hook,4.0,Perumahan Sederhana,2.0,Lokal Setapak,1.0,6762,140.23003014173887,Sama,2.0,1.835479,1115.82622107,1892.62564114,2323.34527124,82.801352391,2201.11820971,48.9252511553,48.9252511512,1663194.32156,47.793041897,47.79304189700944,140.23003014173887,,
362,"(96292.79762209939, 756314.8725756406)",0,362,0.0,tetap,0,0.0,Pekalipan,Pulasaren,Hak Milik, ,5.18242634033,Normal,3.0,Perdagangan dan Jasa Kelas 1,7.0,Lokal Primer,1.0,7188,137.03877798870226,Sama,2.0,1.835478594,1299.53713586,1492.43254327,1923.15217337,381.752892139,2226.19533305,60.4076621675,60.4076621662,8851989.13197,57.8547468699,57.85474686994661,137.03877798870226,,
363,"(96272.59508134922, 756051.1855469598)",1834,363,145.00725240894107,tetap,,1528828.00283,Pekalipan,Pulasaren,Hak Milik,01834,9.84927205922,Normal,3.0,Perumahan Sederhana,2.0,Lokal Setapak,1.0,6701,145.00725240894107,Sama,2.0,2.0,1805.82946575,1616.22039867,2046.94002877,505.540747536,1838.57044052,47.6688702828,47.6688702832,1528828.00283,48.9630442713,48.96304427127867,145.00725240894107,,
364,"(96805.31612777647, 756183.9604743636)",114,364,146.79382355291406,tetap,,1480767.3632,Pekalipan,Pulasaren,Hak Milik,00114,16.8986586456,Normal,3.0,Perumahan Sederhana,2.0,Lokal Setapak,1.0,7027,146.79382355291406,Sama,2.0,1.835479,950.084308524,2183.87690779,2562.15559568,409.872720466,2182.01789749,53.2169713654,53.2169713653,1480767.3632,52.2065916839,52.20659168390242,146.79382355291406,,
365,"(96765.16533738484, 756299.1200513082)",41,365,170.6694078696918,tetap,,1231919.59869,Pekalipan,Pulasaren,Hak Milik,00041,7.73462352381,Normal,3.0,Perumahan Sederhana,2.0,Lokal Setapak,1.0,6878,170.6694078696918,Sama,2.0,1.85,990.863859669,2046.34516451,2477.06479461,493.656661946,2285.61513133,58.327777997,58.3277780035,1231919.59869,58.6188779031,58.61887790309101,170.6694078696918,,
366,"(96373.81607808833, 756281.8886633845)",660,366,212.47485930714367,tetap,,3675677.97197,Pekalipan,Pulasaren,Hak Milik,00660,10.7320343343,Hook,4.0,Perumahan Menengah,3.0,Lokal Setapak,1.0,7250,212.47485930714367,Sama,2.0,3.78,1272.63575238,1619.55247598,2050.27210608,317.965898613,2266.14214017,59.4018939469,59.4018939465,3675677.97197,63.7031041217,63.703104121715825,212.47485930714367,,
367,"(96603.33868005524, 756276.9867860592)",974,367,37.60460036940893,tetap,,1602246.48727,Pekalipan,Pulasaren,Hak Milik,00974,3.02960000001,Normal,3.0,Perumahan Sederhana,2.0,Lokal Setapak,1.0,7751,37.60460036940893,Sama,2.0,1.835479,1099.19214971,1875.99213047,2306.71176058,101.160397269,2219.47795739,53.1003872471,53.1003872453,1602246.48727,25.4049590328,25.404959032814123,37.60460036940893,,
368,"(96575.84650996159, 756300.0614111179)",203,368,55.959478023412565,tetap,,1499451.66887,Pekalipan,Pulasaren,Hak Milik,00203,7.38164604157,Normal,3.0,Perumahan Sederhana,2.0,Lokal Setapak,1.0,6901,55.959478023412565,Sama,2.0,0.81,1099.04927846,1875.84922125,2306.56885135,139.820647992,2258.13939896,33.1430722666,33.1430722651,1499451.66887,30.9687315185,30.96873151845506,55.959478023412565,,
369,"(96563.0027813702, 756275.6859143128)",199,369,57.52919459516309,tetap,,1619068.32444,Pekalipan,Pulasaren,Hak Milik,00199,11.1789107089,Hook,4.0,Perumahan Sederhana,2.0,Lokal Setapak,1.0,6914,57.52919459516309,Sama,2.0,1.835479,1170.1720272,1840.40850913,2271.12813923,110.977141795,2205.06181462,54.1660227743,54.166022774,1619068.32444,32.3497889997,32.349788999736525,57.52919459516309,,
370,"(96447.57807021095, 756283.4879266345)",129,370,186.3859204596952,tetap,,2405360.85054,Pekalipan,Pulasaren,Hak Milik,00129,3.79243103451,Hook,4.0,Perumahan Sederhana,2.0,Lokal Setapak,1.0,7010,186.3859204596952,Sama,2.0,1.64,1344.38509936,1691.29949873,2122.01912883,243.841041656,2245.80912175,38.8135760143,38.8135760138,2405360.85054,54.9142730082,54.91427300816501,186.3859204596952,,
371,"(96604.11330571375, 756338.8905166273)",0,371,0.0,tetap,0,0.0,Pekalipan,Pulasaren,Hak Milik, ,7.07211798632,Normal,3.0,Perumahan Sederhana,2.0,Lokal Setapak,1.0,7113,24.08421598367318,Sama,2.0,1.31,1053.27835304,1830.08019367,2260.79982378,170.770831133,2289.0901472,18.8395712122,18.8395712092,1446531.51693,20.8530037862,20.853003786246113,24.08421598367318,,
372,"(96505.07991851524, 756194.8644666559)",9,372,32.16244117954833,tetap,,1817564.58915,Pekalipan,Pulasaren,Hak Milik,00009,6.93321507283,Normal,3.0,Perumahan Sederhana,2.0,Lokal Setapak,1.0,7413,32.16244117954833,Sama,2.0,0.8,1293.30251706,1808.56619967,2239.28582977,150.081553432,2152.0464238,26.254375535,26.2543755392,1817564.58915,25.0245269101,25.02452691013611,32.16244117954833,,
373,"(96834.42333817284, 756270.2083748991)",43,373,130.64371082573092,tetap,,1307120.42958,Pekalipan,Pulasaren,Hak Milik,00043,8.00923330676,Normal,3.0,Perumahan Sederhana,2.0,Lokal Setapak,1.0,7051,130.64371082573092,Sama,2.0,0.5,897.983365785,2137.65532693,2572.50174462,578.075674786,2278.72949543,46.8518596638,46.8518596627,1307120.42958,47.912720368,47.91272036798167,130.64371082573092,,
374,"(96932.45429002488, 756200.501237939)",283,374,95.91666220445842,tetap,,3856976.79643,Pekalipan,Pulasaren,Hak Milik,00283,5.00119032397,Tusuk Sate,2.0,Perumahan Menengah,3.0,Lokal Primer,1.0,6650,95.91666220445842,Sama,2.0,1.835479,806.675697388,2193.62327372,2705.24336776,552.960492548,2185.7208226,50.1046824096,50.1046824104,3856976.79643,48.3718055717,48.37180557172182,95.91666220445842,,
375,"(96555.88150525375, 756320.8799142261)",730,375,90.56393669708099,tetap,,1669291.75996,Pekalipan,Pulasaren,Hak Milik,00730,6.46989264926,Normal,3.0,Perumahan Sederhana,2.0,Lokal Setapak,1.0,6906,90.56393669708099,Sama,2.0,0.81,1135.81017455,1912.60970902,2343.32933912,176.581135755,2294.90029504,58.6021704694,58.6021704687,1669291.75996,57.4539598317,57.45395983167079,90.56393669708099,,
376,"(96337.82928385994, 756200.0219033574)",448,376,100.90725571689869,tetap,,2385581.40406,Pekalipan,Pulasaren,Hak Milik,00448,4.61023789564,Normal,3.0,Perumahan Sederhana,2.0,Lokal Setapak,1.0,7466,100.90725571689869,Sama,2.0,1.835479,1372.11504007,1618.96228136,2049.68191146,349.641475047,2245.08439021,30.1007739155,30.100773917,2385581.40406,40.6615568519,40.66155685190766,100.90725571689869,,
377,"(96388.88540238909, 756211.6421069955)",103,377,96.36051019031258,tetap,,1650668.40561,Pekalipan,Pulasaren,Hak Milik,00103,6.38642871398,Normal,3.0,Perumahan Sederhana,2.0,Lokal Setapak,1.0,6892,96.36051019031258,Sama,2.0,1.835479,1364.68788737,1711.60188003,2142.32151014,301.292369788,2246.36075846,42.3107794254,42.3107794234,1650668.40561,39.7797385777,39.779738577722284,96.36051019031258,,
378,"(96389.59012978274, 756028.757433174)",313,378,71.89775972122142,tetap,,1453066.15406,Pekalipan,Pulasaren,Hak Wakaf,00313,12.9571416977,Hook,4.0,Perumahan Sederhana,2.0,Lokal Setapak,1.0,7733,71.89775972122142,Sama,2.0,2.0,1744.27917424,1724.41848961,2120.7233712,613.73883848,1856.24737152,48.5173262245,48.5173262299,1453066.15406,38.1052004917,38.10520049168643,71.89775972122142,,
379,"(96560.08182130814, 756128.6383987966)",183,379,254.04103687422653,tetap,,9458337.25308,Pekalipan,Pulasaren,Hak Milik,00183,10.9744539799,Normal,3.0,Perdagangan dan Jasa Kelas 1,7.0,Lokal Primer,1.0,7534,254.04103687422653,Sama,2.0,1.835479,1199.36656917,1875.67948423,2306.39911433,135.985032637,2058.11047591,65.5378063739,65.5378063713,9458337.25308,68.7282352212,68.72823522123414,254.04103687422653,,
380,"(96301.66866774706, 756029.1853078308)",819,380,46.766796581370414,tetap,,1524814.19293,Pekalipan,Pulasaren,Hak Milik,00819,5.07835249668,Normal,3.0,Perumahan Sederhana,2.0,Lokal Setapak,1.0,7483,46.766796581370414,Sama,2.0,1.835479,1773.49769374,1644.96752257,2075.68715268,534.287871441,1833.40223872,28.5906728267,28.5906728267,1524814.19293,28.6607395664,28.66073956638799,46.766796581370414,,
381,"(96295.93900573476, 756025.508563679)",820,381,78.48698953508509,tetap,,1522325.72217,Pekalipan,Pulasaren,Hak Milik,00820,9.08105242938,Normal,3.0,Perumahan Sederhana,2.0,Lokal Setapak,1.0,7334,78.48698953508509,Sama,2.0,1.835479,1780.46274026,1643.51933922,2074.23896932,532.839688091,1826.3407785,35.4389189891,35.4389189909,1522325.72217,35.4719992297,35.47199922972283,78.48698953508509,,
382,"(96547.9669106592, 756064.974101576)",278,382,17.707204593569625,tetap,,1645908.24482,Pekalipan,Pulasaren,Hak Milik,00278,3.01539088815,Normal,3.0,Perumahan Sederhana,2.0,Lokal Setapak,1.0,7184,17.707204593569625,Sama,2.0,1.835479,1238.80663302,1857.30485397,2288.02448407,280.720009382,2003.11112919,19.2818064813,19.2818064818,1645908.24482,17.8062308851,17.806230885103155,17.707204593569625,,
383,"(96452.18442616725, 756336.5215026141)",109,383,167.7554734860441,tetap,,8652066.24648,Pekalipan,Pulasaren,Hak Milik,00109,27.6900288836,Hook,4.0,Perdagangan dan Jasa Kelas 1,7.0,Lokal Primer,3.0,6829,167.7554734860441,Sama,2.0,13.59,1148.34767953,1652.05299191,2082.77262202,341.481687668,2343.45203907,76.3375552604,76.3375552595,8652066.24648,56.6428434419,56.64284344193024,167.7554734860441,,
384,"(96593.56176224766, 756241.9587435456)",539,384,78.59670469075684,tetap,,1848131.83354,Pekalipan,Pulasaren,Hak Milik,00539,11.1990964578,Normal,3.0,Perumahan Sederhana,2.0,Lokal Setapak,1.0,7499,78.59670469075684,Sama,2.0,1.835479,1291.66866757,1918.9654005,2349.68503061,148.447935178,2150.41257431,35.0239123339,35.0239123372,1848131.83354,36.13597267,36.13597266998907,78.59670469075684,,
385,"(96845.8811998815, 756330.2913003917)",612,385,150.10485387636115,tetap,,1003939.54419,Pekalipan,Pulasaren,Hak Milik,00612,10.0281045109,Normal,3.0,Perumahan Sederhana,2.0,Lokal Setapak,1.0,7575,150.10485387636115,Sama,2.0,3.66,840.841024776,2080.51486216,2605.29023524,520.935210011,2298.613804,52.4049132512,52.4049132485,1003939.54419,50.0667350606,50.06673506060451,150.10485387636115,,
386,"(96373.44465218668, 755927.279056376)",688,386,118.47943331191655,tetap,,1341772.59295,Pekalipan,Pulasaren,Hak Milik,00688,3.14871368723,Normal,3.0,Perumahan Sederhana,2.0,Lokal Setapak,1.0,6991,118.47943331191655,Sama,2.0,1.835479,926.105580677,2190.09049592,2620.81012602,477.474849125,2245.60823698,43.4096818745,43.4096818771,1341772.59295,44.0164999331,44.016499933143606,118.47943331191655,,
387,"(96623.20833395162, 756371.1982291494)",723,387,577.3823323600667,tetap,,8351923.22043,Pekalipan,Pulasaren,Hak Milik,00723,4.95225409083,Normal,3.0,Perdagangan dan Jasa Kelas 1,7.0,Lokal Primer,3.0,6996,577.3823323600667,Sama,2.0,13.59,969.661037326,1824.1306723,2254.85030241,271.442169741,2389.76447184,79.9532648363,79.9532648393,8351923.22043,98.4637457809,98.46374578092504,577.3823323600667,,
388,"(96405.80826048763, 756221.0961538185)",265,388,372.770114746093,tetap,,3801078.18898,Pekalipan,Pulasaren,Hak Milik,00265,15.2327231532,Hook,4.0,Perumahan Menengah,3.0,Lokal Setapak,1.0,6679,372.770114746093,Sama,2.0,3.78,1341.64708149,1688.56173609,2119.28136619,259.581983447,2204.64918531,77.6726819567,77.6726819565,3801078.18898,77.3876387885,77.38763878846032,372.770114746093,,
389,"(96368.96232041648, 756011.1317909117)",830,389,78.02876158981636,tetap,,1480750.581,Pekalipan,Pulasaren,Hak Milik,00830,11.2733162746,Hook,4.0,Perumahan Sederhana,2.0,Lokal Setapak,1.0,7285,78.02876158981636,Sama,2.0,1.52,1710.20913246,1714.60002355,2086.65444497,603.920372427,1822.17732975,36.0127132971,36.0127132953,1480750.581,36.8259433831,36.82594338314105,78.02876158981636,,
390,"(96516.26437357954, 756116.3115247769)",70,390,59.85576905121934,tetap,,1457280.57819,Pekalipan,Pulasaren,Hak Milik,00070,3.80714671529,Tusuk Sate,2.0,Perumahan Sederhana,2.0,Lokal Setapak,1.0,7498,59.85576905121934,Sama,2.0,1.835479,1216.47428225,1879.00881511,2309.72844522,238.581666308,2063.48618146,30.2565937487,30.2565937472,1457280.57819,31.6343166175,31.634316617527006,59.85576905121934,,
391,"(96825.23797816953, 756270.3537440326)",617,391,138.1006689393774,tetap,,1313810.26157,Pekalipan,Pulasaren,Hak Milik,00617,9.76698703281,Normal,3.0,Perumahan Sederhana,2.0,Lokal Setapak,1.0,7158,138.1006689393774,Sama,2.0,1.85,906.208704383,2131.68292018,2562.40255028,578.994417611,2286.95483404,47.6643403921,47.6643403966,1313810.26157,47.6434452767,47.64344527667637,138.1006689393774,,
392,"(96639.11849102555, 756375.195367579)",541,392,214.85198434116086,tetap,,8312540.99927,Pekalipan,Pulasaren,Hak Milik,00541,14.312746278,Normal,3.0,Perdagangan dan Jasa Kelas 1,7.0,Lokal Primer,3.0,6848,214.85198434116086,Sama,2.0,13.59,943.35513841,1833.26389359,2263.9835237,280.57539103,2398.89818417,59.6641572635,59.6641572675,8312540.99927,63.4293385681,63.42933856814669,214.85198434116086,,
393,"(96413.23405065665, 755997.6268014912)",864,393,204.59553773631367,tetap,,1403474.32622,Pekalipan,Pulasaren,Hak Milik,00864,11.2333905464,Hook,4.0,Perumahan Sederhana,2.0,Lokal Setapak,1.0,7333,204.59553773631367,Sama,2.0,1.835479,1719.10762189,1771.26175045,2095.55271893,660.582099323,1831.07581917,59.2184320391,59.2184320415,1403474.32622,58.6721157759,58.67211577591358,204.59553773631367,,
394,"(96565.88814538188, 756093.7442873009)",1664,394,307.9530917501783,tetap,,1485062.3704,Pekalipan,Pulasaren,Hak Milik,01664,8.73061837945,Normal,3.0,Perumahan Sederhana,2.0,Lokal Primer,1.0,7169,307.9530917501783,Sama,2.0,1.835479,1238.89971885,1857.39774078,2288.11737088,280.812896192,2003.20421502,30.5163779483,30.5163779502,1485062.3704,84.1706782225,84.17067822251032,307.9530917501783,,
395,"(96629.78079178839, 756158.1451182653)",487,395,8427.209546640464,tetap,,9765267.79603,Pekalipan,Pulasaren,Kosong,00487,85.0072470043,Hook,4.0,Perdagangan dan Jasa Kelas 1,7.0,Lokal Primer,1.0,6665,8427.209546640464,Sama,2.0,1.835479,1236.79792486,1965.53947954,2396.25910964,50.2402530649,2162.5481035,360.68426445,360.684264447,9765267.79603,366.22867134,366.22867133955987,8427.209546640464,,
396,"(96801.75386007158, 756212.2829177382)",450,396,75.49952360719712,tetap,,1374973.87537,Pekalipan,Pulasaren,Hak Milik,00450,3.0086806964,Normal,3.0,Perumahan Sederhana,2.0,Lokal Setapak,1.0,7166,75.49952360719712,Sama,2.0,1.835479,954.39270686,2167.90563039,2598.62526049,455.289983604,2227.4367797,45.2194642681,45.2194642681,1374973.87537,45.139478621,45.13947862096109,75.49952360719712,,
397,"(96794.9011866458, 756212.7595303615)",451,397,130.99856868522969,tetap,,1389351.14004,Pekalipan,Pulasaren,Hak Milik,00451,5.94997521483,Hook,4.0,Perumahan Sederhana,2.0,Lokal Setapak,1.0,7167,130.99856868522969,Sama,2.0,1.835479,969.839327941,2160.95613198,2581.90966267,429.626787452,2201.77291691,55.6056199198,55.6056199174,1389351.14004,55.509046433,55.50904643302281,130.99856868522969,,
398,"(96492.93229369013, 756197.5928715738)",790,398,42.49515311593303,tetap,,1820517.62171,Pekalipan,Pulasaren,Hak Milik,00790,6.6314144466,Normal,3.0,Perumahan Sederhana,2.0,Lokal Setapak,1.0,6988,42.49515311593303,Sama,2.0,0.8,1297.25100707,1790.90404301,2221.62367311,154.029638417,2155.99491381,24.6017634622,24.60176346,1820517.62171,26.1297025947,26.129702594664188,42.49515311593303,,
399,"(96432.33759983683, 756128.5646604368)",167,399,151.79425028989405,tetap,,1531379.54292,Pekalipan,Pulasaren,Hak Milik,00167,10.3614768436,Hook,4.0,Perumahan Sederhana,2.0,Lokal Setapak,1.0,7317,151.79425028989405,Sama,2.0,3.41,1332.71133542,1714.89051082,2145.61014092,220.440112896,2145.85836778,53.4166800577,53.4166800602,1531379.54292,52.7706500211,52.77065002108447,151.79425028989405,,
400,"(96459.15088160227, 756236.0109946361)",780,400,153.4481815157689,tetap,,1257566.7846,Pekalipan,Pulasaren,Hak Milik,00780,6.11213990824,Tusuk Sate,2.0,Perumahan Sederhana,2.0,Lokal Setapak,1.0,6986,153.4481815157689,Sama,2.0,1.835479,1337.0082135,1731.36729375,2162.08692386,218.019188207,2219.98628558,58.3787403254,58.3787403252,1257566.7846,58.8177701024,58.817770102405305,153.4481815157689,,
401,"(96402.97069432956, 756326.2354234166)",173,401,47.15159130521344,tetap,,1706416.40401,Pekalipan,Pulasaren,Hak Milik,00173,11.7900136614,Normal,3.0,Perumahan Sederhana,2.0,Lokal Setapak,1.0,6984,47.15159130521344,Sama,2.0,2.08,1359.25464656,1719.72798739,2150.44761749,240.265161119,2242.23271863,51.6922207984,51.6922207968,1706416.40401,29.0798594532,29.07985945319734,47.15159130521344,,
402,"(96432.06480696065, 756279.4843829684)",291,402,71.39097951435197,tetap,,1183470.69681,Pekalipan,Pulasaren,Hak Milik,00291,3.53631276986,Normal,3.0,Perumahan Sederhana,2.0,Lokal Setapak,1.0,6743,71.39097951435197,Sama,2.0,1.64,1343.04095444,1689.9554779,2120.675108,246.235989885,2248.20418251,30.7679891031,30.7679891048,1183470.69681,34.0622367871,34.062236787118074,71.39097951435197,,
403,"(96455.30071529362, 756313.6976937582)",145,403,84.50740765418583,tetap,,2436365.68841,Pekalipan,Pulasaren,Hak Milik,00145,6.07224642888,Normal,3.0,Perumahan Sederhana,2.0,Lokal Setapak,1.0,6937,84.50740765418583,Sama,2.0,1.64,1360.78333753,1707.69806855,2138.41769865,282.410912539,2284.37934122,40.2780216976,40.2780216984,2436365.68841,40.9906862892,40.990686289154716,84.50740765418583,,
404,"(96803.87027817531, 756162.8406232937)",645,404,294.7701789753509,tetap,,3973379.02174,Pekalipan,Pulasaren,Hak Milik,00645,18.4822889714,Hook,4.0,Perumahan Menengah,3.0,Lokal Primer,1.0,8059,294.7701789753509,Sama,2.0,1.835479,899.414705847,2156.53531034,2534.81399823,382.531123015,2141.9219393,64.5231039697,64.5231039702,3973379.02174,70.7844126174,70.78441261741199,294.7701789753509,,
405,"(96416.85411143246, 756245.7227510224)",609,405,74.84122699626658,tetap,,3785703.2789,Pekalipan,Pulasaren,Hak Milik,00609,4.89918303609,Normal,3.0,Perumahan Menengah,3.0,Lokal Setapak,1.0,7550,74.84122699626658,Sama,2.0,3.78,1327.19113603,1674.10629228,2104.82592239,271.96284753,2217.0304574,42.8743917261,42.8743917258,3785703.2789,44.2972333254,44.297233325431016,74.84122699626658,,
406,"(96796.54690473108, 756287.0541675938)",834,406,209.6970304839118,tetap,,1370096.86309,Pekalipan,Pulasaren,Hak Milik,00834,13.9174934387,Normal,3.0,Perumahan Sederhana,2.0,Lokal Setapak,1.0,7543,209.6970304839118,Sama,2.0,1.85,952.620063827,2085.5540309,2516.27366101,532.865528338,2324.82532566,59.5588477727,59.5588477722,1370096.86309,58.872948229,58.87294822898586,209.6970304839118,,
407,"(96252.38591359719, 756163.754288207)",0,407,0.0,tetap,0,0.0,Pekalipan,Pulasaren,Hak Milik, ,8.25459561477,Hook,4.0,Perumahan Sederhana,2.0,Lokal Setapak,1.0,7115,35.595910577099694,Sama,2.0,1.51,1705.82475449,1504.58531251,1935.30494261,393.905661378,1981.17491976,34.9216089945,34.9216089931,1506796.77881,24.6114363722,24.61143637224366,35.595910577099694,,
408,"(96408.87354185591, 755861.427014013)",868,408,102.0070781937495,tetap,,1514590.97631,Pekalipan,Pulasaren,Hak Milik,00868,8.22995506774,Hook,4.0,Perumahan Sederhana,2.0,Lokal Setapak,1.0,7431,102.0070781937495,Sama,2.0,1.52,1804.37511672,1603.13242392,2033.85205402,492.452772791,2079.72528199,44.8566384888,44.8566384897,1514590.97631,44.0793932085,44.07939320846541,102.0070781937495,,
409,"(96970.36153393857, 756235.9217367376)",1049,409,134.07488601852117,tetap,,1542738.15046,Pekalipan,Pulasaren,Hak Guna Bangunan,01049,9.58956434791,Normal,3.0,Perumahan Sederhana,2.0,Lokal Setapak,1.0,8067,134.07488601852117,Sama,2.0,1.835479,793.021748405,2179.96981231,2735.72233709,615.94405703,2180.03500743,42.4884775066,42.4884775051,1542738.15046,54.2960274918,54.29602749183998,134.07488601852117,,
410,"(96324.34900812073, 756086.2138302618)",1831,410,146.8572951967504,tetap,,1568213.1472,Pekalipan,Pulasaren,Hak Milik,01831,7.97906393053,Normal,3.0,Perumahan Sederhana,2.0,Lokal Setapak,1.0,6646,146.8572951967504,Sama,2.0,2.0,1800.88214647,1635.08676009,2065.8063902,524.407108969,1905.63332388,52.6245640541,52.6245640575,1568213.1472,52.2553884108,52.25538841079755,146.8572951967504,,
411,"(96544.33364263175, 755877.4619092856)",191,411,131.1422659520779,tetap,,1383997.90401,Pekalipan,Pulasaren,Hak Milik,00191,9.51811607321,Hook,4.0,Perumahan Sederhana,2.0,Lokal Setapak,1.0,7370,131.1422659520779,Sama,2.0,1.835479,1403.44563897,1841.12049047,2082.40500651,486.01440131,1788.38534118,51.0988543691,51.098854371,1383997.90401,48.7918088625,48.79180886251787,131.1422659520779,,
412,"(96532.68741440198, 756201.336832621)",661,412,421.8493124096287,tetap,,9614414.97583,Pekalipan,Pulasaren,Hak Milik,00661,3.55324826173,Hook,4.0,Perdagangan dan Jasa Kelas 1,7.0,Lokal Primer,1.0,7242,421.8493124096287,Sama,2.0,0.8,1260.55768946,1835.41460664,2266.13423675,117.337560061,2119.3015962,87.4282353734,87.4282353774,9614414.97583,93.6109074198,93.61090741978147,421.8493124096287,,
413,"(96188.85382485339, 756297.3449091668)",873,413,95.73421086893667,tetap,,9173798.46538,Pekalipan,Pulasaren,Hak Milik,00873,9.19167125229,Normal,3.0,Perdagangan dan Jasa Kelas 1,7.0,Lokal Primer,1.0,7524,95.73421086893667,Sama,2.0,1.835478594,1401.72624529,1363.69966493,1794.41929503,253.020013797,2097.45793095,46.5086852649,46.5086852606,9173798.46538,44.4468273019,44.44682730189079,95.73421086893667,,
414,"(96743.41582696162, 756297.7692280764)",335,414,292.9777694594341,tetap,,1170654.77288,Pekalipan,Pulasaren,Hak Milik,00335,12.5399705417,Normal,3.0,Perumahan Sederhana,2.0,Lokal Setapak,1.0,6894,292.9777694594341,Sama,2.0,1.85,969.429229125,2024.91132863,2455.63095873,472.222826064,2264.18050079,72.2669136673,72.266913667,1170654.77288,73.2221297811,73.22212978113014,292.9777694594341,,
415,"(96217.102354043, 756263.1893778583)",7,415,288.41938567509476,tetap,,1332547.3693,Pekalipan,Pulasaren,Hak Milik,00007,33.1766512458,Hook,4.0,Perumahan Sederhana,2.0,Lokal Setapak,1.0,7533,288.41938567509476,Sama,2.0,1.835478594,1524.75613564,1447.67462397,1878.39425407,336.994972837,2181.43596327,85.287073099,85.287073096,1332547.3693,85.4968331636,85.49683316359908,288.41938567509476,,
416,"(96560.49793486034, 756071.8901830842)",477,416,33.27628571363092,tetap,,1660618.21851,Pekalipan,Pulasaren,Hak Milik,00477,5.60000717912,Normal,3.0,Perumahan Sederhana,2.0,Lokal Setapak,1.0,7351,33.27628571363092,Sama,2.0,1.835479,1254.23111634,1872.7289681,2303.4485982,296.144123513,2018.5356125,25.2337952124,25.2337952181,1660618.21851,23.5541200841,23.554120084067947,33.27628571363092,,
417,"(96421.81098714439, 756341.1609315975)",90,417,97.19287235183187,tetap,,8672406.88696,Pekalipan,Pulasaren,Hak Milik,00090,5.08287819325,Normal,3.0,Perdagangan dan Jasa Kelas 1,7.0,Lokal Primer,1.0,6934,97.19287235183187,Sama,2.0,2.08,1168.16708836,1610.95005489,2041.66968499,361.299976774,2344.71624097,50.7844352295,50.7844352317,8672406.88696,51.0495318357,51.049531835743025,97.19287235183187,,
418,"(96507.04680067314, 756178.3332938286)",758,418,88.38753705131897,tetap,,2660289.60495,Pekalipan,Pulasaren,Hak Milik,00758,10.6734767865,Hook,4.0,Perumahan Sederhana,2.0,Lokal Setapak,1.0,7457,88.38753705131897,Sama,2.0,1.835479,1265.97263615,1804.69906193,2235.41869204,143.789954987,2124.71654289,39.2385895834,39.2385895868,2660289.60495,42.138399507,42.1383995070258,88.38753705131897,,
419,"(96261.15979587959, 756043.4971115758)",682,419,43.46493847488595,tetap,,1515825.48986,Pekalipan,Pulasaren,Hak Milik,00682,3.49948401476,Normal,3.0,Perumahan Sederhana,2.0,Lokal Setapak,1.0,7286,43.46493847488595,Sama,2.0,2.0,1802.27131339,1601.02876452,2031.74839462,490.34911339,1823.64366654,31.0950720349,31.0950720332,1515825.48986,32.6635960091,32.66359600905062,43.46493847488595,,
420,"(96527.38619714188, 756062.5993513761)",654,420,92.54399450807675,tetap,,3762514.8819,Pekalipan,Pulasaren,Hak Milik,00654,10.1601477405,Hook,4.0,Perumahan Menengah,3.0,Lokal Setapak,1.0,7245,92.54399450807675,Sama,2.0,1.835479,1230.00631233,1829.8575786,2260.5772087,271.919809844,1994.31080849,45.3489867475,45.3489867467,3762514.8819,41.8289921729,41.828992172894814,92.54399450807675,,
421,"(96423.59779070772, 756283.4315436627)",791,421,83.28033911422786,tetap,,1157405.01055,Pekalipan,Pulasaren,Hak Milik,00791,5.38356980521,Normal,3.0,Perumahan Sederhana,2.0,Lokal Setapak,1.0,7310,83.28033911422786,Sama,2.0,1.64,1329.03087311,1675.94587206,2106.66550216,265.297278427,2267.26604646,46.4641547923,46.4641547938,1157405.01055,46.0092699053,46.00926990526958,83.28033911422786,,
422,"(96516.27097045442, 756104.2617898416)",180,422,131.64280240141917,tetap,,1460712.08983,Pekalipan,Pulasaren,Hak Milik,00180,8.43116791636,Normal,3.0,Perumahan Sederhana,2.0,Lokal Setapak,1.0,7350,131.64280240141917,Sama,2.0,1.835479,1208.47738486,1871.01208517,2301.73171527,230.584936355,2055.48928406,43.5366674629,43.5366674622,1460712.08983,48.162743143,48.162743142984496,131.64280240141917,,
423,"(96886.97128460753, 756330.2025293477)",710,423,101.26525689006067,tetap,,2420237.08695,Pekalipan,Pulasaren,Hak Milik,00710,8.45247967458,Normal,3.0,Perumahan Sederhana,2.0,Lokal Sekunder,2.0,6980,101.26525689006067,Sama,2.0,1.835479,804.778769871,2044.45377821,2569.2291513,484.874126067,2272.70209699,41.0584018293,41.0584018286,2420237.08695,41.0590704454,41.059070445430976,101.26525689006067,,
424,"(96339.19505729673, 756044.6588456023)",1004,424,75.58987416267394,tetap,,1583730.8758,Pekalipan,Pulasaren,Hak Milik,01004,5.00164187959,Normal,3.0,Perumahan Sederhana,2.0,Lokal Setapak,1.0,7159,75.58987416267394,Sama,2.0,1.52,1777.8201095,1649.29005142,2080.00968152,538.610400289,1886.7305604,54.9781040314,54.978104031,1583730.8758,34.8173832941,34.81738329406059,75.58987416267394,,
425,"(96406.52390725224, 755830.5489094221)",879,425,81.12215556684008,tetap,,1321570.26374,Pekalipan,Pulasaren,Hak Milik,00879,6.92001244193,Normal,3.0,Perumahan Sederhana,2.0,Lokal Setapak,1.0,7542,81.12215556684008,Sama,2.0,1.52,1620.82611451,1688.46305282,1929.74756886,703.38796081,1665.26504209,39.1083102754,39.1083102726,1321570.26374,36.8373491172,36.83734911720039,81.12215556684008,,
426,"(96796.3896730588, 756183.5923325251)",113,426,171.2315125580552,tetap,,1355427.54228,Pekalipan,Pulasaren,Hak Milik,00113,18.0272733579,Normal,3.0,Perumahan Sederhana,2.0,Lokal Setapak,1.0,7028,171.2315125580552,Sama,2.0,1.835479,941.392912589,2175.18553717,2553.46422506,401.181349846,2173.32650156,55.030148774,55.0301487751,1355427.54228,54.9781927316,54.97819273160232,171.2315125580552,,
427,"(96436.95070033283, 756342.6851901084)",625,427,104.56428291670304,tetap,,8647506.56836,Pekalipan,Pulasaren,Kosong,00625,4.81620770855,Normal,3.0,Perdagangan dan Jasa Kelas 1,7.0,Lokal Primer,1.0,6836,104.56428291670304,Sama,2.0,2.08,1149.55341817,1631.85700958,2062.57663968,342.686919046,2344.65777771,49.7566547435,49.7566547457,8647506.56836,52.3181111202,52.31811112021693,104.56428291670304,,
428,"(96325.53271566564, 756063.1744156556)",1011,428,182.99179063437592,tetap,,1552348.32008,Pekalipan,Pulasaren,Hak Milik,01011,12.0000398323,Normal,3.0,Perumahan Sederhana,2.0,Lokal Setapak,1.0,6779,182.99179063437592,Sama,2.0,2.0,1788.00394269,1622.20897905,2052.92860915,511.529327921,1892.7551201,56.1139996746,56.11399967,1552348.32008,55.3240718347,55.32407183468483,182.99179063437592,,
429,"(96479.91848310336, 756099.6976862327)",493,429,100.82810049780215,tetap,,1619303.28284,Pekalipan,Pulasaren,Hak Milik,00493,12.7997523916,Normal,3.0,Perumahan Sederhana,2.0,Lokal Setapak,1.0,6833,100.82810049780215,Sama,2.0,1.835479,1301.85071238,1774.35002319,2205.06965329,309.878198392,2066.15520854,50.1570387219,50.1570387187,1619303.28284,49.6758022118,49.67580221178418,100.82810049780215,,
430,"(96735.75088782376, 756276.6763315112)",691,430,165.55227850271334,tetap,,2578698.64894,Pekalipan,Pulasaren,Hak Milik,00691,4.76886082186,Normal,3.0,Perumahan Sederhana,2.0,Lokal Setapak,1.0,6854,165.55227850271334,Sama,2.0,1.835479,998.786112998,2054.2670892,2484.9867193,437.51669494,2209.6629789,53.5571142219,53.5571142201,2578698.64894,53.6684266807,53.668426680700804,165.55227850271334,,
431,"(96461.45711397575, 755863.2943587481)",418,431,128.58694216557876,tetap,,1356048.38425,Pekalipan,Pulasaren,Hak Milik,00418,11.1591191802,Normal,3.0,Perumahan Sederhana,2.0,Lokal Setapak,1.0,7547,128.58694216557876,Sama,2.0,1.835478594,1545.43164153,1746.58283168,1987.86734772,627.995811125,1699.11119166,45.7441537023,45.7441537026,1356048.38425,46.7844955474,46.78449554739291,128.58694216557876,,
432,"(96925.3486322964, 756198.8917000542)",937,432,183.1767283165264,tetap,,3881171.40965,Pekalipan,Pulasaren,Hak Milik,00937,9.74995340564,Normal,3.0,Perumahan Menengah,3.0,Lokal Primer,1.0,7890,183.1767283165264,Sama,2.0,1.835479,814.09074323,2194.73434429,2698.07870759,545.795832375,2178.55597752,59.2574991726,59.2574991708,3881171.40965,57.4175759627,57.41757596267627,183.1767283165264,,
433,"(96276.89364787635, 756125.5789844637)",455,433,64.7564749740867,tetap,,1601879.89497,Pekalipan,Pulasaren,Hak Milik,00455,10.7734913227,Tusuk Sate,2.0,Perumahan Sederhana,2.0,Lokal Setapak,1.0,7344,64.7564749740867,Sama,2.0,1.51,1785.70069482,1584.45867703,2015.17830713,473.779025898,2061.05086009,33.2350444991,33.2350444981,1601879.89497,33.1404742214,33.140474221427574,64.7564749740867,,
434,"(96258.81996292557, 756309.0936404247)",714,434,87.52525519988487,tetap,,8951066.13176,Pekalipan,Pulasaren,Hak Milik,00714,3.70852247239,Normal,3.0,Perdagangan dan Jasa Kelas 1,7.0,Lokal Primer,1.0,6950,87.52525519988487,Sama,2.0,1.835478594,1361.55357813,1448.50689538,1879.22652548,337.827244253,2182.26794771,60.1904037095,60.1904037081,8951066.13176,53.673473788,53.67347378796725,87.52525519988487,,
435,"(96528.2414760457, 755897.0957123897)",121,435,60.65535455451448,tetap,,1459580.04962,Pekalipan,Pulasaren,Hak Milik,00121,5.35664585446,Normal,3.0,Perumahan Sederhana,2.0,Lokal Setapak,1.0,7390,60.65535455451448,Sama,2.0,1.835479,1448.90985227,1867.57574789,2108.86026392,531.47711988,1833.84955448,32.6227750231,32.6227750206,1459580.04962,33.5298772577,33.529877257681974,60.65535455451448,,
436,"(96530.88686790374, 756320.3480600192)",456,436,83.18993232163672,tetap,,9459334.60251,Pekalipan,Pulasaren,Hak Milik,00456,6.95742151383,Normal,3.0,Perdagangan dan Jasa Kelas 1,7.0,Lokal Primer,3.0,7073,83.18993232163672,Sama,2.0,12.785432656,1142.40451633,1750.76468625,2181.48431635,208.453974895,2210.42070217,41.6500522401,41.65005224,9459334.60251,39.6471165741,39.64711657414999,83.18993232163672,,
437,"(96548.68419318584, 756340.1843478995)",1663,437,240.3336707068381,tetap,,1457695.88752,Pekalipan,Pulasaren,Hak Milik,01663,16.3645621232,Normal,3.0,Perumahan Sederhana,2.0,Lokal Setapak,1.0,6642,240.3336707068381,Sama,2.0,1.31,1061.60167303,1838.40383211,2269.12346221,198.0183371,2316.33793617,62.4605490585,62.460549054,1457695.88752,64.9344372935,64.93443729350409,240.3336707068381,,
438,"(96407.00802407737, 755964.1451942755)",188,438,34.92445533779036,tetap,,1377551.20691,Pekalipan,Pulasaren,Hak Milik,00188,3.67706231716,Normal,3.0,Perumahan Sederhana,2.0,Lokal Setapak,1.0,7828,34.92445533779036,Sama,2.0,1.835479,1598.22209571,1772.41089075,2051.70197687,661.73123962,1787.22359001,28.3912270061,28.3912270092,1377551.20691,25.9509878885,25.950987888464446,34.92445533779036,,
439,"(96785.11899919428, 756228.239182181)",701,439,173.09086006354,tetap,,1375914.71356,Pekalipan,Pulasaren,Hak Milik,00701,11.0229873791,Hook,4.0,Perumahan Sederhana,2.0,Lokal Setapak,1.0,7019,173.09086006354,Sama,2.0,1.835479,968.2396182,2147.89042036,2578.61005047,439.040957561,2211.18733768,51.448926789,51.4489267875,1375914.71356,52.3566516612,52.356651661181054,173.09086006354,,
440,"(96293.38302189461, 756047.4137174247)",818,440,44.138963776518665,tetap,,1533863.70717,Pekalipan,Pulasaren,Hak Milik,00818,5.08245212091,Normal,3.0,Perumahan Sederhana,2.0,Lokal Setapak,1.0,7358,44.138963776518665,Sama,2.0,2.0,1786.36819078,1620.57311405,2051.29274415,509.893462921,1853.32712955,28.0517109184,28.0517109171,1533863.70717,27.710415068,27.7104150679534,44.138963776518665,,
441,"(96452.26391305275, 756325.4837575046)",410,441,98.1711496320612,tetap,,2134337.29635,Pekalipan,Pulasaren,Hak Milik,00410,5.93066371834,Normal,3.0,Perumahan Sederhana,2.0,Lokal Setapak,1.0,7067,98.1711496320612,Sama,2.0,2.08,1161.74336423,1661.08479567,2091.80442577,354.877111953,2356.84772377,41.5732280876,41.5732280868,2134337.29635,43.4032213523,43.403221352307725,98.1711496320612,,
442,"(96819.99620194155, 756193.1008528875)",459,442,42.806558496955034,tetap,,1521339.85121,Pekalipan,Pulasaren,Hak Milik,00459,5.62118380042,Normal,3.0,Perumahan Sederhana,2.0,Lokal Setapak,1.0,7147,42.806558496955034,Sama,2.0,1.835479,972.788422026,2206.5807703,2584.85945819,432.576582977,2204.722011,26.0215811465,26.0215811465,1521339.85121,26.5951494912,26.595149491241767,42.806558496955034,,
443,"(96812.20600910191, 756191.2846180251)",460,443,50.493224159532204,tetap,,1504730.40551,Pekalipan,Pulasaren,Hak Milik,00460,4.58428259377,Normal,3.0,Perumahan Sederhana,2.0,Lokal Setapak,1.0,7148,50.493224159532204,Sama,2.0,1.835479,963.400700109,2197.19310119,2575.47178908,423.188913862,2195.33428908,24.3550798861,24.3550798879,1504730.40551,28.7047691406,28.704769140605144,50.493224159532204,,
444,"(96259.94127527048, 756029.1147726484)",1835,444,62.5704624918351,tetap,,1508319.68927,Pekalipan,Pulasaren,Hak Milik,01835,9.80394365742,Hook,4.0,Perumahan Sederhana,2.0,Lokal Setapak,1.0,7130,62.5704624918351,Sama,2.0,1.835478594,1792.56423219,1591.32198032,2022.04161042,480.642329198,1814.42963016,32.2716946668,32.2716946708,1508319.68927,32.1976115866,32.19761158664668,62.5704624918351,,
445,"(96848.54439310168, 756238.3474026023)",706,445,85.31719661821734,tetap,,1315371.78964,Pekalipan,Pulasaren,Hak Milik,00706,6.4624296181,Normal,3.0,Perumahan Sederhana,2.0,Lokal Setapak,1.0,6849,85.31719661821734,Sama,2.0,0.5,904.306898273,2175.73836829,2646.15620615,502.820929257,2223.80955457,40.7988075258,40.7988075259,1315371.78964,41.2436688326,41.243668832561205,85.31719661821734,,
446,"(96477.731652055, 756310.5444571559)",166,446,85.09991971686541,tetap,,2231499.42521,Pekalipan,Pulasaren,Hak Milik,00166,6.00548837034,Normal,3.0,Perumahan Sederhana,2.0,Lokal Primer,3.0,7074,85.09991971686541,Sama,2.0,12.785432656,1159.53245273,1767.89289144,2198.61252154,242.413188862,2244.38019689,39.684484383,39.6844843853,2231499.42521,40.2316299636,40.23162996362457,85.09991971686541,,
447,"(96465.28821822251, 756238.4511852963)",17,447,137.54612594947523,tetap,,1242301.53991,Pekalipan,Pulasaren,Hak Milik,00017,7.64058727169,Normal,3.0,Perumahan Sederhana,2.0,Lokal Setapak,1.0,6987,137.54612594947523,Sama,2.0,1.64,1325.53630547,1736.66968266,2167.38931276,206.547600765,2208.51437755,55.549264867,55.5492648664,1242301.53991,56.4874963065,56.487496306541,137.54612594947523,,
448,"(96257.06257086093, 756182.1990056093)",737,448,81.76160909420467,tetap,,1487174.53789,Pekalipan,Pulasaren,Hak Milik,00737,8.64634735174,Normal,3.0,Perumahan Sederhana,2.0,Lokal Setapak,1.0,7854,81.76160909420467,Sama,2.0,1.835479,1581.71815216,1504.63482223,1935.35445233,393.955171101,2178.34081505,38.3090508765,38.3090508765,1487174.53789,36.2955090777,36.2955090777487,81.76160909420467,,
449,"(96396.35556942789, 756234.2053761145)",170,449,69.63817557009693,tetap,,3784905.17965,Pekalipan,Pulasaren,Hak Milik,00170,16.5161247165,Hook,4.0,Perumahan Menengah,3.0,Lokal Setapak,1.0,7473,69.63817557009693,Sama,2.0,1.835479,1336.44478784,1683.35925203,2114.07888213,273.049741776,2218.11765892,46.1552391018,46.1552390985,3784905.17965,45.6153713002,45.61537130023665,69.63817557009693,,
450,"(96623.4052174641, 756235.1718031159)",368,450,91.09358801240961,tetap,,1899079.59792,Pekalipan,Pulasaren,Hak Milik,00368,5.87196994822,Normal,3.0,Perumahan Sederhana,2.0,Lokal Setapak,1.0,6928,91.09358801240961,Sama,2.0,1.835479,1158.76816196,1910.73531315,2341.45494325,38.9206157122,2157.23610062,36.0917765456,36.0917765439,1899079.59792,38.4358172221,38.43581722207733,91.09358801240961,,
451,"(96407.27693830604, 755921.3340044953)",891,451,158.77867340150732,tetap,,1326636.25098,Pekalipan,Pulasaren,Hak Milik,00891,13.2015579172,Normal,3.0,Perumahan Sederhana,2.0,Lokal Setapak,1.0,7332,158.77867340150732,Sama,2.0,1.61,1589.09839285,1750.55688841,1991.84140444,671.661116252,1727.3610066,50.9215220168,50.9215220157,1326636.25098,50.4607460042,50.46074600424166,158.77867340150732,,
452,"(96321.0584929502, 756041.4022746785)",1829,452,31.2143256037455,tetap,,1342991.88146,Pekalipan,Pulasaren,Hak Milik,01829,3.46174125055,Normal,3.0,Perumahan Sederhana,2.0,Lokal Setapak,1.0,6739,31.2143256037455,Sama,2.0,1.835479,1655.06092352,1752.21709854,1995.88920365,641.537447407,1731.40905782,25.3113910389,25.3113910429,1342991.88146,26.3261162844,26.326116284381243,31.2143256037455,,
453,"(96347.25842680712, 756017.764481457)",997,453,82.23871824295216,tetap,,1486548.41892,Pekalipan,Pulasaren,Hak Milik,00997,6.79131207516,Tusuk Sate,2.0,Perumahan Sederhana,2.0,Lokal Setapak,1.0,6661,82.23871824295216,Sama,2.0,1.835479,1710.73673835,1662.91094376,2087.18218372,552.231292633,1822.70493563,43.6546219905,43.6546219937,1486548.41892,43.8669047047,43.866904704741074,82.23871824295216,,
454,"(96602.49779442449, 756316.1048120753)",590,454,76.00138453887864,tetap,,1455308.30593,Pekalipan,Pulasaren,Hak Milik,00590,7.49997506634,Normal,3.0,Perumahan Sederhana,2.0,Lokal Setapak,1.0,7171,76.00138453887864,Sama,2.0,1.31,1068.83318109,1845.6342589,2276.353889,140.753266486,2259.07180289,35.8119715309,35.8119715306,1455308.30593,36.0488272116,36.04882721164064,76.00138453887864,,
455,"(96324.01040869518, 756031.7511559085)",822,455,30.970356756784092,tetap,,1520757.10267,Pekalipan,Pulasaren,Hak Milik,00822,3.33392968408,Normal,3.0,Perumahan Sederhana,2.0,Lokal Setapak,1.0,7330,30.970356756784092,Sama,2.0,1.835479,1733.17984943,1648.78130904,2079.50093914,538.101657911,1836.30959873,25.6159665083,25.6159665044,1520757.10267,26.1745655005,26.17456550045188,30.970356756784092,,
456,"(96413.81060201296, 755868.2777551686)",888,456,59.149601731503054,tetap,,1355279.92336,Pekalipan,Pulasaren,Hak Milik,00888,6.22908887439,Normal,3.0,Perumahan Sederhana,2.0,Lokal Setapak,1.0,7450,59.149601731503054,Sama,2.0,1.52,1596.57029253,1748.36770392,1989.65221996,679.133073461,1725.17150037,20.8932220865,20.8932220852,1355279.92336,32.2690022677,32.2690022677276,59.149601731503054,,
457,"(96721.05963826951, 756218.6449501709)",61,457,150.66969467470062,tetap,,2458725.57844,Pekalipan,Pulasaren,Hak Milik,00061,17.1503906258,Normal,3.0,Perumahan Sederhana,2.0,Lokal Sekunder,2.0,6963,150.66969467470062,Sama,2.0,2.69,1035.31325517,2090.79300308,2521.51263319,370.345397783,2142.48960114,53.0659263306,53.0659263315,2458725.57844,54.3800633618,54.380063361843774,150.66969467470062,,
458,"(96547.02459324278, 756137.2638592708)",956,458,90.28236560378427,tetap,,1621087.18114,Pekalipan,Pulasaren,Hak Milik,00956,7.11992248916,Normal,3.0,Perumahan Sederhana,2.0,Lokal Setapak,1.0,7749,90.28236560378427,Sama,2.0,1.835479,1198.24799313,1852.59779817,2283.31742828,134.866073358,2056.99189987,36.837465635,36.837465635,1621087.18114,38.6620307269,38.66203072693679,90.28236560378427,,
459,"(96763.21449687397, 756352.4069800817)",374,459,67.78015208963457,tetap,,1347990.77128,Pekalipan,Pulasaren,Hak Milik,00374,3.46108612715,Normal,3.0,Perumahan Sederhana,2.0,Lokal Setapak,1.0,6721,67.78015208963457,Sama,2.0,1.835478594,930.403068725,1985.88614127,2416.60577137,433.197638705,2325.53530658,33.673603308,33.6736033038,1347990.77128,34.3422295782,34.34222957815628,67.78015208963457,,
460,"(96703.145610333, 756218.5442358117)",715,460,345.4726888726129,tetap,,2476400.39436,Pekalipan,Pulasaren,Hak Milik,00715,19.2303475701,Normal,3.0,Perumahan Sederhana,2.0,Lokal Sekunder,2.0,6857,345.4726888726129,Sama,2.0,2.69,1041.12919382,2096.60894679,2526.96787333,374.684998113,2146.82920292,73.5599808885,73.5599808885,2476400.39436,74.2473385871,74.2473385871395,345.4726888726129,,
461,"(96428.77413543784, 755941.1837635367)",866,461,117.13675549411006,tetap,,1363293.17893,Pekalipan,Pulasaren,Hak Milik,00866,8.27370538381,Normal,3.0,Perumahan Sederhana,2.0,Lokal Setapak,1.0,7331,117.13675549411006,Sama,2.0,1.61,1542.58790604,1797.82460461,2039.10912065,625.152194614,1774.63028717,44.4944236852,44.4944236904,1363293.17893,44.8042818344,44.80428183444367,117.13675549411006,,
462,"(96497.96903316175, 756314.339061842)",0,462,0.0,tetap,0,0.0,Pekalipan,Pulasaren,Hak Milik, ,6.98579523383,Normal,3.0,Perdagangan dan Jasa Kelas 1,7.0,Lokal Primer,3.0,6726,207.80950353041987,Sama,2.0,12.785432656,1142.65778746,1751.01809199,2181.7377221,219.555461315,2221.52243937,67.1751556748,67.1751556733,9455226.16894,69.5500251785,69.550025178546,207.80950353041987,,
463,"(96733.04841153805, 756317.6261155815)",713,463,154.4315975851542,tetap,,2329566.71202,Pekalipan,Pulasaren,Hak Milik,00713,8.73011149101,Hook,4.0,Perumahan Sederhana,2.0,Lokal Setapak,1.0,7056,154.4315975851542,Sama,2.0,1.85,951.308691071,2006.79110018,2437.51073028,454.10259762,2246.05996273,51.4199390284,51.4199390301,2329566.71202,51.4320413761,51.432041376057285,154.4315975851542,,
464,"(96291.57311442311, 756289.0033174143)",932,464,94.73340724145433,tetap,,1381784.96602,Pekalipan,Pulasaren,Hak Milik,00932,5.81570271524,Normal,3.0,Perumahan Sederhana,2.0,Lokal Setapak,1.0,6780,94.73340724145433,Sama,2.0,1.835478594,1654.98666741,1772.79388159,2014.07839763,669.912562926,1749.59872764,34.6055295863,34.6055295899,1381784.96602,41.2000309819,41.20003098189801,94.73340724145433,,
465,"(96343.12014606157, 756067.6978475486)",1020,465,26.021722222994747,tetap,,1487325.88227,Pekalipan,Pulasaren,Hak Guna Bangunan,01020,7.29031763473,Normal,3.0,Perumahan Sederhana,2.0,Lokal Setapak,1.0,8063,26.021722222994747,Sama,2.0,1.52,1809.59062551,1643.79484294,2074.51447304,533.115191811,1914.34180293,33.4803834241,33.4803834226,1487325.88227,21.4834861973,21.48348619726338,26.021722222994747,,
466,"(96299.10525008489, 756261.5478512599)",392,466,78.08325377655927,tetap,,1302756.36932,Pekalipan,Pulasaren,Hak Milik,00392,5.79310996328,Normal,3.0,Perumahan Sederhana,2.0,Lokal Setapak,1.0,6944,78.08325377655927,Sama,2.0,1.835478594,1357.61334452,1550.50691304,1981.22654314,439.827261908,2284.27154171,39.0216558892,39.0216558877,1302756.36932,39.0090169316,39.0090169316165,78.08325377655927,,
467,"(96291.06674431938, 756119.8809097133)",158,467,59.9336009874881,tetap,,1609895.07046,Pekalipan,Pulasaren,Hak Milik,00158,13.2948526809,Hook,4.0,Perumahan Sederhana,2.0,Lokal Setapak,1.0,7418,59.9336009874881,Sama,2.0,1.835479,1781.54155019,1580.29956116,2011.01919126,469.619910034,2056.89171547,38.1623965934,38.1623965929,1609895.07046,35.2071061203,35.20710612025254,59.9336009874881,,
468,"(96404.41076017168, 756260.9911112216)",192,468,165.02027516553287,tetap,,3743286.22883,Pekalipan,Pulasaren,Hak Milik,00192,12.8531525674,Normal,3.0,Perumahan Menengah,3.0,Lokal Setapak,1.0,7137,165.02027516553287,Sama,2.0,3.78,1304.20250336,1651.11829052,2081.83792062,290.241514518,2235.30974984,50.8477703038,50.8477702984,3743286.22883,51.5465009841,51.54650098408368,165.02027516553287,,
469,"(96490.69152146386, 756119.0886306135)",119,469,63.8247032695555,tetap,,3872054.15022,Pekalipan,Pulasaren,Hak Milik,00119,4.72496723092,Hook,4.0,Perumahan Menengah,3.0,Lokal Setapak,1.0,7349,63.8247032695555,Sama,2.0,1.835479,1248.40634386,1791.89537315,2222.61500326,207.562302476,2062.60063258,40.6494921183,40.6494921195,3872054.15022,39.5197450151,39.5197450150617,63.8247032695555,,
470,"(96753.09261026939, 756190.847229733)",724,470,142.23685561045116,tetap,,1450297.9223,Pekalipan,Pulasaren,Hak Milik,00724,7.863333956,Normal,3.0,Perumahan Sederhana,2.0,Lokal Setapak,1.0,6999,142.23685561045116,Sama,2.0,1.835479,1061.25456038,1838.05568793,2268.77531803,133.210488641,2251.52910426,26.7936147643,26.7936147665,1450297.9223,59.5911051778,59.59110517776233,142.23685561045116,,
471,"(96722.43289033142, 756171.0255273234)",963,471,246.0344800323281,tetap,,1373834.12814,Pekalipan,Pulasaren,Hak Milik,00963,4.49937329183,Normal,3.0,Perumahan Sederhana,2.0,Lokal Sekunder,2.0,7788,246.0344800323281,Sama,2.0,2.69,1488.95290463,1411.87269586,1842.59232597,301.19304473,2085.57556752,30.3647328398,30.3647328384,1373834.12814,71.583188772,71.58318877200148,246.0344800323281,,
472,"(96351.17366591544, 756324.540140668)",250,472,266.41476650991984,tetap,,8823878.95031,Pekalipan,Pulasaren,Hak Milik,00250,4.51320134392,Normal,3.0,Perdagangan dan Jasa Kelas 1,7.0,Lokal Primer,1.0,7064,266.41476650991984,Sama,2.0,3.78,1242.9788945,1589.89697722,2020.61660732,364.130027659,2312.30759538,103.409305617,103.409305617,8823878.95031,84.7021244616,84.7021244616266,266.41476650991984,,
473,"(96315.13017175136, 756061.0083166758)",1009,473,68.0042168454624,tetap,,1508374.44669,Pekalipan,Pulasaren,Hak Milik,01009,10.0000002,Hook,4.0,Perumahan Sederhana,2.0,Lokal Setapak,1.0,7112,68.0042168454624,Sama,2.0,2.0,1772.83114448,1607.03652642,2037.75615652,496.356875281,1877.5823219,33.4591519035,33.4591519038,1508374.44669,33.0312308944,33.0312308943978,68.0042168454624,,
474,"(96412.58762392844, 756331.8769754103)",174,474,13.117940662039384,tetap,,10640153.7249,Pekalipan,Pulasaren,Hak Milik,00174,8.13460222063,Normal,3.0,Perdagangan dan Jasa Kelas 1,7.0,Lokal Setapak,1.0,7059,13.117940662039384,Sama,2.0,2.08,1257.15547062,1604.0734483,2034.7930784,375.01416039,2323.19165183,25.3889944053,25.3889944082,10640153.7249,15.3749125898,15.374912589776601,13.117940662039384,,
475,"(96710.02024104667, 756257.0723974193)",680,475,121.9302438215397,tetap,,2416829.83629,Pekalipan,Pulasaren,Hak Milik,00680,8.23633476573,Normal,3.0,Perumahan Sederhana,2.0,Lokal Sekunder,2.0,6873,121.9302438215397,Sama,2.0,2.69,1000.38798933,2055.86885478,2486.58848489,408.945363707,2181.0906641,45.8433596743,45.8433596715,2416829.83629,44.566257568,44.56625756799001,121.9302438215397,,
476,"(96502.7117310126, 755914.7310208192)",247,476,134.245076866956,tetap,,1454650.06508,Pekalipan,Pulasaren,Hak Milik,00247,8.86439497224,Normal,3.0,Perumahan Sederhana,2.0,Lokal Setapak,1.0,7293,134.245076866956,Sama,2.0,1.835479,1775.72383101,1651.01553398,2016.94214787,540.335882851,1752.46264443,46.6656745598,46.6656745586,1454650.06508,47.2792359998,47.27923599980696,134.245076866956,,
477,"(96441.3849692411, 755932.0468331941)",776,477,86.31358655955316,tetap,,1354112.58461,Pekalipan,Pulasaren,Hak Milik,00776,6.84061535296,Normal,3.0,Perumahan Sederhana,2.0,Lokal Setapak,1.0,7469,86.31358655955316,Sama,2.0,1.61,1376.52532426,1569.41822674,2000.13785684,420.978408187,2303.18352145,36.3999399549,36.399939953,1354112.58461,37.3143071158,37.314307115766475,86.31358655955316,,
478,"(96326.78732663405, 756047.406680452)",1006,478,66.76937903564261,tetap,,1498172.12259,Pekalipan,Pulasaren,Hak Milik,01006,8.99996929841,Hook,4.0,Perumahan Sederhana,2.0,Lokal Setapak,1.0,7142,66.76937903564261,Sama,2.0,1.52,1753.68960539,1625.15996456,2055.87959466,514.480313427,1862.6000563,29.9998608392,29.9998608414,1498172.12259,32.7889246987,32.78892469866533,66.76937903564261,,
479,"(96446.11763147036, 756312.4451550061)",146,479,18.999979017451516,tetap,,2935003.7007,Pekalipan,Pulasaren,Hak Milik,00146,5.87951231765,Normal,3.0,Perumahan Sederhana,2.0,Lokal Setapak,1.0,7068,18.999979017451516,Sama,2.0,1.64,1348.99808636,1695.91302657,2126.63265667,281.353551457,2283.32219233,18.3958790027,18.395879,2935003.7007,18.1657764638,18.165776463761254,18.999979017451516,,
480,"(96603.40116645642, 756305.5394042139)",494,480,95.53730317008655,tetap,,1515418.8862,Pekalipan,Pulasaren,Hak Milik,00494,7.38794409285,Normal,3.0,Perumahan Sederhana,2.0,Lokal Setapak,1.0,6758,95.53730317008655,Sama,2.0,1.835479,1083.95555334,1860.75606744,2291.47569754,117.839575544,2236.15753292,38.7205760119,38.720576012,1515418.8862,40.5206271307,40.52062713070825,95.53730317008655,,
481,"(96819.10130266502, 756198.4337053355)",314,481,42.89559461123247,tetap,,1509259.49892,Pekalipan,Pulasaren,Hak Milik,00314,6.9051643377,Normal,3.0,Perumahan Sederhana,2.0,Lokal Setapak,1.0,6653,42.89559461123247,Sama,2.0,1.835479,957.136748538,2194.97147477,2625.69110487,482.355827978,2254.50299052,24.9711881106,24.9711881109,1509259.49892,26.7297117515,26.729711751518753,42.89559461123247,,
482,"(96527.75875162786, 756216.4387038938)",303,482,459.27824896449073,tetap,,9616450.93106,Pekalipan,Pulasaren,Hak Milik,00303,8.6516103325,Hook,4.0,Perdagangan dan Jasa Kelas 1,7.0,Lokal Primer,1.0,6835,459.27824896449073,Sama,2.0,0.8,1265.85694994,1834.49951324,2265.21914335,122.636731499,2124.60085668,96.8021661824,96.8021661833,9616450.93106,98.1296898703,98.1296898703194,459.27824896449073,,
483,"(96408.10300877795, 755819.1616080123)",858,483,105.89360390006303,tetap,,5155414.60742,Pekalipan,Pulasaren,Hak Milik,00858,9.48141894249,Normal,3.0,Perumahan Mewah,4.0,Lokal Setapak,1.0,7337,105.89360390006303,Sama,2.0,1.52,1553.01923453,1634.97663202,1876.26114806,635.583170446,1611.77687314,44.3243605411,44.3243605388,5155414.60742,42.6813142459,42.68131424590295,105.89360390006303,,
484,"(96596.5540468821, 756219.769804282)",1022,484,118.52219954496341,tetap,,1768434.33997,Pekalipan,Pulasaren,Hak Milik,01022,4.56691799856,Normal,3.0,Perumahan Sederhana,2.0,Lokal Setapak,1.0,6651,118.52219954496341,Sama,2.0,1.835479,1256.83899248,1884.13643433,2314.85606443,113.618969004,2115.58289921,73.7290735481,73.7290735416,1768434.33997,57.6266792086,57.6266792086257,118.52219954496341,,
485,"(96330.7612766713, 756041.855526709)",1005,485,52.65242286456124,tetap,,1492402.28551,Pekalipan,Pulasaren,Hak Milik,01005,5.99768102239,Normal,3.0,Perumahan Sederhana,2.0,Lokal Setapak,1.0,6682,52.65242286456124,Sama,2.0,1.835479,1738.3625359,1630.60238826,2061.32201836,519.922737129,1850.33073318,29.997666518,29.997666521,1492402.28551,30.1915726541,30.19157265414867,52.65242286456124,,
486,"(96907.97383421283, 756258.6901383058)",209,486,162.61967295629094,tetap,,2499029.03946,Pekalipan,Pulasaren,Hak Milik,00209,8.50842334774,Normal,3.0,Perumahan Sederhana,2.0,Lokal Sekunder,1.0,7155,162.61967295629094,Sama,2.0,1.835479,852.307909853,2153.68233364,2678.45770672,594.10268149,2234.97281767,56.7072927867,56.7072927827,2499029.03946,58.531695386,58.53169538595521,162.61967295629094,,
487,"(96347.4543965493, 755829.3943567144)",269,487,43.90024899817568,tetap,,1277957.72523,Pekalipan,Pulasaren,Hak Milik,00269,3.72156393198,Hook,4.0,Perumahan Sederhana,2.0,Lokal Setapak,1.0,7369,43.90024899817568,Sama,2.0,1.52,1678.65632136,1627.71530508,1868.99982112,699.897566751,1604.51553128,31.5545704158,31.5545704128,1277957.72523,31.5544323152,31.55443231522308,43.90024899817568,,
488,"(96563.40390722337, 756250.6485791061)",216,488,138.0092370897661,tetap,,9726327.26383,Pekalipan,Pulasaren,Hak Milik,00216,5.00983456519,Normal,3.0,Perdagangan dan Jasa Kelas 1,7.0,Lokal Primer,1.0,6728,138.0092370897661,Sama,2.0,1.835479,1299.76882462,1927.06521546,2357.78484556,156.547750134,2158.51273135,56.9644920296,56.9644920284,9726327.26383,67.48262499,67.48262499004022,138.0092370897661,,
489,"(96461.40472974424, 755951.6064643118)",30,489,52.46091154952401,tetap,,1339781.52449,Pekalipan,Pulasaren,Hak Milik,00030,5.65817574108,Normal,3.0,Perumahan Sederhana,2.0,Lokal Setapak,1.0,7389,52.46091154952401,Sama,2.0,1.61,1666.70600675,1741.20902273,1982.49353877,651.678394109,1718.01291232,30.7142046574,30.7142046563,1339781.52449,30.6693819035,30.66938190354723,52.46091154952401,,
490,"(96802.77491670875, 756255.733051478)",992,490,47.02446646446568,tetap,,1509880.61104,Pekalipan,Pulasaren,Hak Milik,00992,5.25670545092,Normal,3.0,Perumahan Sederhana,2.0,Lokal Setapak,1.0,6648,47.02446646446568,Sama,2.0,1.85,1028.83709411,2119.96438106,2550.68401116,480.981513504,2253.12870201,16.967950802,16.9679508001,1509880.61104,31.6521538819,31.65215388188961,47.02446646446568,,
491,"(96368.25905005008, 756187.6678086122)",529,491,119.46093724250306,tetap,,1638506.39815,Pekalipan,Pulasaren,Hak Milik,00529,5.82667193145,Normal,3.0,Perumahan Sederhana,2.0,Lokal Setapak,1.0,7309,119.46093724250306,Sama,2.0,1.835479,1426.78581713,1649.02113314,2079.74076325,309.2754784,2225.05999275,49.3112497906,49.3112497885,1638506.39815,49.5378493128,49.53784931282005,119.46093724250306,,
492,"(96548.45290305883, 756370.3243689102)",154,492,73.25098255241973,tetap,,8442996.44615,Pekalipan,Pulasaren,Hak Milik,00154,6.51295501951,Normal,3.0,Perdagangan dan Jasa Kelas 1,7.0,Lokal Primer,3.0,6908,73.25098255241973,Sama,2.0,13.59,1028.10121471,1736.67572991,2167.39536001,252.215244773,2323.41954217,30.7958140834,30.7958140829,8442996.44615,34.7545436264,34.75454362636549,73.25098255241973,,
493,"(96359.77804466132, 756207.0400648047)",763,493,45.2073055238925,tetap,,2381092.01612,Pekalipan,Pulasaren,Hak Milik,00763,3.57402229562,Normal,3.0,Perumahan Sederhana,2.0,Lokal Setapak,1.0,7406,45.2073055238925,Sama,2.0,1.835479,1354.91293865,1635.35757639,2066.0772065,366.036770086,2261.48030775,25.8179254244,25.8179254236,2381092.01612,31.2366188328,31.236618832787734,45.2073055238925,,
494,"(96726.44933995085, 756264.9105001352)",584,494,65.76143009432569,tetap,,2384647.36621,Pekalipan,Pulasaren,Hak Milik,00584,3.43385894285,Hook,4.0,Perumahan Sederhana,2.0,Lokal Setapak,1.0,6678,65.76143009432569,Sama,2.0,1.835479,986.662626833,2042.14381594,2472.86344604,425.393421685,2197.53949273,33.7369029642,33.7369029643,2384647.36621,36.303723394,36.30372339396694,65.76143009432569,,
495,"(96381.83098181908, 755915.0854300759)",812,495,137.16173195878198,tetap,,1331719.11064,Pekalipan,Pulasaren,Hak Milik,00812,11.9310144709,Hook,4.0,Perumahan Sederhana,2.0,Lokal Setapak,1.0,7336,137.16173195878198,Sama,2.0,1.835479,1624.54834528,1749.10236891,1990.38688494,656.051059102,1725.90647025,47.2733130778,47.2733130729,1331719.11064,47.2425130704,47.24251307041452,137.16173195878198,,
496,"(96264.36656695855, 756294.2614318372)",227,496,316.38860658181767,tetap,,8946740.79204,Pekalipan,Pulasaren,Hak Milik,00227,3.97051214023,Normal,3.0,Perdagangan dan Jasa Kelas 1,7.0,Lokal Setapak,1.0,7282,316.38860658181767,Sama,2.0,1.835478594,1378.95807599,1465.91103245,1896.63066256,355.231381328,2199.67244558,97.6540335464,97.6540335508,8946740.79204,109.777588427,109.77758842663039,316.38860658181767,,
497,"(96840.80018311828, 756214.4887835622)",700,497,103.77907756988527,tetap,,1462677.34902,Pekalipan,Pulasaren,Hak Milik,00700,5.73924768657,Normal,3.0,Perumahan Sederhana,2.0,Lokal Setapak,1.0,6993,103.77907756988527,Sama,2.0,1.835479,923.968712623,2195.39967536,2636.81917141,493.483894526,2243.47136892,38.4022043807,38.4022043817,1462677.34902,42.6303184487,42.63031844869303,103.77907756988527,,
498,"(96462.43653328504, 756261.3736515143)",179,498,132.01185026726176,tetap,,2436911.31714,Pekalipan,Pulasaren,Hak Milik,00179,5.92764648893,Normal,3.0,Perumahan Sederhana,2.0,Lokal Setapak,1.0,7326,132.01185026726176,Sama,2.0,1.64,1321.46885126,1741.80173046,2172.52136057,202.480288663,2204.44692333,46.1880167732,46.1880167773,2436911.31714,54.1147583353,54.11475833530174,132.01185026726176,,
499,"(96905.20759445295, 756271.0024742451)",936,499,105.24979052120251,tetap,,2516665.25618,Pekalipan,Pulasaren,Hak Milik,00936,5.56650856299,Normal,3.0,Perumahan Sederhana,2.0,Lokal Sekunder,1.0,6644,105.24979052120251,Sama,2.0,1.835479,866.231534712,2139.70953876,2664.48491184,580.129886609,2248.89644253,50.9271292329,50.9271292333,2516665.25618,52.4644031608,52.46440316077115,105.24979052120251,,
500,"(96375.36938357646, 756190.9161001673)",1031,500,167.79592664127088,tetap,,1647142.17219,Pekalipan,Pulasaren,Hak Milik,01031,8.62675018817,Normal,3.0,Perumahan Sederhana,2.0,Lokal Setapak,1.0,7127,167.79592664127088,Sama,2.0,1.835479,1418.96417719,1656.62993278,2087.34956289,301.45412924,2232.66912253,55.4642143176,55.4642143184,1647142.17219,55.4637152121,55.46371521210816,167.79592664127088,,
501,"(96281.29642828029, 756034.4829387252)",238,501,166.04635932611873,tetap,,1496610.93,Pekalipan,Pulasaren,Hak Milik,00238,9.14186633433,Normal,3.0,Perumahan Sederhana,2.0,Lokal Setapak,1.0,7516,166.04635932611873,Sama,2.0,2.0,1775.2967377,1655.7575742,2067.24573325,545.077923075,1802.76785552,54.3682632155,54.3682632155,1496610.93,54.2922990424,54.292299042431395,166.04635932611873,,
502,"(96860.25267865261, 756331.6820988486)",442,502,279.6487833733415,tetap,,2485779.88299,Pekalipan,Pulasaren,Hak Milik,00442,15.0891798685,Normal,3.0,Perumahan Sederhana,2.0,Lokal Sekunder,1.0,6881,279.6487833733415,Sama,2.0,3.66,825.628153011,2065.30244415,2590.07781723,505.722792005,2283.40093223,71.3680078483,71.3680078462,2485779.88299,66.3836244109,66.38362441085594,279.6487833733415,,
503,"(96240.83397091318, 756164.834077042)",966,503,31.172494156494785,tetap,,1490698.97322,Pekalipan,Pulasaren,Hak Milik,00966,5.25892405796,Normal,3.0,Perumahan Sederhana,2.0,Lokal Setapak,1.0,7858,31.172494156494785,Sama,2.0,1.51,1696.11710712,1494.87811653,1925.59774663,384.198465399,1971.46727239,30.8715387938,30.8715387925,1490698.97322,27.5305621297,27.530562129731994,31.172494156494785,,
504,"(96394.48757432614, 756196.9628754841)",919,504,82.47598862280464,tetap,,1663449.43258,Pekalipan,Pulasaren,Hak Milik,00919,5.09984246413,Normal,3.0,Perumahan Sederhana,2.0,Lokal Setapak,1.0,7559,82.47598862280464,Sama,2.0,1.835479,1395.32139443,1673.83593718,2104.55556728,277.81198884,2209.51568315,36.6763100573,36.6763100573,1663449.43258,38.5552697376,38.555269737631825,82.47598862280464,,
505,"(96176.69482079106, 756292.6235089452)",86,505,57.69785606180839,tetap,,9205403.18498,Pekalipan,Pulasaren,Hak Milik,00086,7.86424619451,Hook,4.0,Perdagangan dan Jasa Kelas 1,7.0,Lokal Setapak,1.0,7471,57.69785606180839,Sama,2.0,1.835478594,1430.58072167,1353.50231347,1784.22194358,242.822662347,2087.2605493,46.6443766304,46.6443766309,9205403.18498,45.6198657351,45.619865735076004,57.69785606180839,,
506,"(96536.4916921371, 755863.653144518)",261,506,40.47703560401839,tetap,,1457757.06652,Pekalipan,Pulasaren,Hak Milik,00261,4.21292856392,Normal,3.0,Perumahan Sederhana,2.0,Lokal Setapak,1.0,7368,40.47703560401839,Sama,2.0,1.835479,1413.34035195,1851.01488233,2092.29939836,495.908793169,1798.28005415,28.3312601015,28.3312601022,1457757.06652,27.569896851,27.56989685100872,40.47703560401839,,
507,"(96939.06836114434, 756380.925894548)",559,507,907.4494580682774,tetap,,7729483.73684,Pekalipan,Pulasaren,Hak Milik,00559,5.64591203764,Normal,3.0,Perdagangan dan Jasa Kelas 1,7.0,Lokal Primer,3.0,7015,907.4494580682774,Sama,2.0,13.59,675.947670456,1988.90713378,2591.14327398,429.327481633,2425.1830181,166.850415126,166.85041513,7729483.73684,168.602079056,168.6020790556029,907.4494580682774,,
508,"(96877.44757459876, 756189.7253893419)",797,508,678.6827221266484,tetap,,3813353.33425,Pekalipan,Pulasaren,Hak Milik,00797,12.5403630067,Normal,3.0,Perumahan Menengah,3.0,Lokal Primer,3.0,6945,678.6827221266484,Sama,2.0,6.58,830.845846152,2217.79294523,2622.54511276,470.26223755,2103.01980954,154.716514338,154.716514341,3813353.33425,155.196128773,155.196128773349,678.6827221266484,,
509,"(96472.96501228247, 756241.2457883148)",523,509,194.14899399878428,tetap,,1234207.20537,Pekalipan,Pulasaren,Hak Milik,00523,8.27148888691,Normal,3.0,Perumahan Sederhana,2.0,Lokal Setapak,1.0,7283,194.14899399878428,Sama,2.0,1.64,1316.81897355,1744.9379142,2175.65754431,197.830576438,2199.79704563,58.2735352752,58.2735352776,1234207.20537,57.9161869533,57.91618695329136,194.14899399878428,,
510,"(96301.28810009366, 756248.5231656407)",774,510,72.63968810459633,tetap,,1330710.57007,Pekalipan,Pulasaren,Hak Milik,00774,6.04712187323,Normal,3.0,Perumahan Sederhana,2.0,Lokal Setapak,1.0,6976,72.63968810459633,Sama,2.0,1.835478594,1367.71423444,1560.60744189,1991.32707199,429.38718889,2294.37243163,34.5900226641,34.5900226649,1330710.57007,36.8938064208,36.89380642076475,72.63968810459633,,
511,"(96694.50052525788, 756146.9206747237)",931,511,270.22344270070244,tetap,,2410793.87587,Pekalipan,Pulasaren,Hak Milik,00931,12.3682188354,Normal,3.0,Perumahan Sederhana,2.0,Lokal Sekunder,2.0,7185,270.22344270070244,Sama,2.0,2.69,1021.25043456,2080.23090023,2458.50958812,306.226712897,2078.36864817,69.5033041292,69.5033041299,2410793.87587,69.5178599916,69.51785999161442,270.22344270070244,,
512,"(96411.12041912618, 755903.2560279211)",437,512,85.21855844651773,tetap,,1325659.17925,Pekalipan,Pulasaren,Hak Milik,00437,4.70806356081,Normal,3.0,Perumahan Sederhana,2.0,Lokal Setapak,1.0,7367,85.21855844651773,Sama,2.0,1.61,1596.62915966,1739.41765316,1980.7021692,679.191598198,1716.22150705,28.1500245309,28.1500245323,1325659.17925,44.3887469381,44.38874693810013,85.21855844651773,,
513,"(96493.7100833434, 755853.603563729)",853,513,30.631827633878967,tetap,,1368955.41062,Pekalipan,Pulasaren,Hak Milik,00853,5.50179522057,Normal,3.0,Perumahan Sederhana,2.0,Lokal Setapak,1.0,7555,30.631827633878967,Sama,2.0,1.835478594,1502.1599261,1766.92527656,2008.2097926,584.725380208,1714.18782411,25.0548118462,25.0548118452,1368955.41062,23.9363240908,23.936324090823497,30.631827633878967,,
514,"(96482.73953458398, 756348.57616146)",78,514,216.70535316793442,tetap,,8625014.12727,Pekalipan,Pulasaren,Hak Milik,00078,4.36716482552,Tusuk Sate,2.0,Perdagangan dan Jasa Kelas 1,7.0,Lokal Primer,3.0,6943,216.70535316793442,Sama,2.0,12.785432656,1107.50912866,1715.8707274,2146.5903575,261.339294067,2263.30745112,81.7184470239,81.7184470216,8625014.12727,80.2168766817,80.2168766816789,216.70535316793442,,
515,"(96457.58741362776, 756177.7336192833)",127,515,47.50739351297596,tetap,,3849670.38143,Pekalipan,Pulasaren,Hak Milik,00127,5.20000689918,Tusuk Sate,2.0,Perumahan Menengah,3.0,Lokal Setapak,1.0,7462,47.50739351297596,Sama,2.0,3.78,1319.81803887,1745.64984603,2176.36947613,207.547224483,2134.0123276,33.4514127162,33.4514127171,3849670.38143,30.4147495889,30.414749588880372,47.50739351297596,,
516,"(96428.93708815871, 755823.4455453105)",241,516,219.63557195617688,tetap,,5183002.35421,Pekalipan,Pulasaren,Hak Milik,00241,11.1940029307,Normal,3.0,Perumahan Mewah,4.0,Lokal Setapak,1.0,7366,219.63557195617688,Sama,2.0,1.52,1539.10010955,1659.19543266,1900.4799487,621.664727244,1635.9962986,62.8824626846,62.8824626855,5183002.35421,63.8028461295,63.80284612954819,219.63557195617688,,
517,"(96716.77035611903, 756285.1045858564)",331,517,28.375788998679077,tetap,,2359625.85926,Pekalipan,Pulasaren,Hak Milik,00331,4.28370313711,Normal,3.0,Perumahan Sederhana,2.0,Lokal Sekunder,2.0,6677,28.375788998679077,Sama,2.0,2.69,967.246168713,2022.72805287,2453.44768297,436.794856961,2208.94113826,22.2288396015,22.2288396004,2359625.85926,22.5610130075,22.56101300753228,28.375788998679077,,
518,"(96377.94228281631, 756029.1969294207)",33,518,99.279661364519,tetap,,1594940.15142,Pekalipan,Pulasaren,Hak Milik,00033,4.45859041605,Normal,3.0,Perumahan Sederhana,2.0,Lokal Setapak,1.0,7365,99.279661364519,Sama,2.0,2.0,1765.59863048,1722.44569149,2142.04246651,611.766040357,1877.56682776,37.322631888,37.3226318909,1594940.15142,40.9247108198,40.924710819817584,99.279661364519,,
519,"(96391.55701384485, 755823.9502737453)",237,519,38.99987679687391,tetap,,1278722.41701,Pekalipan,Pulasaren,Hak Milik,00237,3.35394027951,Normal,3.0,Perumahan Sederhana,2.0,Lokal Setapak,1.0,7364,38.99987679687391,Sama,2.0,1.52,1575.45468662,1625.54018905,1866.82470509,658.018177288,1602.33997016,28.3949437608,28.3949437597,1278722.41701,27.5236786817,27.523678681653248,38.99987679687391,,
520,"(96404.53961322433, 756186.4136397265)",972,520,75.92257538056757,tetap,,1364079.82621,Pekalipan,Pulasaren,Hak Milik,00972,10.2787985043,Hook,4.0,Perumahan Sederhana,2.0,Lokal Setapak,1.0,7787,75.92257538056757,Sama,2.0,1.835479,1483.37174927,1399.8490805,1830.5687106,289.169429367,2067.04098216,34.6028017334,34.6028017339,1364079.82621,37.1733827192,37.17338271924432,75.92257538056757,,
521,"(96375.09712238335, 756237.7459783367)",779,521,28.000195743649687,tetap,,2404441.76483,Pekalipan,Pulasaren,Hak Milik,00779,3.47811073052,Normal,3.0,Perumahan Sederhana,2.0,Lokal Setapak,1.0,7472,28.000195743649687,Sama,2.0,1.835479,1323.84591701,1665.81581078,2096.53544089,352.701111091,2291.93952936,24.6956044583,24.6956044592,2404441.76483,24.4059797398,24.40597973981165,28.000195743649687,,
522,"(96246.62284359071, 756034.1378878594)",1000,522,102.7898994193441,tetap,,1500567.33981,Pekalipan,Pulasaren,Hak Milik,01000,10.0003369737,Normal,3.0,Perumahan Sederhana,2.0,Lokal Setapak,1.0,6705,102.7898994193441,Sama,2.0,1.835478594,1788.05782625,1586.81574491,2017.53537501,476.136093784,1809.92322421,39.7660826978,39.7660826979,1500567.33981,40.8189587123,40.81895871234241,102.7898994193441,,
523,"(96429.26806735058, 755880.8136985637)",850,523,133.64663584332322,tetap,,1357675.32109,Pekalipan,Pulasaren,Hak Milik,00850,9.405776011,Normal,3.0,Perumahan Sederhana,2.0,Lokal Setapak,1.0,7430,133.64663584332322,Sama,2.0,1.52,1592.69796389,1744.49525673,1985.77977277,675.260626264,1721.29917173,47.1319215858,47.1319215884,1357675.32109,46.8282634155,46.82826341550488,133.64663584332322,,
524,"(96461.21328215601, 756213.3487997097)",326,524,59.68420498853318,tetap,,1471347.63899,Pekalipan,Pulasaren,Hak Milik,00326,8.46246757181,Normal,3.0,Perumahan Sederhana,2.0,Lokal Setapak,1.0,7785,59.68420498853318,Sama,2.0,1.835479,1683.51375164,1482.27524719,1912.99487729,371.595596067,1919.70814123,28.5143549218,28.5143549225,1471347.63899,35.7814626136,35.78146261363093,59.68420498853318,,
525,"(96254.29920502035, 756287.7657547252)",709,525,150.33756478644563,tetap,,1221929.07745,Pekalipan,Pulasaren,Hak Milik,00709,7.30341929836,Hook,4.0,Perumahan Sederhana,2.0,Lokal Setapak,1.0,6994,150.33756478644563,Sama,2.0,1.835478594,1374.65738701,1461.60997917,1892.32960927,350.93032804,2195.37175659,65.0805519499,65.0805519517,1221929.07745,64.1116930865,64.11169308652738,150.33756478644563,,
526,"(96704.98602371411, 756243.8870797092)",57,526,52.45373012121194,tetap,,1988715.44982,Pekalipan,Pulasaren,Hak Milik,00057,4.6529802328,Normal,3.0,Perumahan Sederhana,2.0,Lokal Sekunder,2.0,7284,52.45373012121194,Sama,2.0,2.69,1670.54685807,1601.58552385,1842.87003989,673.767785529,1578.38473871,33.6039184287,33.6039184257,1988715.44982,33.125546622,33.12554662202216,52.45373012121194,,
527,"(96695.33717760547, 756164.9378918129)",66,527,80.00023598196874,tetap,,2434914.37678,Pekalipan,Pulasaren,Hak Milik,00066,4.73216083563,Normal,3.0,Perumahan Sederhana,2.0,Lokal Sekunder,2.0,7040,80.00023598196874,Sama,2.0,2.69,1037.1240678,2096.10403068,2474.38271857,322.099843359,2094.24228141,44.8514335248,44.8514335239,2434914.37678,44.3526140882,44.3526140882138,80.00023598196874,,
528,"(96568.30677261099, 756298.6638894636)",202,528,85.06413119346783,tetap,,1514361.8948,Pekalipan,Pulasaren,Hak Milik,00202,7.98007677016,Normal,3.0,Perumahan Sederhana,2.0,Lokal Setapak,1.0,6900,85.06413119346783,Sama,2.0,0.81,1106.23746589,1883.03715054,2313.75678064,147.008577284,2265.32758638,33.131318564,33.1313185657,1514361.8948,37.0125844468,37.01258444678968,85.06413119346783,,
529,"(96912.98390171303, 756195.4063520797)",438,529,103.99621049997681,tetap,,3756374.9844,Pekalipan,Pulasaren,Hak Milik,00438,5.18625271414,Normal,3.0,Perumahan Menengah,3.0,Lokal Sekunder,2.0,6736,103.99621049997681,Sama,2.0,1.835479,816.535874449,2183.41104251,2655.56253194,503.279656721,2136.03853075,51.0655165537,51.0655165541,3756374.9844,51.0638253399,51.063825339938504,103.99621049997681,,
530,"(96445.65438295338, 756250.2353665874)",334,530,102.19340039252783,tetap,,1467718.64376,Pekalipan,Pulasaren,Hak Milik,00334,7.68466869085,Normal,3.0,Perumahan Sederhana,2.0,Lokal Setapak,1.0,7906,102.19340039252783,Sama,2.0,1.64,1682.77302852,1481.53446855,1912.25409865,370.854817425,1918.96741811,45.5842019181,45.5842019191,1467718.64376,40.7056002336,40.705600233595064,102.19340039252783,,
531,"(96316.2253927437, 756038.3094387362)",636,531,81.4365435383552,tetap,,1527441.11886,Pekalipan,Pulasaren,Hak Milik,00636,7.75219904862,Normal,3.0,Perumahan Sederhana,2.0,Lokal Setapak,1.0,7447,81.4365435383552,Sama,2.0,1.835479,1756.52266468,1627.99302524,2058.71265534,517.31337411,1850.2358849,36.2253883056,36.2253883083,1527441.11886,36.28445072,36.284450720043395,81.4365435383552,,
532,"(96465.54977990386, 756200.812156787)",770,532,37.193648853114226,tetap,,1793733.78143,Pekalipan,Pulasaren,Hak Milik,00770,10.5121026636,Normal,3.0,Perumahan Sederhana,2.0,Lokal Setapak,1.0,7314,37.193648853114226,Sama,2.0,1.835479,1319.7374862,1788.10769043,2218.82732054,184.53596783,2178.48139294,31.8369056988,31.8369057014,1793733.78143,31.675794435,31.675794435048225,37.193648853114226,,
533,"(96343.99583979134, 755872.8154421566)",214,533,117.23812095655349,tetap,,1371068.19139,Pekalipan,Pulasaren,Hak Milik,00214,4.8130612548,Hook,4.0,Perumahan Sederhana,2.0,Lokal Setapak,1.0,6641,117.23812095655349,Sama,2.0,1.835478594,1644.07657464,1725.58361993,2020.52418809,614.903968806,1756.04477192,42.7214588735,42.721458876,1371068.19139,44.1986614085,44.198661408462925,117.23812095655349,,
534,"(96465.37191224177, 756215.7344671481)",570,534,69.24530239143725,tetap,,1767272.98844,Pekalipan,Pulasaren,Hak Milik,00570,13.4622041118,Hook,4.0,Perumahan Sederhana,2.0,Lokal Setapak,1.0,6790,69.24530239143725,Sama,2.0,1.835479,1326.15394414,1753.08123641,2183.80086651,190.9521115,2184.89785088,37.0926314127,37.0926314124,1767272.98844,37.2532991314,37.253299131425166,69.24530239143725,,
535,"(96710.8409708367, 756268.5074111534)",101,535,191.2232684467012,tetap,,2404688.07774,Pekalipan,Pulasaren,Hak Milik,00101,13.7524086989,Tusuk Sate,2.0,Perumahan Sederhana,2.0,Lokal Sekunder,2.0,6830,191.2232684467012,Sama,2.0,2.69,988.806223985,2044.28757964,2475.00720974,424.270763808,2196.41654779,59.6010561463,59.6010561462,2404688.07774,55.7468599803,55.74685998026255,191.2232684467012,,
536,"(96422.00779553915, 755934.9987094899)",664,536,146.45489548622078,tetap,,1337537.43659,Pekalipan,Pulasaren,Hak Milik,00664,10.5161926507,Tusuk Sate,2.0,Perumahan Sederhana,2.0,Lokal Setapak,1.0,7258,146.45489548622078,Sama,2.0,1.835479,1572.28948318,1767.79504772,2009.07956376,654.852771013,1744.59968657,47.2431350681,47.2431350639,1337537.43659,49.3172991848,49.31729918483548,146.45489548622078,,
537,"(96496.377358917, 755872.612216316)",134,537,59.032063503835694,tetap,,1417119.35826,Pekalipan,Pulasaren,Hak Milik,00134,5.05685878195,Normal,3.0,Perumahan Sederhana,2.0,Lokal Setapak,1.0,7515,59.032063503835694,Sama,2.0,1.835478594,1522.89403836,1787.65893503,2028.94345107,605.459038674,1734.92193637,26.4366373756,26.4366373735,1417119.35826,32.2761987817,32.276198781710924,59.032063503835694,,
538,"(96482.65897724136, 756143.4203509549)",260,538,72.75581014160606,tetap,,3906836.67132,Pekalipan,Pulasaren,Hak Milik,00260,4.29638249924,Normal,3.0,Perumahan Menengah,3.0,Lokal Setapak,1.0,7348,72.75581014160606,Sama,2.0,1.835479,1275.86089555,1775.99654677,2206.71617688,200.89626304,2090.05518428,40.6865207062,40.6865207074,3906836.67132,42.4039203795,42.40392037954509,72.75581014160606,,
539,"(96529.85188269704, 756137.2090178534)",955,539,28.863891845463762,tetap,,1604047.13905,Pekalipan,Pulasaren,Hak Milik,00955,15.9213504141,Normal,3.0,Perumahan Sederhana,2.0,Lokal Setapak,1.0,7774,28.863891845463762,Sama,2.0,1.835479,1211.11602713,1831.14517816,2261.86480826,147.733627972,2069.85993387,34.8182924133,34.8182924154,1604047.13905,37.1348458553,37.13484585527534,28.863891845463762,,
540,"(96381.87414982833, 756004.4185195013)",31,540,53.90090431897541,tetap,,1492381.84698,Pekalipan,Pulasaren,Hak Milik,00031,10.882099692,Normal,3.0,Perumahan Sederhana,2.0,Lokal Setapak,1.0,7363,53.90090431897541,Sama,2.0,2.0,1714.85023489,1719.2411025,2091.29552392,608.561451368,1826.81843217,32.3208810693,32.3208810675,1492381.84698,32.1653372943,32.165337294267296,53.90090431897541,,
541,"(96403.14525403184, 755837.2594030477)",236,541,32.500848900236754,tetap,,1304530.11193,Pekalipan,Pulasaren,Hak Milik,00236,10.1189844973,Normal,3.0,Perumahan Sederhana,2.0,Lokal Setapak,1.0,7362,32.500848900236754,Sama,2.0,1.52,1615.90440182,1677.77131724,1919.05583328,698.466212348,1654.57324604,26.9456676637,26.9456676647,1304530.11193,29.1253391815,29.125339181520115,32.500848900236754,,
542,"(96357.31537956203, 755895.2611600374)",856,542,136.7328798728179,tetap,,1330213.14792,Pekalipan,Pulasaren,Hak Milik,00856,5.4854199711,Normal,3.0,Perumahan Sederhana,2.0,Lokal Setapak,1.0,7554,136.7328798728179,Sama,2.0,1.835479,1669.48494281,1716.45978966,1957.7443057,672.540957089,1693.26268832,47.6299147507,47.6299147498,1330213.14792,50.1092347738,50.109234773793496,136.7328798728179,,
543,"(96439.33141395707, 755909.4862219399)",0,543,0.0,tetap,0,0.0,Pekalipan,Pulasaren,Hak Milik, ,3.77571927514,Tusuk Sate,2.0,Perumahan Sederhana,2.0,Lokal Setapak,1.0,7175,82.87983061790682,Sama,2.0,1.835479,1553.03867941,1783.11054252,2024.39505856,635.602634543,1755.47542676,39.4707223668,39.4707223655,1386794.97125,42.138000998,42.13800099802679,82.87983061790682,,
544,"(96309.89571494519, 756034.4314962506)",690,544,61.91081304953754,tetap,,1525506.95781,Pekalipan,Pulasaren,Hak Milik,00690,6.48561760394,Normal,3.0,Perumahan Sederhana,2.0,Lokal Setapak,1.0,6867,61.91081304953754,Sama,2.0,1.835479,1764.0185048,1635.48866918,2066.20829929,524.809018059,1842.9294722,32.2145160824,32.2145160837,1525506.95781,32.0749529048,32.07495290477997,61.91081304953754,,
545,"(96469.35544811438, 756170.1611579305)",566,545,142.7196573222536,tetap,,3870241.13786,Pekalipan,Pulasaren,Hak Milik,00566,6.53345676462,Normal,3.0,Perumahan Menengah,3.0,Lokal Setapak,1.0,7460,142.7196573222536,Sama,2.0,3.78,1313.08165863,1762.58146417,2193.30109427,200.811277591,2127.27594736,56.4245109631,56.4245109585,3870241.13786,58.0692993442,58.069299344230636,142.7196573222536,,
546,"(96810.55115698176, 756225.4851229343)",0,546,0.0,tetap,0,0.0,Pekalipan,Pulasaren,Hak Milik, ,6.74370200436,Normal,3.0,Perumahan Sederhana,2.0,Lokal Setapak,1.0,6631,31.31807018997541,Sama,2.0,1.835479,940.445860573,2171.71447063,2602.43410073,459.098823841,2231.24585941,18.8118003877,18.8118003896,1353802.86684,22.3221156853,22.322115685341416,31.31807018997541,,
547,"(96747.77167445203, 756212.6064782183)",0,547,0.0,tetap,0,0.0,Pekalipan,Pulasaren,Hak Milik, ,6.22640982293,Normal,3.0,Perumahan Sederhana,2.0,Lokal Setapak,1.0,6649,150.99399436946476,Sama,2.0,1.835478594,1024.69576186,2146.67599792,2544.48946579,392.206590573,2164.35143643,52.3153083574,52.3153083631,1504379.2449,52.9478521064,52.947852106398884,150.99399436946476,,
548,"(96641.14638736352, 756226.922530419)",277,548,219.23959933190602,tetap,,1595099.78395,Pekalipan,Pulasaren,Hak Milik,00277,8.24015471702,Normal,3.0,Perumahan Sederhana,2.0,Lokal Setapak,1.0,6926,219.23959933190602,Sama,2.0,1.37,1218.08487834,1962.60377369,2393.32340379,41.2980962266,2159.61341163,67.0217330513,67.0217330512,1595099.78395,71.91632832,71.91632831996651,219.23959933190602,,
549,"(96535.69732502624, 755889.8288453313)",182,549,59.831415089836604,tetap,,1382907.23132,Pekalipan,Pulasaren,Hak Milik,00182,4.89250432585,Normal,3.0,Perumahan Sederhana,2.0,Lokal Setapak,1.0,7546,59.831415089836604,Sama,2.0,1.835479,1415.74009693,1853.41454788,2094.69906392,498.308458719,1800.67979914,33.5880764151,33.5880764194,1382907.23132,34.5730793968,34.573079396809355,59.831415089836604,,
550,"(96431.80389615962, 756342.000368704)",786,550,114.6135162303936,tetap,,8656178.96768,Pekalipan,Pulasaren,Hak Milik,00786,3.81979662483,Normal,3.0,Perdagangan dan Jasa Kelas 1,7.0,Lokal Primer,1.0,7465,114.6135162303936,Sama,2.0,2.08,1154.11420741,1627.59587648,2058.31550658,347.24756421,2349.21856695,46.5015299725,46.501529974,8656178.96768,52.9911915297,52.99119152971528,114.6135162303936,,
551,"(96265.41113240221, 756046.4766858597)",815,551,93.66477268816486,tetap,,1523016.43357,Pekalipan,Pulasaren,Hak Milik,00815,6.8395819093,Normal,3.0,Perumahan Sederhana,2.0,Lokal Setapak,1.0,7339,93.66477268816486,Sama,2.0,2.0,1809.07166177,1607.8289121,2038.54854221,497.149260976,1830.17871169,38.9128450963,38.912845098,1523016.43357,40.8797365689,40.87973656885676,93.66477268816486,,
552,"(96416.19740915153, 756165.1011870648)",137,552,79.49472370146772,tetap,,1680252.56159,Pekalipan,Pulasaren,Hak Milik,00137,4.77563684732,Tusuk Sate,2.0,Perumahan Sederhana,2.0,Lokal Setapak,1.0,7408,79.49472370146772,Sama,2.0,1.835479,1352.52022186,1713.13741445,2143.85704455,240.24836421,2166.71451058,37.9772957955,37.9772957954,1680252.56159,38.2162101304,38.21621013037807,79.49472370146772,,
553,"(96370.9820470721, 755905.4396485126)",445,553,90.55644815666449,tetap,,1332485.483,Pekalipan,Pulasaren,Hak Milik,00445,3.79440240839,Normal,3.0,Perumahan Sederhana,2.0,Lokal Setapak,1.0,7361,90.55644815666449,Sama,2.0,1.835479,1656.2673029,1730.16586188,1971.45037792,673.871399184,1706.96924098,42.9230250765,42.9230250784,1332485.483,45.024019898,45.024019898024584,90.55644815666449,,
554,"(96781.70683141338, 756200.2480178077)",716,554,253.24191470978096,tetap,,1373540.47043,Pekalipan,Pulasaren,Hak Milik,00716,16.8431149409,Normal,3.0,Perumahan Sederhana,2.0,Lokal Setapak,1.0,7031,253.24191470978096,Sama,2.0,1.835479,960.611922011,2176.9724319,2572.68270735,420.399832135,2192.54551099,64.9998148254,64.9998148249,1373540.47043,64.0068537154,64.00685371543054,253.24191470978096,,
555,"(96626.98791064523, 756222.2304518532)",968,555,92.16016102191575,tetap,,1691121.50079,Pekalipan,Pulasaren,Hak Milik,00968,5.12376106378,Hook,4.0,Perumahan Sederhana,2.0,Lokal Setapak,1.0,7768,92.16016102191575,Sama,2.0,1.835479,1178.09433788,1930.06072186,2360.78035196,16.2685430818,2134.58328384,39.8607021032,39.8607021036,1691121.50079,48.2037755441,48.20377554413109,92.16016102191575,,
556,"(96852.8075259957, 756254.4689852762)",618,556,122.2123498345421,tetap,,1392990.9314,Pekalipan,Pulasaren,Hak Milik,00618,10.2056684693,Normal,3.0,Perumahan Sederhana,2.0,Lokal Setapak,1.0,6958,122.2123498345421,Sama,2.0,0.5,911.377820796,2182.8094604,2668.51659592,525.181319024,2230.8804771,46.7015797198,46.7015797182,1392990.9314,44.4601971113,44.46019711133958,122.2123498345421,,
557,"(96518.64646077849, 755875.2473885579)",163,557,129.2541251118971,tetap,,1469816.18125,Pekalipan,Pulasaren,Hak Milik,00163,5.60876786779,Normal,3.0,Perumahan Sederhana,2.0,Lokal Setapak,1.0,7360,129.2541251118971,Sama,2.0,1.835479,1431.5306298,1869.20492837,2110.48944441,514.098839209,1816.470332,39.6453127885,39.6453127857,1469816.18125,45.8682590653,45.86825906533046,129.2541251118971,,
558,"(96425.73984424584, 755973.1193352883)",862,558,185.55566465117388,tetap,,1392963.33441,Pekalipan,Pulasaren,Hak Milik,00862,11.7208278891,Normal,3.0,Perumahan Sederhana,2.0,Lokal Setapak,1.0,7402,185.55566465117388,Sama,2.0,1.835479,1581.46108126,1795.18450889,2074.47559501,664.024167856,1809.99787146,54.8445040078,54.8445040079,1392963.33441,55.2035562337,55.20355623372429,185.55566465117388,,
559,"(96305.50125676439, 756044.0773069442)",799,559,192.79583155529363,tetap,,1491025.42728,Pekalipan,Pulasaren,Hak Milik,00799,8.02345876675,Hook,4.0,Perumahan Sederhana,2.0,Lokal Setapak,1.0,7448,192.79583155529363,Sama,2.0,1.835479,1761.86139092,1633.33158745,2064.05121755,522.651936322,1844.3199661,63.2519735296,63.2519735358,1491025.42728,62.3499258826,62.34992588262001,192.79583155529363,,
560,"(96338.58706699545, 756075.976422035)",1014,560,95.06291467027184,tetap,,1496076.2203,Pekalipan,Pulasaren,Kosong,01368,14.2893015853,Normal,3.0,Perumahan Sederhana,2.0,Lokal Setapak,1.0,8008,95.06291467027184,Sama,2.0,2.0,1799.16223724,1633.36679046,2064.08642056,522.687139331,1903.91341466,53.2242634427,53.2242634462,1572763.92635,55.539148325,41.721354296285426,95.06291467027184,,
561,"(96583.35292221648, 756074.2296968196)",94,561,270.8810259324909,tetap,,9241495.40196,Pekalipan,Pulasaren,Hak Milik,00094,13.0824662306,Hook,4.0,Perdagangan dan Jasa Kelas 1,7.0,Lokal Primer,3.0,7442,270.8810259324909,Sama,2.0,9.56282439703,1169.84165807,1907.50308326,2328.81882725,214.683756263,1964.45573455,63.4632601008,63.4632601001,9241495.40196,65.7633173335,65.76331733354746,270.8810259324909,,
562,"(96414.40766365339, 756279.5525599106)",0,562,0.0,tetap,0,0.0,Pekalipan,Pulasaren,Hak Milik, ,7.47619596031,Normal,3.0,Perumahan Sederhana,2.0,Lokal Setapak,1.0,6735,130.08329995952374,Sama,2.0,1.64,1311.06121144,1657.97687834,2088.69650844,283.770015809,2285.73936151,50.1446866903,50.1446866891,1127915.67586,50.1963623964,50.196362396352455,130.08329995952374,,
563,"(96871.90954758985, 756398.2426207945)",143,563,325.2979774783056,tetap,,7894691.94446,Pekalipan,Pulasaren,Hak Milik,00143,13.0000436525,Hook,4.0,Perdagangan dan Jasa Kelas 1,7.0,Lokal Sekunder,2.0,6638,325.2979774783056,Sama,2.0,1.835479,734.82185638,1974.49894599,2499.27431907,414.919293838,2341.93185398,77.2207416985,77.2207416991,7894691.94446,77.3945602916,77.39456029157164,325.2979774783056,,
564,"(96759.78312197664, 756186.370389414)",979,564,132.84949279215488,tetap,,1424317.85312,Pekalipan,Pulasaren,Hak Milik,00979,8.50513294726,Normal,3.0,Perumahan Sederhana,2.0,Lokal Setapak,1.0,7784,132.84949279215488,Sama,2.0,1.835479,1623.12682949,1421.89032799,1852.60995809,311.210676865,2014.90992127,51.3263003627,51.3263003632,1424317.85312,49.8178343966,49.817834396620874,132.84949279215488,,
565,"(96349.83554183257, 756257.5795618297)",547,565,227.38929393331176,tetap,,1527577.19349,Pekalipan,Pulasaren,Hak Milik,00547,6.81592032703,Normal,3.0,Perumahan Sederhana,2.0,Lokal Setapak,1.0,7411,227.38929393331176,Sama,2.0,1.835479,1308.80691804,1655.72259697,2086.44222707,337.662697915,2285.8395613,34.2463079333,34.2463079331,1527577.19349,72.4568286076,72.45682860757734,227.38929393331176,,
566,"(96874.335409246, 756260.0803263036)",286,566,302.4822198064822,tetap,,2573355.30531,Pekalipan,Pulasaren,Hak Pakai,00286,16.1207351081,Normal,3.0,Perumahan Sederhana,2.0,Lokal Sekunder,1.0,6686,302.4822198064822,Sama,2.0,0.5,876.398995871,2116.07178027,2640.84715335,556.492128126,2210.62340451,75.2995379506,75.2995379481,2573355.30531,69.6897199721,69.68971997211742,302.4822198064822,,
567,"(96589.88350141993, 756372.9902685755)",749,567,179.70742766527835,tetap,,8419990.71742,Pekalipan,Pulasaren,Hak Milik,00749,11.7711487164,Hook,4.0,Perdagangan dan Jasa Kelas 1,7.0,Lokal Setapak,1.0,6995,179.70742766527835,Sama,2.0,1.31,1002.18934911,1778.99247686,2209.71210696,198.310371251,2316.63098891,49.6178498736,49.6178498736,8419990.71742,53.8182029976,53.818202997642246,179.70742766527835,,
568,"(96568.39442214325, 756108.3954214646)",507,568,203.403238269823,tetap,,9337807.62174,Pekalipan,Pulasaren,Hak Milik,00507,9.66505223507,Hook,4.0,Perdagangan dan Jasa Kelas 1,7.0,Lokal Primer,1.0,6675,203.403238269823,Sama,2.0,1.835479,1147.76132449,1902.39064645,2333.11027655,169.870967045,2006.50523123,54.8411832595,54.8411832635,9337807.62174,59.0180777398,59.018077739753835,203.403238269823,,
569,"(96519.57619031647, 756066.2319363358)",0,569,0.0,tetap,0,0.0,Pekalipan,Pulasaren,Hak Milik, ,6.78809241177,Normal,3.0,Perumahan Menengah,3.0,Lokal Setapak,1.0,6670,81.94058316939763,Sama,2.0,1.835479,1241.76645632,1822.61305456,2253.33268466,283.679582382,2006.07095248,45.7582652128,45.7582652129,3762790.72717,37.9937368631,37.99373686309268,81.94058316939763,,
570,"(96972.02782647035, 756209.6951726482)",159,570,100.14736299759046,tetap,,3699749.86921,Pekalipan,Pulasaren,Hak Milik,00159,5.00118344503,Normal,3.0,Perumahan Menengah,3.0,Lokal Primer,1.0,6750,100.14736299759046,Sama,2.0,1.835479,764.707769313,2151.65672723,2743.85242959,591.569554368,2151.72102834,50.0650218938,50.0650218921,3699749.86921,50.0638052662,50.06380526619877,100.14736299759046,,
571,"(96390.60160649715, 756153.3525456624)",466,571,52.97839140540236,tetap,,1478731.92958,Pekalipan,Pulasaren,Hak Milik,00466,5.02007174434,Normal,3.0,Perumahan Sederhana,2.0,Lokal Setapak,1.0,6697,52.97839140540236,Sama,2.0,1.835479,1382.56811223,1662.12040977,2092.84003988,270.295263684,2165.73563231,23.1699837732,23.1699837729,1478731.92958,29.2476381062,29.247638106224606,52.97839140540236,,
572,"(96396.41471021032, 756156.9511418139)",467,572,87.2697850970665,tetap,,1487491.52761,Pekalipan,Pulasaren,Hak Milik,00467,5.28001150373,Normal,3.0,Perumahan Sederhana,2.0,Lokal Setapak,1.0,6698,87.2697850970665,Sama,2.0,1.835479,1384.37630356,1671.97407044,2102.69370055,272.103593019,2167.54382365,47.7027939985,47.7027939985,1487491.52761,46.636098292,46.636098291955584,87.2697850970665,,
573,"(96493.80603578464, 755926.4174105017)",468,573,225.61133412110607,tetap,,1349411.75087,Pekalipan,Pulasaren,Hak Milik,00468,11.9999813876,Hook,4.0,Perumahan Sederhana,2.0,Lokal Setapak,1.0,6709,225.61133412110607,Sama,2.0,1.835479,1473.36436714,1830.45467075,2071.73918678,555.930918941,1802.82112461,59.080131052,59.0801310507,1349411.75087,60.5666894755,60.56668947547591,225.61133412110607,,
574,"(96777.60745626774, 756333.5881672814)",364,574,35.07816704856828,tetap,,1406257.84772,Pekalipan,Pulasaren,Hak Milik,00364,5.55859854659,Normal,3.0,Perumahan Sederhana,2.0,Lokal Setapak,1.0,7149,35.07816704856828,Sama,2.0,1.835478594,953.418910309,2008.90175211,2439.62138221,456.213249541,2348.55114817,22.7539592743,22.7539592743,1406257.84772,23.7159949667,23.715994966696208,35.07816704856828,,
575,"(96457.88534054598, 756308.9255467461)",1023,575,50.46452102986847,tetap,,2434814.2722,Pekalipan,Pulasaren,Hak Milik,01023,3.93427052074,Normal,3.0,Perumahan Sederhana,2.0,Lokal Setapak,1.0,6742,50.46452102986847,Sama,2.0,1.64,1361.52386967,1708.43850098,2139.15813108,277.88094663,2279.84933572,34.9259557402,34.9259557415,2434814.2722,34.8405277469,34.8405277468535,50.46452102986847,,
576,"(96740.72444960955, 756157.9361784713)",1029,576,141.2369046089563,tetap,,1490404.65969,Pekalipan,Pulasaren,Hak Milik,01029,5.04253432022,Normal,3.0,Perumahan Sederhana,2.0,Lokal Setapak,1.0,7176,141.2369046089563,Sama,2.0,1.835479,971.646681229,2134.37901333,2512.65770122,360.374826002,2132.51827443,51.4459542485,51.4459542522,1490404.65969,48.3387857121,48.33878571214994,141.2369046089563,,
577,"(96597.55156974001, 756379.2071556001)",263,577,18.815957200132978,tetap,,8382984.32097,Pekalipan,Pulasaren,Hak Milik,00263,4.70858306258,Tusuk Sate,2.0,Perdagangan dan Jasa Kelas 1,7.0,Lokal Primer,3.0,7003,18.815957200132978,Sama,2.0,13.59,976.509170071,1782.88432864,2213.60395875,230.195826082,2348.51734003,17.7020008236,17.7020008191,8382984.32097,17.3917547256,17.391754725581205,18.815957200132978,,
578,"(96480.47339094066, 756298.5152321041)",0,578,0.0,tetap,0,0.0,Pekalipan,Pulasaren,Hak Milik, ,5.46241176406,Normal,3.0,Perumahan Sederhana,2.0,Lokal Primer,3.0,6759,88.21086687919005,Sama,2.0,12.785432656,1172.76847397,1781.12843327,2211.84806337,232.132765602,2234.09934038,38.9960332913,38.9960332895,2266103.01844,41.672006376,41.67200637596899,88.21086687919005,,
579,"(96474.88291499688, 756347.4203288639)",757,579,312.923223234898,tetap,,8610440.92812,Pekalipan,Pulasaren,Hak Milik,00757,5.30006455908,Normal,3.0,Perdagangan dan Jasa Kelas 1,7.0,Lokal Primer,3.0,6941,312.923223234898,Sama,2.0,13.59,1114.89967099,1673.90730047,2104.62693057,308.034367977,2310.00403053,83.6786936833,83.678693686,8610440.92812,86.4821744921,86.48217449213168,312.923223234898,,
580,"(96524.77585438239, 755905.0314200174)",176,580,50.31845401161186,tetap,,1379038.23197,Pekalipan,Pulasaren,Hak Milik,00176,12.3753601843,Hook,4.0,Perumahan Sederhana,2.0,Lokal Setapak,1.0,7075,50.31845401161186,Sama,2.0,1.835479,1430.86840206,1863.60115797,2104.88567401,513.436206963,1815.80810426,34.0360497988,34.0360497976,1379038.23197,32.5294133411,32.52941334114713,50.31845401161186,,
581,"(96705.01406444423, 756314.1243025515)",274,581,99.30772656604269,tetap,,1364809.77675,Pekalipan,Pulasaren,Hak Milik,00274,3.05370276184,Normal,3.0,Perumahan Sederhana,2.0,Lokal Sekunder,2.0,6723,99.30772656604269,Sama,2.0,2.69,952.674862617,2008.15763024,2438.87726034,455.469127672,2250.05797991,42.4105043132,42.4105043111,1364809.77675,49.8367480352,49.83674803523006,99.30772656604269,,
582,"(96376.97051197775, 755851.1781651692)",32,582,69.85999981015729,tetap,,1329261.3761,Pekalipan,Pulasaren,Hak Milik,00032,6.65778017188,Normal,3.0,Perumahan Sederhana,2.0,Lokal Setapak,1.0,7514,69.85999981015729,Sama,2.0,1.52,1694.09382354,1708.28765622,1949.57217226,718.883636766,1685.0904879,31.5982025449,31.5982025433,1329261.3761,35.4602538333,35.46025383333798,69.85999981015729,,
583,"(96356.99198532657, 756329.4025028287)",621,583,96.73994185031313,tetap,,8780981.58127,Pekalipan,Pulasaren,Hak Milik,00621,4.38034518427,Normal,3.0,Perdagangan dan Jasa Kelas 1,7.0,Lokal Primer,1.0,6925,96.73994185031313,Sama,2.0,3.78,1228.70692061,1575.62543335,2006.34506345,375.580594294,2309.39060049,49.9428106642,49.9428106626,8780981.58127,51.6815357561,51.681535756107365,96.73994185031313,,
584,"(96398.97033132667, 756171.713865454)",131,584,111.60037232605707,tetap,,1670416.21298,Pekalipan,Pulasaren,Hak Milik,00131,15.1173761179,Normal,3.0,Perumahan Sederhana,2.0,Lokal Setapak,1.0,6640,111.60037232605707,Sama,2.0,1.835479,1413.03876385,1676.52060865,2107.24023875,295.529075214,2227.23305257,43.8465152797,43.8465152797,1670416.21298,44.8027605051,44.802760505139204,111.60037232605707,,
585,"(96805.30103346228, 756269.2836091417)",573,585,151.12390390374384,tetap,,1337928.40506,Pekalipan,Pulasaren,Hak Milik,00573,10.1100631418,Normal,3.0,Perumahan Sederhana,2.0,Lokal Setapak,1.0,6888,151.12390390374384,Sama,2.0,1.85,925.357195945,2113.08919019,2543.80882029,560.40068763,2306.10332559,51.0428276456,51.0428276485,1337928.40506,49.7932957232,49.793295723160924,151.12390390374384,,
586,"(96250.54303931094, 756021.572204719)",840,586,141.01250615105303,tetap,,1494788.70511,Pekalipan,Pulasaren,Hak Milik,00840,5.06821835333,Normal,3.0,Perumahan Sederhana,2.0,Lokal Setapak,1.0,7451,141.01250615105303,Sama,2.0,1.835478594,1777.99830587,1576.7564947,2007.47612481,466.076843578,1799.86370383,28.6770657221,28.6770657214,1494788.70511,48.3179394013,48.31793940127062,141.01250615105303,,
587,"(96617.46946535214, 756265.7813382586)",725,587,81.70228358308268,tetap,,1695702.78726,Pekalipan,Pulasaren,Hak Milik,00725,3.03470803325,Normal,3.0,Perumahan Sederhana,2.0,Lokal Setapak,1.0,6916,81.70228358308268,Sama,2.0,1.835479,1123.74596422,1887.53241405,2318.25204415,76.3707317024,2194.68738531,38.5321424705,38.5321424715,1695702.78726,37.6993885535,37.69938855352953,81.70228358308268,,
588,"(96825.59002519633, 756215.2113480744)",1830,588,85.80514543580932,tetap,,1354436.9597,Pekalipan,Pulasaren,Hak Milik,01830,3.34885887596,Normal,3.0,Perumahan Sederhana,2.0,Lokal Setapak,1.0,6768,85.80514543580932,Sama,2.0,1.835479,930.444585454,2186.91965494,2617.63928504,474.304008147,2246.45147997,46.2201021887,46.2201021916,1354436.9597,43.4474272763,43.447427276283655,85.80514543580932,,
589,"(96942.30759350075, 756202.7138048855)",264,589,294.3555565255567,tetap,,3828277.38563,Pekalipan,Pulasaren,Hak Milik,00264,7.10889082352,Normal,3.0,Perumahan Menengah,3.0,Lokal Primer,1.0,7264,294.3555565255567,Sama,2.0,1.835479,796.213330634,2183.16122202,2712.71063332,560.427758104,2183.22658965,54.9702559225,54.9702559254,3828277.38563,69.171770095,69.1717700949834,294.3555565255567,,
590,"(96497.62939716536, 756154.0247516333)",798,590,116.54186111805319,tetap,,2635671.28523,Pekalipan,Pulasaren,Hak Milik,00798,6.61328621637,Normal,3.0,Perumahan Sederhana,2.0,Lokal Setapak,1.0,7356,116.54186111805319,Sama,2.0,3.41,1276.30613771,1786.38427287,2217.10390297,154.123360571,2135.05004445,38.7226131273,38.7226131279,2635671.28523,44.3208135774,44.32081357740391,116.54186111805319,,
591,"(96359.05213849366, 756181.0629169563)",626,591,70.20718944483501,tetap,,1456119.58938,Pekalipan,Pulasaren,Hak Milik,00626,4.54664090891,Normal,3.0,Perumahan Sederhana,2.0,Lokal Setapak,1.0,7405,70.20718944483501,Sama,2.0,1.835479,1421.43536144,1635.64152652,2066.36115663,316.238259696,2211.68003953,39.9071382108,39.9071382095,1456119.58938,40.2996043348,40.29960433482713,70.20718944483501,,
592,"(96995.28316669981, 756242.1796699065)",592,592,99.92576400222485,tetap,,1463208.60442,Pekalipan,Pulasaren,Hak Milik,00592,4.89223941456,Hook,4.0,Perumahan Sederhana,2.0,Lokal Setapak,1.0,6756,99.92576400222485,Sama,2.0,1.835479,737.173448099,2124.12316418,2782.82408272,634.370758991,2124.18670712,50.6437606021,50.6437606023,1463208.60442,50.6448420359,50.64484203586979,99.92576400222485,,
593,"(96367.67303233969, 755980.7901819189)",805,593,219.14306856940817,tetap,,1396924.55528,Pekalipan,Pulasaren,Hak Milik,00805,21.4966014729,Hook,4.0,Perumahan Sederhana,2.0,Lokal Setapak,1.0,7354,219.14306856940817,Sama,2.0,1.835479,1671.69538391,1723.85111194,2048.14208042,613.171460805,1783.66358119,62.5013873051,62.5013873067,1396924.55528,61.7037275037,61.70372750372553,219.14306856940817,,
594,"(96481.72257995482, 755841.5141546236)",35,594,148.5617919847924,tetap,,1364245.63611,Pekalipan,Pulasaren,Hak Milik,00035,11.1315612246,Normal,3.0,Perumahan Sederhana,2.0,Lokal Setapak,1.0,7355,148.5617919847924,Sama,2.0,1.835478594,1487.87253359,1752.6385197,1993.92303574,570.438623345,1699.9004316,47.9503542239,47.9503542292,1364245.63611,48.8200333585,48.8200333584589,148.5617919847924,,
595,"(96773.82388174524, 756298.6623115971)",42,595,176.69457794020894,tetap,,1238307.0747,Pekalipan,Pulasaren,Hak Milik,00042,10.5834360574,Normal,3.0,Perumahan Sederhana,2.0,Lokal Setapak,1.0,6879,176.69457794020894,Sama,2.0,1.85,989.036458827,2053.38627329,2484.10590339,500.697770723,2292.65655854,60.2807742918,60.2807742976,1238307.0747,59.4552731076,59.45527310763371,176.69457794020894,,
596,"(96454.78397942222, 755880.9537891615)",871,596,74.1348333167689,tetap,,1354108.44234,Pekalipan,Pulasaren,Hak Milik,00871,9.87110609,Hook,4.0,Perumahan Sederhana,2.0,Lokal Setapak,1.0,7551,74.1348333167689,Sama,2.0,1.835479,1548.98358497,1748.20391797,1989.48843401,631.547668037,1720.56778128,34.4989578431,34.4989578462,1354108.44234,35.8215531409,35.82155314088696,74.1348333167689,,
597,"(96777.2613529262, 756338.5971938081)",363,597,20.83204047726148,tetap,,1401046.82442,Pekalipan,Pulasaren,Hak Milik,00363,3.81573115575,Normal,3.0,Perumahan Sederhana,2.0,Lokal Setapak,1.0,7187,20.83204047726148,Sama,2.0,1.835478594,951.623772209,2007.10662919,2437.82625929,454.418126625,2346.75601007,19.0521946712,19.0521946682,1401046.82442,18.4865698807,18.486569880723405,20.83204047726148,,
598,"(96499.70747089657, 755863.9728905449)",426,598,55.34238606838752,tetap,,1372897.06597,Pekalipan,Pulasaren,Hak Milik,00426,4.11142171213,Normal,3.0,Perumahan Sederhana,2.0,Lokal Setapak,1.0,7545,55.34238606838752,Sama,2.0,1.835478594,1513.38774351,1778.15287154,2019.43738758,595.952975189,1725.41564152,33.0050664526,33.0050664534,1372897.06597,34.3174350983,34.31743509826921,55.34238606838752,,
599,"(96428.24955861179, 755951.7645760591)",1673,599,30.10582184771732,tetap,,1356865.3415,Pekalipan,Pulasaren,Hak Milik,01673,5.7547366227,Normal,3.0,Perumahan Sederhana,2.0,Lokal Setapak,1.0,7180,30.10582184771732,Sama,2.0,1.835479,1550.37993399,1788.17924715,2029.46376319,632.943935867,1764.98455604,34.7774616529,34.7774616568,1356865.3415,22.2709890856,22.270989085558618,30.10582184771732,,
600,"(96354.36949305925, 756199.4285889999)",223,600,79.0012281829184,tetap,,2383186.10252,Pekalipan,Pulasaren,Hak Milik,00223,7.93986058931,Normal,3.0,Perumahan Sederhana,2.0,Lokal Setapak,1.0,7300,79.0012281829184,Sama,2.0,1.835479,1366.28326718,1625.87752086,2056.59715096,356.556714553,2251.99986322,41.8359256909,41.8359256893,2383186.10252,41.8590050477,41.859005047718796,79.0012281829184,,
601,"(96971.35837820388, 756264.4145557405)",719,601,192.31020742577627,tetap,,1505291.95256,Pekalipan,Pulasaren,Hak Milik,00719,10.2776846504,Normal,3.0,Perumahan Sederhana,2.0,Lokal Setapak,1.0,6861,192.31020742577627,Sama,2.0,1.835479,781.522307519,2168.47073425,2748.53217193,628.75389187,2168.53556655,61.8115594271,61.8115594281,1505291.95256,65.8161729174,65.81617291744425,192.31020742577627,,
602,"(96546.56131972211, 756073.8236762955)",391,602,156.27481304465104,tetap,,1446826.52763,Pekalipan,Pulasaren,Hak Milik,00391,11.598426958,Normal,3.0,Perumahan Sederhana,2.0,Lokal Setapak,1.0,6749,156.27481304465104,Sama,2.0,1.835479,975.152272636,2137.88402262,2516.16271051,363.87983529,2136.02386584,46.4742207643,46.4742207662,1446826.52763,50.1254585726,50.125458572576,156.27481304465104,,
603,"(96365.50708520527, 755814.4113030877)",486,603,109.97067434253117,tetap,,1681314.6762,Pekalipan,Pulasaren,Hak Milik,00486,3.83914600143,Normal,3.0,Perumahan Sederhana,2.0,Lokal Setapak,1.0,7565,109.97067434253117,Sama,2.0,1.52,1369.5199216,1699.57493789,2130.29456799,252.011332298,2183.71421032,32.0589980602,32.0589980627,1681314.6762,47.1165963702,47.11659637016232,109.97067434253117,,
604,"(96357.87661832575, 755987.0178615391)",804,604,80.40081053552952,tetap,,1420101.62449,Pekalipan,Pulasaren,Hak Milik,00804,6.75140620077,Hook,4.0,Perumahan Sederhana,2.0,Lokal Setapak,1.0,7325,80.40081053552952,Sama,2.0,1.835479,1676.18487262,1691.17887089,2052.63138789,580.499219764,1788.1530699,34.5428906858,34.5428906866,1420101.62449,36.3689616072,36.36896160719153,80.40081053552952,,
605,"(96819.06199068444, 756289.9541516483)",297,605,143.47137634859791,tetap,,1320473.25081,Pekalipan,Pulasaren,Hak Milik,00297,6.43959901299,Normal,3.0,Perumahan Sederhana,2.0,Lokal Setapak,1.0,6668,143.47137634859791,Sama,2.0,1.85,915.426073324,2131.64415196,2562.36378206,578.9556494,2296.17220297,65.6679381281,65.6679381274,1320473.25081,56.5520011679,56.55200116790948,143.47137634859791,,
606,"(96861.93740676796, 756261.8819985031)",337,606,100.42966668382117,tetap,,1323735.8457,Pekalipan,Pulasaren,Hak Milik,00337,6.42941393894,Normal,3.0,Perumahan Sederhana,2.0,Lokal Setapak,1.0,7128,100.42966668382117,Sama,2.0,0.5,882.667489749,2122.3402301,2608.60663594,562.760577955,2263.4136194,54.0998245707,54.0998245692,1323735.8457,54.4344899153,54.434489915267484,100.42966668382117,,
607,"(96741.01066065815, 756255.8062193905)",639,607,189.5688561965457,tetap,,1502094.59486,Pekalipan,Pulasaren,Hak Milik,00639,19.3061162303,Normal,3.0,Perumahan Sederhana,2.0,Lokal Setapak,1.0,7247,189.5688561965457,Sama,2.0,1.835479,1009.01230227,2064.49303717,2495.21266727,447.742642915,2219.88916817,57.9347986107,57.9347986058,1502094.59486,60.2787119033,60.278711903305876,189.5688561965457,,
608,"(96431.58642111914, 756158.1280775933)",796,608,50.339790995621804,tetap,,1690185.78101,Pekalipan,Pulasaren,Hak Milik,00796,4.70129668254,Normal,3.0,Perumahan Sederhana,2.0,Lokal Setapak,1.0,7476,50.339790995621804,Sama,2.0,1.835479,1343.4206791,1719.7081722,2150.4278023,231.149071662,2157.61496782,31.5361233178,31.5361233196,1690185.78101,30.8679881112,30.86798811123918,50.339790995621804,,
609,"(96320.72555826274, 756223.9900294772)",789,609,46.34040241144492,tetap,,1493666.0286,Pekalipan,Pulasaren,Hak Milik,00789,8.57481299777,Normal,3.0,Perumahan Sederhana,2.0,Lokal Setapak,1.0,7467,46.34040241144492,Sama,2.0,1.835478594,1392.69239166,1582.52829712,2013.24792722,422.359205786,2316.29377994,30.0497357319,30.0497357352,1493666.0286,27.8917317057,27.891731705696174,46.34040241144492,,
610,"(96388.47381960832, 755995.5010305605)",1058,610,48.36174854024744,tetap,,1450138.08469,Pekalipan,Pulasaren,Hak Milik,01058,4.0466330328,Normal,3.0,Perumahan Sederhana,2.0,Lokal Setapak,1.0,6722,48.36174854024744,Sama,2.0,1.835479,1695.05863694,1747.21355509,2071.50452358,636.533903963,1807.02683422,26.9727477151,26.9727477113,1450138.08469,30.2970785532,30.29707855316606,48.36174854024744,,
611,"(96818.61132011464, 756203.9064506238)",704,611,45.836753612627525,tetap,,1500173.83353,Pekalipan,Pulasaren,Hak Milik,00704,6.80893965418,Normal,3.0,Perumahan Sederhana,2.0,Lokal Setapak,1.0,7024,45.836753612627525,Sama,2.0,1.835479,951.233985857,2190.54931425,2621.26894435,477.93366746,2250.08087226,25.5301047932,25.5301047908,1500173.83353,27.5707310334,27.57073103343035,45.836753612627525,,
612,"(96469.72415573162, 755931.9155534623)",395,612,69.52674869316331,tetap,,1405550.80263,Pekalipan,Pulasaren,Kosong,00395,3.31384271463,Normal,3.0,Perumahan Sederhana,2.0,Lokal Setapak,1.0,6663,69.52674869316331,Sama,2.0,1.835479,1505.71654753,1805.597858,2046.88237404,588.282141748,1777.96326804,36.2907350871,36.290735087,1405550.80263,37.3964533959,37.39645339586525,69.52674869316331,,
613,"(96428.26483364799, 755864.0860492588)",76,613,110.72769329046862,tetap,,1341187.16792,Pekalipan,Pulasaren,Hak Milik,00076,10.1204354846,Hook,4.0,Perumahan Sederhana,2.0,Lokal Setapak,1.0,7544,110.72769329046862,Sama,2.0,1.52,1580.54635491,1732.34401969,1973.62853573,663.109389216,1709.14756276,42.269535155,42.2695351576,1341187.16792,42.5952162057,42.595216205715765,110.72769329046862,,
614,"(96320.42659677389, 756266.9746033823)",15,614,668.3117994960988,tetap,,1326994.33247,Pekalipan,Pulasaren,Hak Milik,00015,15.0000146688,Normal,3.0,Perumahan Sederhana,2.0,Lokal Setapak,1.0,7399,668.3117994960988,Sama,2.0,1.835478594,1367.60220034,1560.49556194,1991.21519204,438.702298378,2294.26039753,68.7460571075,68.7460571087,1326994.33247,117.952822611,117.95282261099355,668.3117994960988,,
615,"(96511.90768566138, 756360.4333106972)",411,615,89.82896235139731,tetap,,8543105.72196,Pekalipan,Pulasaren,Hak Milik,00411,15.5303445598,Hook,4.0,Perdagangan dan Jasa Kelas 1,7.0,Lokal Primer,3.0,6871,89.82896235139731,Sama,2.0,12.785432656,1093.06157321,1701.42319053,2132.14282063,249.021990718,2250.99014894,43.0911465852,43.0911465862,8543105.72196,45.1840534039,45.18405340387837,89.82896235139731,,
616,"(96453.32533419784, 756319.5667199912)",751,616,95.43535850395209,tetap,,2434469.18755,Pekalipan,Pulasaren,Hak Milik,00751,6.34074169652,Normal,3.0,Perumahan Sederhana,2.0,Lokal Setapak,1.0,6896,95.43535850395209,Sama,2.0,2.08,1359.76057414,1706.67551357,2137.39514367,291.481929955,2293.45061713,43.3867676541,43.3867676559,2434469.18755,45.5248149866,45.5248149866405,95.43535850395209,,
617,"(96406.46063714937, 755936.6863127253)",1837,617,116.82035243485892,tetap,,1513907.7334,Pekalipan,Pulasaren,Hak Milik,01837,10.1596638627,Normal,3.0,Perumahan Sederhana,2.0,Lokal Setapak,1.0,7107,116.82035243485892,Sama,2.0,1.835479,1767.78084774,1566.53944114,1997.25907124,455.85979001,1876.18779574,40.7306658152,40.7306658132,1513907.7334,43.2102503268,43.21025032683045,116.82035243485892,,
618,"(96908.28632324634, 756386.6321231648)",753,618,1175.295470266044,tetap,,7810844.12592,Pekalipan,Pulasaren,Hak Milik,00753,18.1363787805,Tusuk Sate,2.0,Perdagangan dan Jasa Kelas 1,7.0,Lokal Primer,3.0,6909,1175.295470266044,Sama,2.0,13.59,691.690909469,1955.64211409,2549.82814833,396.062461936,2436.40830477,154.765693296,154.765693298,7810844.12592,154.764291014,154.76429101364118,1175.295470266044,,
619,"(96487.43527675251, 756241.8703135203)",629,619,47.4830904766753,tetap,,1227537.30375,Pekalipan,Pulasaren,Hak Milik,00629,3.2448480654,Hook,4.0,Perumahan Sederhana,2.0,Lokal Setapak,1.0,7324,47.4830904766753,Sama,2.0,1.835479,1291.7864729,1770.26021458,2200.97984469,172.798696165,2174.76454497,32.0890988881,32.0890988893,1227537.30375,29.6859036761,29.685903676057087,47.4830904766753,,
620,"(96479.9616853794, 755936.4027162226)",895,620,80.71323476084038,tetap,,1390417.06874,Pekalipan,Pulasaren,Hak Milik,00895,5.53921348555,Normal,3.0,Perumahan Sederhana,2.0,Lokal Setapak,1.0,7393,80.71323476084038,Sama,2.0,1.835479,1492.15202108,1809.67579179,2050.96030783,574.71800786,1782.04162322,33.8518734551,33.8518734525,1390417.06874,37.8601087812,37.86010878120784,80.71323476084038,,
621,"(96387.50691101658, 755834.2132875918)",854,621,52.70397397648194,tetap,,1292690.57292,Pekalipan,Pulasaren,Hak Milik,00854,5.87194215325,Normal,3.0,Perumahan Sederhana,2.0,Lokal Setapak,1.0,7322,52.70397397648194,Sama,2.0,1.52,1633.95201526,1664.37975543,1905.66427147,716.513195914,1641.18111952,29.2047137174,29.2047137196,1292690.57292,29.6524905164,29.65249051643265,52.70397397648194,,
622,"(96795.60888187618, 756243.6457044571)",702,622,44.19641990233598,tetap,,1494638.19921,Pekalipan,Pulasaren,Hak Milik,00702,7.68652515163,Normal,3.0,Perumahan Sederhana,2.0,Lokal Setapak,1.0,6960,44.19641990233598,Sama,2.0,1.835479,1013.74088798,2124.31664925,2555.03627935,465.885558478,2238.03249588,27.0686878033,27.0686878031,1494638.19921,26.8267645763,26.826764576340768,44.19641990233598,,
623,"(96796.45336223305, 756171.4338415614)",427,623,54.566906420873735,tetap,,1343229.13455,Pekalipan,Pulasaren,Hak Milik,00427,6.52675606621,Normal,3.0,Perumahan Sederhana,2.0,Lokal Setapak,1.0,7026,54.566906420873735,Sama,2.0,1.835479,928.889137483,2162.6820898,2540.96077769,388.677902474,2160.82272645,29.6874008676,29.6874008662,1343229.13455,29.9184844507,29.91848445069001,54.566906420873735,,
624,"(96721.97650010981, 756193.6194978334)",172,624,223.39229016422428,tetap,,2462698.75635,Pekalipan,Pulasaren,Hak Milik,00172,12.3887831848,Hook,4.0,Perumahan Sederhana,2.0,Lokal Setapak,1.0,6964,223.39229016422428,Sama,2.0,1.835478594,1046.85916007,2119.72085487,2517.53432274,365.251447528,2137.39545667,61.1837748412,61.1837748382,2462698.75635,60.7225313293,60.72253132929107,223.39229016422428,,
625,"(96797.93437862916, 756367.959651121)",1027,625,4114.958735325475,tetap,,8327200.17998,Pekalipan,Pulasaren,Hak Pakai,01027,61.4200774681,Tusuk Sate,2.0,Perdagangan dan Jasa Kelas 1,7.0,Lokal Primer,1.0,7763,4114.958735325475,Sama,2.0,1.835478594,957.905642945,2013.38906213,2444.10869223,460.700559564,2353.0378808,281.388955187,281.38895519,8327200.17998,283.072368975,283.07236897471074,4114.958735325475,,
626,"(96962.32658595701, 756207.2747434825)",293,626,100.21466700600077,tetap,,3739657.72125,Pekalipan,Pulasaren,Hak Milik,00293,4.99984947838,Normal,3.0,Perumahan Menengah,3.0,Lokal Primer,1.0,6781,100.21466700600077,Sama,2.0,1.835479,774.404971127,2161.35360215,2734.27839237,581.995517156,2161.41823016,50.073475889,50.0734758879,3739657.72125,50.0746322227,50.07463222268954,100.21466700600077,,
627,"(96412.1630630142, 756157.0284939947)",470,627,89.01931606645313,tetap,,1669903.93393,Pekalipan,Pulasaren,Hak Milik,00470,10.0122597783,Normal,3.0,Perumahan Sederhana,2.0,Lokal Setapak,1.0,6798,89.01931606645313,Sama,2.0,1.835479,1360.00726298,1701.24794914,2131.96757924,247.735128916,2165.98706659,37.8916608721,37.8916608748,1669903.93393,37.9442864135,37.944286413473336,89.01931606645313,,
628,"(96724.53275774137, 756181.1047544966)",469,628,305.8065991429237,tetap,,2464238.65665,Pekalipan,Pulasaren,Hak Milik,00469,10.6635713542,Normal,3.0,Perumahan Sederhana,2.0,Lokal Sekunder,2.0,6685,305.8065991429237,Sama,2.0,2.69,1058.69072181,2117.67008504,2495.94877293,343.665897717,2115.80893542,77.5919176316,77.5919176292,2464238.65665,76.7270763276,76.72707632764627,305.8065991429237,,
629,"(96425.52096638242, 756155.160289388)",474,629,97.22570819209979,tetap,,1432681.61343,Pekalipan,Pulasaren,Hak Milik,00474,3.47373503047,Normal,3.0,Perumahan Sederhana,2.0,Lokal Setapak,1.0,6706,97.22570819209979,Sama,2.0,1.835479,1689.11876358,1806.92514401,2048.20966005,704.043825344,1783.73082381,31.9882924733,31.9882924737,1432681.61343,38.7999113157,38.79991131570924,97.22570819209979,,
630,"(96882.66051920303, 756199.7640158897)",476,630,212.3648598524815,tetap,,2543674.93972,Pekalipan,Pulasaren,Hak Milik,00476,7.99897906245,Tusuk Sate,2.0,Perumahan Sederhana,2.0,Lokal Sekunder,2.0,6707,212.3648598524815,Sama,2.0,1.835479,832.57559147,2178.01549364,2671.60188813,519.319012915,2152.07824777,67.2421255537,67.2421255522,2543674.93972,68.3266005453,68.32660054531938,212.3648598524815,,
631,"(96429.67860575212, 756315.7118764105)",177,631,886.1502351435801,tetap,,8208542.24172,Pekalipan,Pulasaren,Hak Milik,00177,15.4857307669,Normal,3.0,Perdagangan dan Jasa Kelas 1,7.0,Lokal Setapak,1.0,6936,886.1502351435801,Sama,2.0,2.08,1333.23088172,1680.14610668,2110.86573679,281.565983007,2283.53486217,123.169154705,123.169154705,8208542.24172,124.221509929,124.22150992925962,886.1502351435801,,
632,"(96774.69097530065, 756343.883169719)",254,632,63.92421956432225,tetap,,1384783.52793,Pekalipan,Pulasaren,Hak Milik,00254,3.62274806371,Normal,3.0,Perumahan Sederhana,2.0,Lokal Setapak,1.0,6699,63.92421956432225,Sama,2.0,1.835478594,945.087566425,2000.5705547,2431.2901848,447.882052134,2340.21980428,33.1653394033,33.1653394055,1384783.52793,32.9223068618,32.92230686184469,63.92421956432225,,
633,"(96795.24709112261, 756229.4042394581)",1822,633,63.39696958281378,tetap,,1368255.35913,Pekalipan,Pulasaren,Hak Milik,01822,6.79317969108,Normal,3.0,Perumahan Sederhana,2.0,Lokal Setapak,1.0,6729,63.39696958281378,Sama,2.0,1.835479,957.24574633,2158.3860509,2589.10568101,445.770404117,2217.91703408,32.8084649278,32.808464927,1368255.35913,37.0059729282,37.005972928154726,63.39696958281378,,
634,"(96326.86821714297, 756033.4122419961)",823,634,35.092045386591984,tetap,,1666958.53901,Pekalipan,Pulasaren,Hak Milik,00823,6.38868875124,Normal,3.0,Perumahan Sederhana,2.0,Lokal Setapak,1.0,7845,35.092045386591984,Sama,2.0,1.835479,1391.21472143,1677.07253718,2107.79216728,273.705380506,2205.40901015,37.0688242057,37.0688242036,1666958.53901,27.0845931016,27.0845931016029,35.092045386591984,,
635,"(96466.28897231295, 756346.996110845)",516,635,200.32446391079728,tetap,,8622279.97286,Pekalipan,Pulasaren,Hak Guna Bangunan,00516,6.42953640849,Hook,4.0,Perdagangan dan Jasa Kelas 1,7.0,Lokal Primer,3.0,7829,200.32446391079728,Sama,2.0,13.59,1126.17359353,1660.72078127,2091.44041137,319.30793338,2321.27795307,72.6466109633,72.6466109611,8622279.97286,71.3998268533,71.3998268532568,200.32446391079728,,
636,"(96565.59247060666, 756236.7648004501)",762,636,186.48179483415882,tetap,,9697279.02247,Pekalipan,Pulasaren,Kosong,00762,7.63179615559,Normal,3.0,Perdagangan dan Jasa Kelas 1,7.0,Lokal Primer,1.0,7396,186.48179483415882,Sama,2.0,1.835479,1288.16810771,1915.46475533,2346.18438543,144.947289998,2146.91201445,57.9219065392,57.9219065387,9697279.02247,61.3610383442,61.36103834422832,186.48179483415882,,
637,"(96707.70552250212, 756280.9578393291)",46,637,123.36392342556776,tetap,,1431470.48494,Pekalipan,Pulasaren,Hak Milik,00046,3.07794560238,Normal,3.0,Perumahan Sederhana,2.0,Lokal Sekunder,2.0,7133,123.36392342556776,Sama,2.0,2.69,980.003331278,2035.48516873,2466.20479884,441.354996712,2213.50127067,39.6732931365,39.6732931353,1431470.48494,44.6345636583,44.63456365831337,123.36392342556776,,
638,"(96420.77686748872, 755911.1927656808)",890,638,67.70675679925957,tetap,,1341409.05733,Pekalipan,Pulasaren,Hak Milik,00890,3.30723142389,Normal,3.0,Perumahan Sederhana,2.0,Lokal Setapak,1.0,7481,67.70675679925957,Sama,2.0,1.61,1589.74748945,1753.82404931,1995.10856535,672.310265967,1730.62816456,38.6566828417,38.6566828415,1341409.05733,42.0545817679,42.054581767923274,67.70675679925957,,
639,"(96535.35112434841, 756306.708598196)",444,639,139.97727462755682,tetap,,9487968.07758,Pekalipan,Pulasaren,Hak Milik,00444,10.0988917276,Normal,3.0,Perdagangan dan Jasa Kelas 1,7.0,Lokal Primer,3.0,7005,139.97727462755682,Sama,2.0,12.785432656,1157.87307361,1766.23274305,2196.95237316,192.687101213,2194.65336983,49.7352105736,49.7352105726,9487968.07758,48.4220267936,48.42202679363024,139.97727462755682,,
640,"(96349.89776479336, 756009.1291813299)",832,640,109.90214268128547,tetap,,1465897.67371,Pekalipan,Pulasaren,Hak Milik,00832,10.0304847782,Normal,3.0,Perumahan Sederhana,2.0,Lokal Setapak,1.0,7290,109.90214268128547,Sama,2.0,1.26,1700.19321461,1670.5276413,2076.63898584,559.847990167,1812.16141189,42.3324890064,42.3324890115,1465897.67371,42.0765704568,42.07657045681581,109.90214268128547,,
641,"(96688.57786351576, 756244.8218525086)",0,641,0.0,tetap,0,0.0,Pekalipan,Pulasaren,Hak Milik, ,17.4269032216,Normal,3.0,Perumahan Sederhana,2.0,Lokal Sekunder,2.0,6656,269.7187861510868,Sama,2.0,2.69,1032.3302162,2087.81066647,2518.53029658,411.09841113,2183.24326149,53.1945136792,53.1945136792,1543815.07983,71.0268751453,71.02687514528408,269.7187861510868,,
642,"(96514.319850563, 755910.7382367942)",882,642,77.44604570747556,tetap,,1375917.52293,Pekalipan,Pulasaren,Hak Milik,00882,9.17098671155,Hook,4.0,Perumahan Sederhana,2.0,Lokal Setapak,1.0,7480,77.44604570747556,Sama,2.0,1.835479,1444.19629327,1862.86231621,2104.14683225,526.763688203,1829.13599548,30.3059406883,30.3059406869,1375917.52293,35.3647854546,35.36478545455993,77.44604570747556,,
643,"(96835.92483658643, 756308.5821833782)",302,643,145.87313890193604,tetap,,1034112.27388,Pekalipan,Pulasaren,Hak Milik,00302,9.62937992889,Normal,3.0,Perumahan Sederhana,2.0,Lokal Setapak,1.0,6957,145.87313890193604,Sama,2.0,3.66,852.420351258,2092.09380956,2616.86918264,532.514157414,2310.19313048,50.0466438181,50.0466438186,1034112.27388,49.3739589226,49.37395892257973,145.87313890193604,,
644,"(96563.22677996033, 756325.0979415297)",729,644,68.55521327497179,tetap,,1479185.14791,Pekalipan,Pulasaren,Hak Milik,00729,3.01380410825,Normal,3.0,Perumahan Sederhana,2.0,Lokal Setapak,1.0,7043,68.55521327497179,Sama,2.0,1.31,1063.35480465,1840.15649984,2270.87612994,171.916668093,2290.23583931,40.8868813276,40.8868813275,1479185.14791,42.3349235434,42.33492354343262,68.55521327497179,,
645,"(96607.77537939812, 756227.1922858009)",56,645,144.40732233609987,tetap,,1924641.02309,Pekalipan,Pulasaren,Hak Milik,00056,5.25454661497,Normal,3.0,Perumahan Sederhana,2.0,Lokal Setapak,1.0,6940,144.40732233609987,Sama,2.0,1.835479,1170.99746358,1922.96449188,2353.68412199,41.6967181734,2160.01202748,57.7276291483,57.7276291514,1924641.02309,60.9473194023,60.94731940228905,144.40732233609987,,
646,"(96942.11014994432, 756272.5438265707)",398,646,253.0697466520917,tetap,,1616736.65801,Pekalipan,Pulasaren,Hak Milik,00398,6.2031575078,Normal,3.0,Perumahan Sederhana,2.0,Lokal Setapak,1.0,7121,253.0697466520917,Sama,2.0,1.835479,866.165598474,2153.71841151,2678.49378459,594.138759361,2248.83050629,85.1264861156,85.1264861174,1616736.65801,93.6103216412,93.61032164122079,253.0697466520917,,
647,"(96342.2511293365, 756057.4142291647)",1008,647,79.41175805967607,tetap,,1559237.67486,Pekalipan,Pulasaren,Hak Milik,01008,3.42794000141,Normal,3.0,Perumahan Sederhana,2.0,Lokal Setapak,1.0,6747,79.41175805967607,Sama,2.0,1.52,1777.82028119,1649.29003348,2080.00966359,538.610382355,1886.73073209,40.999820651,40.9998206479,1559237.67486,35.794713848,35.7947138479765,79.41175805967607,,
648,"(96437.13663892036, 755924.0738450122)",848,648,138.7810752176053,tetap,,1357002.16712,Pekalipan,Pulasaren,Hak Milik,00848,9.20899458201,Normal,3.0,Perumahan Sederhana,2.0,Lokal Setapak,1.0,7320,138.7810752176053,Sama,2.0,1.61,1568.04635801,1776.29848896,2017.583005,650.609912921,1753.10341568,51.1170184922,51.1170184925,1357002.16712,50.1118494296,50.1118494295705,138.7810752176053,,
649,"(96533.66952343774, 756146.4163169517)",899,649,71.16192416520832,tetap,,1602240.5266,Pekalipan,Pulasaren,Hak Milik,00899,6.75534227163,Normal,3.0,Perumahan Sederhana,2.0,Lokal Setapak,1.0,7338,71.16192416520832,Sama,2.0,1.835479,1208.40208825,1841.35336548,2272.07299559,145.019857843,2067.14599499,33.3291330238,33.3291330206,1602240.5266,34.7363580025,34.736358002510485,71.16192416520832,,
650,"(96751.79373174523, 756361.7152243037)",244,650,32.25719128504386,tetap,,1299800.62156,Pekalipan,Pulasaren,Hak Milik,00244,8.45385389065,Normal,3.0,Perumahan Sederhana,2.0,Lokal Setapak,1.0,7182,32.25719128504386,Sama,2.0,1.835478594,912.643209558,1968.12679994,2398.84643004,415.438297382,2307.77544742,23.5060525867,23.5060525886,1299800.62156,24.7209262195,24.720926219512016,32.25719128504386,,
651,"(96388.65925498572, 756160.1676722178)",787,651,87.22650651228196,tetap,,1479083.77766,Pekalipan,Pulasaren,Hak Milik,00787,5.9500399198,Normal,3.0,Perumahan Sederhana,2.0,Lokal Setapak,1.0,7475,87.22650651228196,Sama,2.0,1.835479,1391.13662668,1661.57416352,2092.29379362,278.863606822,2174.30414676,42.6372739305,42.6372739293,1479083.77766,43.8080551336,43.808055133588255,87.22650651228196,,
652,"(96488.00894460481, 755820.3856429025)",877,652,60.60194907495081,tetap,,5231983.57911,Pekalipan,Pulasaren,Hak Milik,00877,10.8853694019,Hook,4.0,Perumahan Mewah,4.0,Lokal Setapak,1.0,7319,60.60194907495081,Sama,2.0,1.835478594,1470.2231287,1716.90899202,1958.19350806,552.789781341,1664.16969471,42.6453183562,42.6453183545,5231983.57911,36.7780036429,36.77800364288911,60.60194907495081,,
653,"(96303.75449805915, 756235.4367583459)",319,653,63.851284790228306,tetap,,1471298.92149,Pekalipan,Pulasaren,Hak Milik,00319,3.14786933737,Normal,3.0,Perumahan Sederhana,2.0,Lokal Setapak,1.0,7468,63.851284790228306,Sama,2.0,1.835478594,1386.11662128,1567.02761818,1997.74724828,406.858526848,2300.79295369,32.4645444888,32.4645444894,1471298.92149,34.4553692668,34.455369266826466,63.851284790228306,,
654,"(96391.89474396742, 755893.5789784051)",597,654,55.83899406917125,tetap,,1313144.05872,Pekalipan,Pulasaren,Hak Milik,00597,7.39195082558,Normal,3.0,Perumahan Sederhana,2.0,Lokal Setapak,1.0,7513,55.83899406917125,Sama,2.0,1.52,1616.23335784,1716.79890945,1958.08342549,683.720464542,1693.60204599,28.463033446,28.463033445,1313144.05872,30.1429725176,30.142972517556533,55.83899406917125,,
655,"(96428.33847516806, 756228.2188908133)",788,655,198.67200181569729,tetap,,3843353.49888,Pekalipan,Pulasaren,Hak Milik,00788,11.6593560055,Normal,3.0,Perumahan Menengah,3.0,Lokal Setapak,1.0,7311,198.67200181569729,Sama,2.0,1.835479,1348.62416709,1695.53841026,2126.25804036,242.981450674,2211.2114029,58.1060070623,58.1060070599,3843353.49888,57.1295320933,57.129532093345944,198.67200181569729,,
656,"(96264.56018844125, 756019.1931486656)",817,656,93.00272904357965,tetap,,1510675.86942,Pekalipan,Pulasaren,Hak Milik,00817,9.53662554661,Hook,4.0,Perumahan Sederhana,2.0,Lokal Setapak,1.0,7530,93.00272904357965,Sama,2.0,1.835478594,1811.15722001,1613.08656595,2043.80619605,502.406914816,1795.32554109,38.6138450374,38.6138450373,1510675.86942,38.6530883099,38.65308830990054,93.00272904357965,,
657,"(96745.72541657415, 756345.8887138815)",47,657,39.95140361637516,tetap,,1314044.97437,Pekalipan,Pulasaren,Hak Milik,00047,4.93924681022,Normal,3.0,Perumahan Sederhana,2.0,Lokal Setapak,1.0,6657,39.95140361637516,Sama,2.0,1.835478594,917.878144879,1973.36189506,2404.08152516,420.673392491,2313.01038274,29.3032287337,29.3032287356,1314044.97437,26.6342462778,26.63424627781638,39.95140361637516,,
658,"(96870.43725271484, 756242.3779421836)",619,658,100.93136979301482,tetap,,1282126.28659,Pekalipan,Pulasaren,Hak Milik,00619,7.57943924599,Normal,3.0,Perumahan Sederhana,2.0,Lokal Setapak,1.0,7057,100.93136979301482,Sama,2.0,1.835479,876.892165043,2148.32448821,2673.0998613,530.206563787,2196.39482134,42.6764008329,42.6764008325,1282126.28659,41.482828813,41.482828812968535,100.93136979301482,,
659,"(96716.34250283973, 756278.7892975829)",536,659,64.88322801972804,tetap,,2371908.21763,Pekalipan,Pulasaren,Hak Milik,00536,5.71927041594,Normal,3.0,Perumahan Sederhana,2.0,Lokal Sekunder,2.0,7001,64.88322801972804,Sama,2.0,2.69,973.09619893,2028.57790549,2459.29753559,430.8999488,2203.04606182,29.5928966241,29.5928966179,2371908.21763,32.3822840975,32.382284097519424,64.88322801972804,,
660,"(96484.7453451844, 756325.3728181565)",606,660,436.69001023237087,tetap,,1372436.38231,Pekalipan,Pulasaren,Hak Milik,00606,4.18637960149,Normal,3.0,Perumahan Sederhana,2.0,Lokal Primer,3.0,6636,436.69001023237087,Sama,2.0,12.785432656,1691.76930792,1737.14131766,2008.2432132,626.461666536,1743.76333881,112.105326302,112.105326302,1372436.38231,111.18273764,111.1827376396407,436.69001023237087,,
661,"(96678.2117595491, 756308.1175101446)",672,661,199.25053523137163,tetap,,1439728.17596,Pekalipan,Pulasaren,Kosong,00672,7.13264576537,Normal,3.0,Perumahan Sederhana,2.0,Lokal Sekunder,2.0,7253,199.25053523137163,Sama,2.0,2.69,984.485744612,2039.96831928,2470.68794938,487.279816713,2270.54624656,74.4428795939,74.4428795939,1439728.17596,74.4418739595,74.4418739594818,199.25053523137163,,
662,"(96485.34474729595, 756167.7412502329)",792,662,96.14556288501487,tetap,,2624520.04538,Pekalipan,Pulasaren,Hak Milik,00792,8.44646065101,Normal,3.0,Perumahan Sederhana,2.0,Lokal Setapak,1.0,7458,96.14556288501487,Sama,2.0,3.41,1279.51908209,1780.35233413,2211.07196423,157.336054671,2131.7169602,39.7159072434,39.7159072439,2624520.04538,39.6013310723,39.60133107226507,96.14556288501487,,
663,"(96711.07286815006, 756242.2801113852)",73,663,110.94280979646311,tetap,,2430983.0823,Pekalipan,Pulasaren,Hak Milik,00073,23.3931358664,Normal,3.0,Perumahan Sederhana,2.0,Lokal Sekunder,2.0,6694,110.94280979646311,Sama,2.0,2.69,1011.32640685,2066.80687335,2497.52650345,391.724205058,2163.86909648,68.207165189,68.2071651889,2430983.0823,67.7205232148,67.72052321484195,110.94280979646311,,
664,"(96430.7652057937, 755840.6336426924)",439,664,144.03986855786232,tetap,,1333320.69087,Pekalipan,Pulasaren,Hak Milik,00439,4.53065969774,Normal,3.0,Perumahan Sederhana,2.0,Lokal Setapak,1.0,7512,144.03986855786232,Sama,2.0,1.52,1600.56070129,1705.75557903,1947.04009507,683.123142839,1682.55816443,50.7931253321,50.7931253262,1333320.69087,54.2204138175,54.22041381749302,144.03986855786232,,
665,"(96534.39517309518, 756106.9994649437)",641,665,113.70620147479885,tetap,,1683111.26414,Pekalipan,Pulasaren,Hak Milik,00641,8.27466763815,Normal,3.0,Perumahan Sederhana,2.0,Lokal Setapak,1.0,7246,113.70620147479885,Sama,2.0,1.835479,1215.09281918,1877.62761362,2308.34724372,237.200464808,2062.10471839,44.5294103458,44.5294103451,1683111.26414,44.4473618591,44.447361859135356,113.70620147479885,,
666,"(96901.17757950776, 756312.8322767137)",673,666,190.98718359527936,tetap,,1591134.8952,Pekalipan,Pulasaren,Hak Guna Bangunan,00673,7.17849529107,Normal,3.0,Perumahan Sederhana,2.0,Lokal Setapak,1.0,7252,190.98718359527936,Sama,2.0,1.835479,856.858749372,2096.53204945,2621.30742253,536.952397307,2264.71639187,48.4405498395,48.440549841,1591134.8952,55.5174404422,55.517440442194484,190.98718359527936,,
667,"(96483.43402114457, 756286.6870531638)",87,667,90.87691426537798,tetap,,2478386.84792,Pekalipan,Pulasaren,Hak Milik,00087,5.974410023,Normal,3.0,Perumahan Sederhana,2.0,Lokal Setapak,1.0,6740,90.87691426537798,Sama,2.0,1.64,1334.83035412,1778.24385609,2208.96348619,215.842218489,2217.8084262,40.6455082767,40.6455082724,2478386.84792,42.172941281,42.172941280956074,90.87691426537798,,
668,"(96302.35122162754, 756218.2535254994)",778,668,134.8212079641231,tetap,,1334824.42439,Pekalipan,Pulasaren,Hak Milik,00778,4.40794226472,Normal,3.0,Perumahan Sederhana,2.0,Lokal Setapak,1.0,6975,134.8212079641231,Sama,2.0,1.835478594,1399.01844351,1559.91253773,1990.63216784,399.743446409,2293.67753767,41.6517996903,41.6517996887,1334824.42439,46.6899713178,46.68997131779737,134.8212079641231,,
669,"(96584.50396503646, 756241.5076378931)",195,669,134.598874616464,tetap,,1778701.40086,Pekalipan,Pulasaren,Hak Milik,00195,7.19535188669,Normal,3.0,Perumahan Sederhana,2.0,Lokal Setapak,1.0,7079,134.598874616464,Sama,2.0,1.835479,1284.60155565,1911.89814094,2342.61777104,141.38067561,2143.34546238,44.4762964344,44.4762964398,1778701.40086,49.302723568,49.30272356803862,134.598874616464,,
670,"(96383.40850992118, 755844.6831414092)",27,670,83.3880940169426,tetap,,1283420.04107,Pekalipan,Pulasaren,Hak Milik,00027,8.79349232184,Normal,3.0,Perumahan Sederhana,2.0,Lokal Setapak,1.0,7511,83.3880940169426,Sama,2.0,1.52,1637.62199863,1661.13981684,1902.42433287,720.183103709,1637.94106343,35.879506583,35.8795065856,1283420.04107,36.5377660843,36.53776608429924,83.3880940169426,,
671,"(96409.93997359053, 756204.6590699122)",548,671,60.77349574911332,tetap,,1671621.15712,Pekalipan,Pulasaren,Hak Milik,00548,3.78782449864,Normal,3.0,Perumahan Sederhana,2.0,Lokal Setapak,1.0,7560,60.77349574911332,Sama,2.0,1.835479,1379.12721814,1689.52176393,2120.24139403,261.618251913,2193.32150686,32.245146615,32.2451466143,1671621.15712,35.2861049636,35.286104963644526,60.77349574911332,,
672,"(96924.06484083095, 756305.650144467)",240,672,93.37961672322125,tetap,,2249465.01809,Pekalipan,Pulasaren,Hak Milik,00240,5.69023905925,Normal,3.0,Perumahan Sederhana,2.0,Lokal Setapak,1.0,7852,93.37961672322125,Sama,2.0,1.835479,871.73085152,2111.4037533,2636.17912638,551.824101152,2274.9369845,35.6220750487,35.6220750461,2249465.01809,41.3409451662,41.34094516619023,93.37961672322125,,
673,"(96689.38803295455, 756215.6138153723)",731,673,335.56570077959253,tetap,,1590797.88096,Pekalipan,Pulasaren,Hak Milik,00731,8.97654752427,Normal,3.0,Perumahan Sederhana,2.0,Lokal Sekunder,2.0,6897,335.56570077959253,Sama,2.0,2.69,1058.27640726,2113.75598107,2537.04776053,384.764885315,2156.90890953,94.2628867966,94.2628867948,1590797.88096,95.607990669,95.60799066895856,335.56570077959253,,
674,"(96411.60781138868, 756341.3994960586)",178,674,84.09667705081334,tetap,,1411102.79245,Pekalipan,Pulasaren,Hak Milik,00178,15.1384566171,Normal,3.0,Perumahan Sederhana,2.0,Lokal Primer,1.0,6903,84.09667705081334,Sama,2.0,2.08,1044.41967971,1821.22194606,2251.94157616,187.164187974,2305.48392113,49.1529239087,49.1529239107,1411102.79245,43.4284749904,43.42847499037725,84.09667705081334,,
675,"(96412.51301036193, 756138.4647647658)",72,675,116.77249650607527,tetap,,1501935.49477,Pekalipan,Pulasaren,Hak Milik,00072,4.58246000886,Hook,4.0,Perumahan Sederhana,2.0,Lokal Setapak,1.0,7316,116.77249650607527,Sama,2.0,1.835479,1354.89287935,1690.42156388,2121.14119398,242.620924775,2138.06039943,46.3925644016,46.392564403,1501935.49477,46.3917252588,46.39172525883725,116.77249650607527,,
676,"(96420.0888987496, 755856.8435009279)",884,676,67.08094741420484,tetap,,1329192.73242,Pekalipan,Pulasaren,Hak Milik,00884,4.67873133216,Normal,3.0,Perumahan Sederhana,2.0,Lokal Setapak,1.0,7541,67.08094741420484,Sama,2.0,1.52,1593.23838126,1715.62160946,1956.9061255,675.801140487,1692.42454258,46.6653993186,46.6653993187,1329192.73242,40.6040254223,40.604025422316035,67.08094741420484,,
677,"(96416.95204257444, 756339.9500038237)",479,677,107.76651160883095,tetap,,8670566.66173,Pekalipan,Pulasaren,Hak Milik,00479,5.38482621572,Normal,3.0,Perdagangan dan Jasa Kelas 1,7.0,Lokal Primer,1.0,6918,107.76651160883095,Sama,2.0,2.08,1175.24106148,1601.01389275,2031.73352286,368.373658353,2334.77989579,48.6318253888,48.6318253884,8670566.66173,51.5516647754,51.551664775368906,107.76651160883095,,
678,"(96378.26638873253, 755972.6660448819)",806,678,73.3395527703834,tetap,,1425448.98984,Pekalipan,Pulasaren,Hak Milik,00806,7.10902997939,Normal,3.0,Perumahan Sederhana,2.0,Lokal Setapak,1.0,7552,73.3395527703834,Sama,2.0,1.835479,1675.74792158,1727.90350329,2052.19447178,617.223852159,1787.71611886,35.3805806338,35.3805806336,1425448.98984,35.6065210439,35.606521043885465,73.3395527703834,,
679,"(96499.20778243126, 755840.44341663)",157,679,166.45737078271887,tetap,,5271301.25922,Pekalipan,Pulasaren,Hak Milik,00157,9.91571787427,Hook,4.0,Perumahan Mewah,4.0,Lokal Setapak,1.0,7422,166.45737078271887,Sama,2.0,1.835478594,1483.59327444,1748.35934374,1989.64385977,566.159447385,1695.62117245,71.6458100958,71.6458100983,5271301.25922,70.6091175892,70.60911758921094,166.45737078271887,,
680,"(96484.75413355575, 756280.3839463918)",0,680,0.0,tetap,0,0.0,Pekalipan,Pulasaren,Hak Milik, ,6.97097990947,Normal,3.0,Perumahan Sederhana,2.0,Lokal Setapak,1.0,7587,100.35472590290414,Sama,2.0,1.64,1328.04305121,1771.4565369,2202.176167,209.054899305,2211.02112329,42.9634089189,42.96340892,2467872.71744,43.0224903812,43.022490381190536,100.35472590290414,,
681,"(96397.85075812138, 756329.2565129308)",20,681,176.97997648422947,tetap,,8772647.88447,Pekalipan,Pulasaren,Hak Milik,00020,4.64995976816,Normal,3.0,Perdagangan dan Jasa Kelas 1,7.0,Lokal Primer,1.0,7070,176.97997648422947,Sama,2.0,2.08,1246.05466165,1592.97279328,2023.69242338,376.100170453,2324.27778786,73.8979489879,73.8979489889,8772647.88447,83.5722420952,83.57224209524178,176.97997648422947,,
682,"(96499.97179279254, 756307.7075434108)",741,682,171.9173748899054,tetap,,9471394.1499,Pekalipan,Pulasaren,Hak Milik,00741,6.8172926035,Normal,3.0,Perdagangan dan Jasa Kelas 1,7.0,Lokal Primer,3.0,7011,171.9173748899054,Sama,2.0,12.785432656,1150.16518915,1758.52531928,2189.24494938,213.166103349,2215.13281495,68.4003127326,68.4003127336,9471394.1499,67.8957933526,67.89579335261715,171.9173748899054,,
683,"(96738.06635546553, 756365.5290320785)",433,683,189.2478912122299,tetap,,2215354.12882,Pekalipan,Pulasaren,Hak Milik,00433,9.03325446876,Normal,3.0,Perumahan Sederhana,2.0,Lokal Setapak,1.0,6852,189.2478912122299,Sama,2.0,1.835478594,901.932813863,1957.41678153,2388.13641164,404.72827897,2297.06505172,59.0626943904,59.0626943888,2215354.12882,58.3705605035,58.37056050350961,189.2478912122299,,
684,"(96754.01249607439, 756346.8412905756)",370,684,34.04477413898993,tetap,,1829427.27212,Pekalipan,Pulasaren,Hak Milik,00370,4.72350350055,Normal,3.0,Perumahan Sederhana,2.0,Lokal Setapak,1.0,7102,34.04477413898993,Sama,2.0,1.835478594,1243.3165704,1827.72108021,2258.44071031,121.134933511,2102.06047714,23.9174953317,23.9174953319,1829427.27212,29.1356923345,29.13569233452517,34.04477413898993,,
685,"(96716.2737179302, 756343.3783342362)",953,685,288.53139951258316,tetap,,1764023.13877,Pekalipan,Pulasaren,Hak Milik,00953,16.0764572146,Normal,3.0,Perumahan Sederhana,2.0,Lokal Sekunder,2.0,7776,288.53139951258316,Sama,2.0,2.69,1226.26489625,1845.26324954,2275.98287963,162.882484624,2085.00880299,67.5941982045,67.5941982015,1764023.13877,68.1656944392,68.16569443919698,288.53139951258316,,
686,"(96394.2750909363, 755845.1221141671)",475,686,105.77495882007047,tetap,,1295079.77999,Pekalipan,Pulasaren,Hak Milik,00475,9.89999379053,Normal,3.0,Perumahan Sederhana,2.0,Lokal Setapak,1.0,6674,105.77495882007047,Sama,2.0,1.52,1626.87994025,1671.96189672,1913.24641275,709.441431274,1648.76355532,39.2799737017,39.2799737018,1295079.77999,41.1533937888,41.15339378877485,105.77495882007047,,
687,"(96476.52374256388, 756147.6835591679)",480,687,91.23379198068518,tetap,,3917281.27007,Pekalipan,Pulasaren,Hak Milik,00480,10.2500138478,Hook,4.0,Perumahan Menengah,3.0,Lokal Setapak,1.0,6710,91.23379198068518,Sama,2.0,3.41,1283.49452879,1763.67240706,2194.39203716,188.572123323,2097.68881751,38.4306211194,38.4306211207,3917281.27007,38.4338056728,38.433805672769104,91.23379198068518,,
688,"(96486.81384205743, 756104.9364172799)",485,688,164.01644954005346,tetap,,3856656.81751,Pekalipan,Pulasaren,Hak Milik,00485,12.2923668381,Normal,3.0,Perumahan Menengah,3.0,Lokal Setapak,1.0,6700,164.01644954005346,Sama,2.0,1.835479,1243.19419989,1805.97850484,2236.69813494,221.645434155,2057.38848861,53.3330583393,53.3330583318,3856656.81751,53.2853243289,53.285324328929214,164.01644954005346,,
689,"(96435.00986905966, 756187.0963758101)",483,689,112.94432168225539,tetap,,3839295.50293,Pekalipan,Pulasaren,Hak Milik,00483,11.6700110658,Normal,3.0,Perumahan Menengah,3.0,Lokal Setapak,1.0,6669,112.94432168225539,Sama,2.0,3.78,1339.53532523,1727.66247949,2158.38210959,227.263922247,2153.72961395,42.9875039809,42.987503978,3839295.50293,43.3622439809,43.362243980914364,112.94432168225539,,
690,"(96433.20621720067, 755849.486742373)",484,690,73.31832304160243,tetap,,1337657.37722,Pekalipan,Pulasaren,Hak Milik,00484,6.0506750399,Normal,3.0,Perumahan Sederhana,2.0,Lokal Setapak,1.0,6689,73.31832304160243,Sama,2.0,1.52,1587.79762597,1713.09542338,1954.37993942,670.360447046,1689.89836127,34.0783769004,34.0783768995,1337657.37722,35.8220655378,35.8220655377627,73.31832304160243,,
691,"(96580.18181322947, 756346.1081375234)",185,691,120.21096775007436,tetap,,1311370.72093,Pekalipan,Pulasaren,Hak Milik,00185,14.9029837041,Normal,3.0,Perumahan Sederhana,2.0,Lokal Setapak,1.0,7058,120.21096775007436,Sama,2.0,1.31,1027.38007564,1804.18233503,2234.90196513,168.139913793,2286.45964222,42.8431196663,42.843119666,1311370.72093,46.2075274812,46.20752748117498,120.21096775007436,,
692,"(96468.51113640075, 755896.8453778451)",885,692,55.32084566438962,tetap,,1366940.7813,Pekalipan,Pulasaren,Hak Milik,00885,3.58448993419,Normal,3.0,Perumahan Sederhana,2.0,Lokal Setapak,1.0,7494,55.32084566438962,Sama,2.0,1.835479,1533.40949638,1767.9002515,2009.18476754,615.97409969,1740.26463163,30.1809199345,30.1809199333,1366940.7813,36.9526057519,36.95260575185344,55.32084566438962,,
693,"(96752.56286108129, 756352.91586479)",372,693,56.9997168118215,tetap,,1431022.95846,Pekalipan,Pulasaren,Hak Milik,00372,5.07801726095,Normal,3.0,Perumahan Sederhana,2.0,Lokal Setapak,1.0,7778,56.9997168118215,Sama,2.0,1.835478594,1636.26497865,1435.02790083,1865.74753093,324.348249701,2009.32611242,34.2994323753,34.2994323776,1431022.95846,33.8769495885,33.87694958853308,56.9997168118215,,
694,"(96423.1753618605, 756168.5301089702)",138,694,107.87868510055176,tetap,,1422671.19045,Pekalipan,Pulasaren,Hak Milik,00138,10.1785555289,Hook,4.0,Perumahan Sederhana,2.0,Lokal Setapak,1.0,7781,107.87868510055176,Sama,2.0,1.835479,1610.00118407,1408.76493467,1839.48456478,298.085283546,2032.90706639,43.5451779309,43.5451779294,1422671.19045,43.3770058729,43.37700587286632,107.87868510055176,,
695,"(96398.69975054718, 755930.1235961001)",1832,695,111.01403804252568,tetap,,1479102.98219,Pekalipan,Pulasaren,Hak Milik,01832,9.38369648887,Normal,3.0,Perumahan Sederhana,2.0,Lokal Setapak,1.0,6738,111.01403804252568,Sama,2.0,1.835479,1722.58007568,1683.02927449,2067.58906934,572.349623362,1803.11122752,40.7151320533,40.7151320529,1479102.98219,42.3250947455,42.32509474552361,111.01403804252568,,
696,"(96426.37529245028, 756185.2336481507)",994,696,63.47219188507694,tetap,,1696338.71228,Pekalipan,Pulasaren,Hak Milik,00994,8.03152806873,Normal,3.0,Perumahan Sederhana,2.0,Lokal Setapak,1.0,8073,63.47219188507694,Sama,2.0,3.78,1351.10161238,1732.6681674,2163.3877975,238.830113952,2165.29590111,32.2184278336,32.2184278344,1696338.71228,31.9105736674,31.910573667430413,63.47219188507694,,
697,"(96481.95802554552, 756292.6258851489)",262,697,94.25733958545428,tetap,,2283101.11103,Pekalipan,Pulasaren,Hak Milik,00262,5.98438751644,Normal,3.0,Perumahan Sederhana,2.0,Lokal Setapak,1.0,7124,94.25733958545428,Sama,2.0,1.64,1179.26680674,1787.62672122,2218.34635132,227.092640091,2229.0590874,40.0881138739,40.0881138735,2283101.11103,42.730148083,42.73014808302332,94.25733958545428,,
698,"(96705.77075228444, 756234.6560058302)",717,698,71.69868139573617,tetap,,1519868.07139,Pekalipan,Pulasaren,Hak Milik,00717,10.5167221365,Normal,3.0,Perumahan Sederhana,2.0,Lokal Sekunder,2.0,6858,71.69868139573617,Sama,2.0,2.69,1019.04326331,2074.52368072,2505.24331083,394.328718398,2166.47354396,61.8487143681,61.8487143672,1519868.07139,57.7560410917,57.75604109168345,71.69868139573617,,
699,"(96397.40672080136, 756213.1634133792)",917,699,60.651219589350205,tetap,,1646271.49888,Pekalipan,Pulasaren,Hak Milik,00917,4.84154472206,Normal,3.0,Perumahan Sederhana,2.0,Lokal Setapak,1.0,7098,60.651219589350205,Sama,2.0,1.835479,1357.61882098,1704.53311109,2135.25274119,294.223600838,2239.29169206,34.0184878066,34.0184878005,1646271.49888,35.37580219,35.3758021900333,60.651219589350205,,
700,"(96501.87157535364, 756301.4652841861)",740,700,190.80020554714477,tetap,,9486662.93039,Pekalipan,Pulasaren,Hak Milik,00740,6.70026586469,Normal,3.0,Perdagangan dan Jasa Kelas 1,7.0,Lokal Primer,3.0,7012,190.80020554714477,Sama,2.0,12.785432656,1157.47937997,1765.8392927,2196.5589228,206.859652507,2208.82614737,69.3093161135,69.3093161145,9486662.93039,69.7246732442,69.72467324419975,190.80020554714477,,
701,"(96390.23637892892, 756222.0431600673)",916,701,95.11004262262584,tetap,,1630064.57392,Pekalipan,Pulasaren,Hak Milik,00916,10.3299755381,Normal,3.0,Perumahan Sederhana,2.0,Lokal Setapak,1.0,7569,95.11004262262584,Sama,2.0,1.835479,1350.94705474,1697.86120151,2128.58083162,287.551691264,2232.61992583,41.4864421535,41.4864421559,1630064.57392,39.0250434373,39.025043437275514,95.11004262262584,,
702,"(96865.50343044614, 756179.5230379136)",644,702,104.62998223761605,tetap,,3832321.61513,Pekalipan,Pulasaren,Hak Milik,00644,4.72148682573,Tusuk Sate,2.0,Perumahan Menengah,3.0,Lokal Primer,3.0,7584,104.62998223761605,Sama,2.0,6.58,838.592423061,2223.43263437,2601.71132225,449.428447042,2082.18549005,50.4835387903,50.483538787,3832321.61513,50.2122940907,50.212294090707616,104.62998223761605,,
703,"(96287.24690086293, 756314.4439797259)",200,703,116.64422815995621,tetap,,8867294.77143,Pekalipan,Pulasaren,Hak Milik,00200,5.17683560704,Normal,3.0,Perdagangan dan Jasa Kelas 1,7.0,Lokal Primer,1.0,7403,116.64422815995621,Sama,2.0,1.835478594,1304.57236254,1497.46779257,1928.18742267,386.788141434,2231.23055973,59.6814128858,59.6814128847,8867294.77143,55.9495940342,55.949594034151495,116.64422815995621,,
704,"(96568.45456106299, 756228.0406122409)",218,704,219.98821064111254,tetap,,9668905.5133,Pekalipan,Pulasaren,Hak Milik,00218,11.5492316015,Normal,3.0,Perdagangan dan Jasa Kelas 1,7.0,Lokal Primer,1.0,6662,219.98821064111254,Sama,2.0,1.835479,1279.21002564,1906.50693677,2337.22656687,135.989471442,2137.95393237,65.6752289769,65.6752289793,9668905.5133,64.0996052311,64.09960523111624,219.98821064111254,,
705,"(96501.69986339315, 756078.8911228488)",0,705,0.0,tetap,0,0.0,Pekalipan,Pulasaren,Hak Milik, ,6.07033884743,Normal,3.0,Perumahan Menengah,3.0,Lokal Setapak,1.0,7132,101.38826867290192,Sama,2.0,1.835479,1270.60126456,1801.77038609,2232.49001619,312.513686609,2034.90576072,45.7490337662,45.7490337676,3763932.82918,46.8561052626,46.85610526260297,101.38826867290192,,
706,"(96302.09298999861, 756242.0051648588)",501,706,96.38552195146231,tetap,,1770703.44011,Pekalipan,Pulasaren,Hak Milik,00501,8.31698410918,Normal,3.0,Perumahan Sederhana,2.0,Lokal Setapak,1.0,6840,96.38552195146231,Sama,2.0,1.835478594,1263.44370877,1890.74098331,2321.46061341,120.223517976,2122.18761551,39.9092958684,39.909295868,1770703.44011,40.5288839379,40.5288839378621,96.38552195146231,,
707,"(96594.67000290325, 756323.7218141349)",425,707,118.02251244961819,tetap,,1416784.05553,Pekalipan,Pulasaren,Hak Milik,00425,11.5869674168,Normal,3.0,Perumahan Sederhana,2.0,Lokal Setapak,1.0,7053,118.02251244961819,Sama,2.0,1.31,1054.18112981,1830.98253044,2261.70216054,145.197173749,2263.51603817,45.8799713017,45.8799713045,1416784.05553,44.8233025251,44.82330252514713,118.02251244961819,,
708,"(96378.58482603618, 756173.3757296907)",231,708,144.52421300042948,tetap,,1641144.93659,Pekalipan,Pulasaren,Hak Milik,00231,13.1796536304,Normal,3.0,Perumahan Sederhana,2.0,Lokal Setapak,1.0,7125,144.52421300042948,Sama,2.0,1.835479,1419.72561609,1648.83636521,2079.55599531,302.215445015,2224.8754023,49.9826306937,49.9826306912,1641144.93659,49.6771653409,49.6771653408722,144.52421300042948,,
709,"(96482.99582388347, 756179.9626868336)",1669,709,136.4617900912982,tetap,,1792210.5485,Pekalipan,Pulasaren,Hak Milik,01669,13.6620461232,Normal,3.0,Perumahan Sederhana,2.0,Lokal Setapak,1.0,7172,136.4617900912982,Sama,2.0,1.835479,1289.01727561,1794.85612913,2225.57575924,166.833978557,2147.76118234,47.5701401555,47.5701401584,1792210.5485,48.7772083806,48.777208380636736,136.4617900912982,,
710,"(96520.57466095805, 756180.4261712452)",21,710,107.31622031825562,tetap,,2678086.68412,Pekalipan,Pulasaren,Hak Milik,00021,10.016949029,Normal,3.0,Perumahan Sederhana,2.0,Lokal Setapak,1.0,7456,107.31622031825562,Sama,2.0,3.41,1246.88605463,1816.00059541,2246.72022551,124.704143437,2105.62996136,49.2970154946,49.2970154959,2678086.68412,44.620747161,44.620747161010705,107.31622031825562,,
711,"(96398.44295528237, 755913.9017264328)",518,711,132.5917047007058,tetap,,1317253.75355,Pekalipan,Pulasaren,Hak Milik,00518,11.253364067,Hook,4.0,Perumahan Sederhana,2.0,Lokal Setapak,1.0,7359,132.5917047007058,Sama,2.0,1.835479,1613.29614634,1737.85055521,1979.13507125,666.763690039,1714.6542713,44.4676443357,44.4676443373,1317253.75355,46.2318314874,46.23183148740141,132.5917047007058,,
712,"(96591.39332834401, 756231.2119283441)",54,712,190.03372507191824,tetap,,1775866.80486,Pekalipan,Pulasaren,Hak Milik,00054,9.36102845401,Normal,3.0,Perumahan Sederhana,2.0,Lokal Setapak,1.0,6695,190.03372507191824,Sama,2.0,1.835479,1275.45851655,1902.75554657,2333.47517668,132.238081245,2134.20242329,58.2331825447,58.2331825457,1775866.80486,60.2946032114,60.294603211415655,190.03372507191824,,
713,"(96449.17681393144, 756292.8618972776)",128,713,81.8086408998315,tetap,,2400740.66885,Pekalipan,Pulasaren,Hak Milik,00128,6.25815948461,Normal,3.0,Perumahan Sederhana,2.0,Lokal Setapak,1.0,7009,81.8086408998315,Sama,2.0,1.64,1343.13467471,1690.04918462,2120.76881472,251.07348737,2253.04175932,43.7098397712,43.7098397683,2400740.66885,39.3872808542,39.387280854165574,81.8086408998315,,
714,"(96701.97873453907, 756136.048731811)",795,714,120.5746480434591,tetap,,4143698.13555,Pekalipan,Pulasaren,Hak Milik,00795,9.8951779555,Hook,4.0,Perumahan Menengah,3.0,Lokal Sekunder,2.0,6971,120.5746480434591,Sama,2.0,2.69,1002.90250647,2061.88338692,2440.1620748,287.87919959,2060.02072009,42.6685509422,42.6685509409,4143698.13555,44.1596717028,44.15967170281857,120.5746480434591,,
715,"(96336.53723650833, 756220.2932325775)",914,715,42.51415877109473,tetap,,1540177.28153,Pekalipan,Pulasaren,Hak Milik,00914,4.64646790548,Normal,3.0,Perumahan Sederhana,2.0,Lokal Setapak,1.0,7567,42.51415877109473,Sama,2.0,1.835479,1370.45531683,1644.28026154,2074.99989164,374.95945523,2270.40286042,27.4923102981,27.4923102979,1540177.28153,27.3691814997,27.369181499665416,42.51415877109473,,
716,"(96520.05045324653, 756347.3470410383)",1636,716,130.33856834121625,tetap,,9414339.22102,Pekalipan,Pulasaren,Hak Milik,01636,10.5404598347,Normal,3.0,Perdagangan dan Jasa Kelas 1,7.0,Lokal Primer,3.0,6672,130.33856834121625,Sama,2.0,12.785432656,1110.92314629,1719.2842874,2150.0039175,237.778353248,2239.74606354,49.180370058,49.1803700564,9414339.22102,46.0982763162,46.09827631618895,130.33856834121625,,
717,"(96650.53786570768, 756236.6709534961)",747,717,544.3192110001152,tetap,,1559361.17712,Pekalipan,Pulasaren,Hak Milik,00747,15.1078741777,Normal,3.0,Perumahan Sederhana,2.0,Lokal Setapak,1.0,6922,544.3192110001152,Sama,2.0,1.37,1233.96863096,1978.48724484,2409.20687494,57.1815673781,2175.49716425,117.533626653,117.533626652,1559361.17712,123.73799222,123.73799222026769,544.3192110001152,,
718,"(96835.10174777331, 756259.9585794957)",413,718,39.555479705958035,tetap,,1337504.79591,Pekalipan,Pulasaren,Hak Milik,00413,7.76217570303,Normal,3.0,Perumahan Sederhana,2.0,Lokal Setapak,1.0,7052,39.555479705958035,Sama,2.0,0.5,907.819846835,2147.4917957,2582.68542486,587.912143552,2288.56597648,24.7780610585,24.7780610558,1337504.79591,25.9285408107,25.928540810659968,39.555479705958035,,
719,"(96537.00612669528, 756296.6261763636)",733,719,141.86336515161426,tetap,,9511795.51895,Pekalipan,Pulasaren,Hak Milik,00733,11.2516256769,Normal,3.0,Perdagangan dan Jasa Kelas 1,7.0,Lokal Primer,3.0,6912,141.86336515161426,Sama,2.0,12.785432656,1166.23388848,1774.59323423,2205.31286433,180.967245024,2182.93313104,52.0467664413,52.046766436,9511795.51895,53.226080341,53.22608034098341,141.86336515161426,,
720,"(96532.57118337018, 755870.9959987841)",876,720,82.99313102432832,tetap,,1456099.91626,Pekalipan,Pulasaren,Hak Milik,00876,8.46474891099,Normal,3.0,Perumahan Sederhana,2.0,Lokal Setapak,1.0,7540,82.99313102432832,Sama,2.0,1.835479,1414.73756487,1852.41200511,2093.69652115,497.305915956,1799.67726708,30.0841590623,30.0841590639,1456099.91626,36.5912827992,36.591282799230356,82.99313102432832,,
721,"(96400.92273524354, 755871.2680214548)",860,721,144.19544130728394,tetap,,1353487.86868,Pekalipan,Pulasaren,Hak Milik,00860,6.06177473137,Normal,3.0,Perumahan Sederhana,2.0,Lokal Setapak,1.0,7539,144.19544130728394,Sama,2.0,1.52,1720.8787524,1735.0719715,1976.35648754,745.667952035,1711.87541676,46.0156485742,46.0156485738,1353487.86868,46.9594200242,46.95942002423881,144.19544130728394,,
722,"(96436.14132441045, 755872.863658658)",892,722,119.92137480436215,tetap,,1341815.49187,Pekalipan,Pulasaren,Hak Milik,00892,10.7035224303,Hook,4.0,Perumahan Sederhana,2.0,Lokal Setapak,1.0,7493,119.92137480436215,Sama,2.0,1.835479,1581.70069951,1733.4983235,1974.78283954,664.263693036,1710.30190735,41.5059667769,41.5059667808,1341815.49187,43.9300293261,43.93002932614125,119.92137480436215,,
723,"(96559.37044612369, 756296.2982485159)",0,723,0.0,tetap,0,0.0,Pekalipan,Pulasaren,Hak Milik, ,7.28947763628,Tusuk Sate,2.0,Perumahan Sederhana,2.0,Lokal Setapak,1.0,6771,84.78748751244594,Sama,2.0,0.81,1111.18525175,1887.98481741,2318.70444751,151.956244149,2270.27537224,31.3578200507,31.3578200528,1527115.70069,36.8726782817,36.87267828174926,84.78748751244594,,
724,"(96347.97392199158, 755892.517388185)",1015,724,108.39393962787067,tetap,,1326191.26766,Pekalipan,Pulasaren,Hak Milik,01015,10.9160327152,Normal,3.0,Perumahan Sederhana,2.0,Lokal Setapak,1.0,6713,108.39393962787067,Sama,2.0,1.835479,1677.45293741,1702.16180383,1943.44631986,658.242971262,1678.96445894,43.4031725741,43.4031725782,1326191.26766,41.7275047998,41.727504799827294,108.39393962787067,,
725,"(96808.7536080019, 756240.0038641006)",517,725,28.9069902532018,tetap,,1485528.57322,Pekalipan,Pulasaren,Hak Milik,00517,4.80369505424,Normal,3.0,Perumahan Sederhana,2.0,Lokal Setapak,1.0,7116,28.9069902532018,Sama,2.0,1.835479,952.400118146,2187.23230448,2617.95193458,474.616657683,2246.76382981,19.7099505597,19.7099505576,1485528.57322,21.5542342022,21.55423420220723,28.9069902532018,,
726,"(96398.90171295551, 755973.815410272)",807,726,122.22236661515626,tetap,,1488095.25472,Pekalipan,Pulasaren,Hak Milik,00807,10.8823442263,Hook,4.0,Perumahan Sederhana,2.0,Lokal Setapak,1.0,7486,122.22236661515626,Sama,2.0,1.835479,1736.7714743,1535.53104519,1966.2506753,424.851394068,1858.01397937,44.461173641,44.4611736375,1488095.25472,44.4127754762,44.41277547623952,122.22236661515626,,
727,"(96532.25735661552, 755893.4971427193)",943,727,58.18173183245396,tetap,,1383399.18326,Pekalipan,Pulasaren,Hak Milik,00943,4.88624735823,Normal,3.0,Perumahan Sederhana,2.0,Lokal Setapak,1.0,7138,58.18173183245396,Sama,2.0,1.835479,1419.84365978,1857.51800048,2098.80251652,502.411911322,1804.78336198,32.7913194962,32.7913194997,1383399.18326,32.8986357943,32.89863579434229,58.18173183245396,,
728,"(96875.18493437256, 756376.9298399593)",144,728,170.2792833638101,tetap,,2339545.21713,Pekalipan,Pulasaren,Hak Milik,00144,17.9486221805,Normal,3.0,Perumahan Sederhana,2.0,Lokal Sekunder,2.0,7048,170.2792833638101,Sama,2.0,1.835479,755.3700401,1995.04640768,2519.82178077,435.466755537,2319.5170818,54.7393050854,54.7393050835,2339545.21713,55.031393998,55.03139399801035,170.2792833638101,,
729,"(96413.22917219697, 756252.2937367209)",126,729,211.9108394308904,tetap,,3775984.90172,Pekalipan,Pulasaren,Hak Milik,00126,12.0243816339,Normal,3.0,Perumahan Menengah,3.0,Lokal Setapak,1.0,6970,211.9108394308904,Sama,2.0,3.78,1320.44845867,1667.36374985,2098.08337995,280.688667352,2225.75644782,62.048925329,62.0489253305,3775984.90172,61.7849903724,61.78499037239845,211.9108394308904,,
730,"(96782.98057425611, 756290.7949104736)",287,730,324.4913850684659,tetap,,1204179.56413,Pekalipan,Pulasaren,Hak Milik,00287,8.83446351744,Hook,4.0,Perumahan Sederhana,2.0,Lokal Setapak,1.0,7143,324.4913850684659,Sama,2.0,1.85,953.063802295,2080.62624646,2511.34587656,527.937743896,2319.89747006,86.7376288002,86.7376287964,1204179.56413,88.3828530236,88.3828530236162,324.4913850684659,,
731,"(96463.91605393792, 756185.3453261157)",111,731,94.38607611058002,tetap,,1806394.37009,Pekalipan,Pulasaren,Hak Milik,00111,3.37750371891,Tusuk Sate,2.0,Perumahan Sederhana,2.0,Lokal Setapak,1.0,7463,94.38607611058002,Sama,2.0,1.835479,1326.03477688,1794.40476901,2225.12439911,190.833046411,2184.77868361,40.5671324593,40.5671324606,1806394.37009,39.4545674635,39.454567463517314,94.38607611058002,,
732,"(96439.00512952554, 755822.4876407859)",440,732,166.51669205775534,tetap,,5194649.43839,Pekalipan,Pulasaren,Hak Milik,00440,9.2628236651,Normal,3.0,Perumahan Mewah,4.0,Lokal Setapak,1.0,7417,166.51669205775534,Sama,2.0,1.835478594,1529.3556702,1669.27591119,1910.56042723,611.920545793,1646.07710641,58.8943610327,58.8943610346,5194649.43839,56.0856163763,56.08561637634502,166.51669205775534,,
733,"(96406.58726446019, 756339.4702079446)",89,733,100.80960564895472,tetap,,8673321.00565,Pekalipan,Pulasaren,Hak Milik,00089,4.98102448846,Normal,3.0,Perdagangan dan Jasa Kelas 1,7.0,Lokal Primer,1.0,7060,100.80960564895472,Sama,2.0,2.08,1180.98854916,1594.66924985,2025.38887996,374.120958208,2328.43494113,48.8327129614,48.8327129595,8673321.00565,48.5575813574,48.5575813573862,100.80960564895472,,
734,"(96582.80429318378, 756288.7283893444)",1678,734,65.00071816084322,tetap,,8735113.88759,Pekalipan,Pulasaren,Hak Milik,01678,5.04777456367,Normal,3.0,Perdagangan dan Jasa Kelas 1,7.0,Lokal Setapak,1.0,7106,65.00071816084322,Sama,2.0,0.81,1239.3888533,1529.86911966,1960.58874977,419.189468537,2263.63289462,36.2466464588,36.2466464595,8735113.88759,36.1893597622,36.18935976215054,65.00071816084322,,
735,"(96740.43684681684, 756332.6517091838)",339,735,28.917184486948614,tetap,,1323437.031,Pekalipan,Pulasaren,Hak Milik,00339,6.21003359649,Normal,3.0,Perumahan Sederhana,2.0,Lokal Sekunder,2.0,6673,28.917184486948614,Sama,2.0,2.69,926.437994328,1981.92154279,2412.64117289,429.233040223,2270.42183042,20.2362935525,20.2362935506,1323437.031,21.5312203122,21.53122031224752,28.917184486948614,,
736,"(96534.64392257151, 756315.765942158)",464,736,122.51567888645637,tetap,,9474993.96447,Pekalipan,Pulasaren,Hak Milik,00464,4.19272349753,Normal,3.0,Perdagangan dan Jasa Kelas 1,7.0,Lokal Primer,3.0,6931,122.51567888645637,Sama,2.0,12.785432656,1149.80870333,1758.1687554,2188.8883855,204.12376919,2206.09030032,58.0180728286,58.0180728328,9474993.96447,57.6904714927,57.690471492677865,122.51567888645637,,
737,"(96957.56966382012, 756206.0706823183)",564,737,96.20294349747762,tetap,,3759309.64189,Pekalipan,Pulasaren,Hak Milik,00564,4.71620006518,Normal,3.0,Perumahan Menengah,3.0,Lokal Primer,1.0,6951,96.20294349747762,Sama,2.0,1.835479,779.472037014,2166.42050821,2729.53705062,577.254175404,2166.48529604,49.6253203668,49.6253203702,3759309.64189,49.6247537813,49.62475378134161,96.20294349747762,,
738,"(96333.80710694173, 756245.9545651475)",403,738,63.61246521222589,tetap,,1501816.7922,Pekalipan,Pulasaren,Hak Milik,00403,7.38823341716,Normal,3.0,Perumahan Sederhana,2.0,Lokal Setapak,1.0,7398,63.61246521222589,Sama,2.0,1.835478594,1394.55328928,1587.44616563,2018.16579573,438.172599888,2321.21148647,29.8638684168,29.863868415,1501816.7922,32.2303611879,32.23036118790668,63.61246521222589,,
739,"(96503.11647758815, 756157.8352412558)",958,739,48.36279288699081,tetap,,2641969.29212,Pekalipan,Pulasaren,Hak Milik,00958,6.64691815251,Normal,3.0,Perumahan Sederhana,2.0,Lokal Setapak,1.0,6769,48.36279288699081,Sama,2.0,3.41,1267.15761097,1790.81968725,2221.53931735,144.974987409,2125.90151771,29.6561246934,29.6561246942,2641969.29212,30.564098292,30.56409829196045,48.36279288699081,,
740,"(96262.24154646152, 756024.8471310745)",801,740,29.051479754246014,tetap,,2275849.47406,Pekalipan,Pulasaren,Hak Milik,00801,8.85806998944,Normal,3.0,Perumahan Sederhana,2.0,Lokal Setapak,1.0,7288,29.051479754246014,Sama,2.0,1.835478594,1786.92573825,1585.68351873,2016.40314883,475.003867598,1767.92174909,24.2754797673,24.2754797656,2275849.47406,25.0781841121,25.07818411213791,29.051479754246014,,
741,"(96434.68388043914, 756217.581567797)",681,741,219.33947300466593,tetap,,3863015.6549,Pekalipan,Pulasaren,Hak Milik,00681,13.5359090201,Hook,4.0,Perumahan Menengah,3.0,Lokal Setapak,1.0,6869,219.33947300466593,Sama,2.0,1.835479,1356.4085783,1718.99661745,2149.71624755,233.502448735,2183.67162829,59.6638143582,59.6638143606,3863015.6549,59.663907707,59.663907707033204,219.33947300466593,,
742,"(96278.21921334871, 756137.5563826513)",658,742,31.559395338551848,tetap,,1579511.61078,Pekalipan,Pulasaren,Hak Milik,00658,7.17400750181,Normal,3.0,Perumahan Sederhana,2.0,Lokal Setapak,1.0,7244,31.559395338551848,Sama,2.0,1.51,1755.09056354,1553.84971669,1984.56934679,443.170065563,2030.44072881,32.2972325498,32.2972325456,1579511.61078,23.8203718572,23.82037185721742,31.559395338551848,,
743,"(96635.90214345718, 756289.7735966896)",1828,743,81.4731616639719,tetap,,1710179.18371,Pekalipan,Pulasaren,Hak Milik,01828,4.95266293652,Normal,3.0,Perumahan Sederhana,2.0,Lokal Setapak,1.0,6634,81.4731616639719,Sama,2.0,1.835479,1125.75820184,1902.55794848,2333.27757859,111.344153525,2229.66131976,20.0962445283,20.0962445235,1710179.18371,37.7651390874,37.76513908738603,81.4731616639719,,
744,"(96451.81768730974, 755935.0390290486)",930,744,232.24023330611664,tetap,,1370325.31882,Pekalipan,Pulasaren,Hak Milik,00930,10.5295610738,Normal,3.0,Perumahan Sederhana,2.0,Lokal Setapak,1.0,7123,232.24023330611664,Sama,2.0,1.61,1551.09208996,1793.75415777,2035.03867381,633.656163092,1770.55955849,55.9106132707,55.9106132721,1370325.31882,65.3301092648,65.33010926482959,232.24023330611664,,
745,"(96357.19220921786, 756242.8757247922)",500,745,186.13004017311943,tetap,,2679976.74172,Pekalipan,Pulasaren,Hak Milik,00500,7.68742531264,Normal,3.0,Perumahan Sederhana,2.0,Lokal Setapak,1.0,6775,186.13004017311943,Sama,2.0,1.835479,1326.90074418,1673.81590775,2104.53553785,355.756008688,2302.35570419,52.0643240562,52.0643240558,2679976.74172,63.2915809616,63.29158096163722,186.13004017311943,,
746,"(96472.76291744008, 755875.3018572062)",497,746,48.441801377738585,tetap,,1387643.42636,Pekalipan,Pulasaren,Hak Milik,00497,4.48304030816,Normal,3.0,Perumahan Sederhana,2.0,Lokal Setapak,1.0,6765,48.441801377738585,Sama,2.0,1.835478594,1518.6892233,1783.45423988,2024.73875592,601.254343535,1730.71712131,39.2705640682,39.2705640653,1387643.42636,27.9791474598,27.979147459771887,48.441801377738585,,
747,"(96488.3019346953, 755861.3411089097)",492,747,84.70032211444101,tetap,,1364344.46482,Pekalipan,Pulasaren,Hak Milik,00492,6.96555308199,Normal,3.0,Perumahan Sederhana,2.0,Lokal Setapak,1.0,6683,84.70032211444101,Sama,2.0,1.835478594,1503.77675941,1768.54215732,2009.82667335,586.342260961,1715.80465742,38.1819553744,38.1819553728,1364344.46482,36.8978610563,36.89786105625106,84.70032211444101,,
748,"(96768.39745246628, 756155.0434916012)",499,748,244.19034160531078,tetap,,4064268.37739,Pekalipan,Pulasaren,Hak Milik,00499,10.1409115958,Hook,4.0,Perumahan Menengah,3.0,Lokal Primer,1.0,6767,244.19034160531078,Sama,2.0,1.835479,955.548009711,2118.2804187,2496.55910659,344.276231378,2116.41960292,55.8085912751,55.8085912798,4064268.37739,64.0982161043,64.09821610431678,244.19034160531078,,
749,"(96477.53107672872, 755852.9565231578)",498,749,52.73660654828768,tetap,,1360814.5851,Pekalipan,Pulasaren,Hak Milik,00498,12.4995651581,Normal,3.0,Perumahan Sederhana,2.0,Lokal Setapak,1.0,6766,52.73660654828768,Sama,2.0,1.835478594,1495.23274951,1759.99830313,2001.28281917,577.798406772,1707.26064753,32.4491036278,32.4491036263,1360814.5851,33.501585599,33.501585599037355,52.73660654828768,,
750,"(96329.36955632445, 756008.2337448917)",826,750,29.950848025855468,tetap,,1482396.25565,Pekalipan,Pulasaren,Hak Milik,00826,3.46675586911,Normal,3.0,Perumahan Sederhana,2.0,Lokal Setapak,1.0,7490,29.950848025855468,Sama,2.0,1.26,1715.72410872,1676.1734785,2072.82960515,565.493827375,1808.35206561,25.0324600803,25.0324600807,1482396.25565,24.4821630348,24.48216303482068,29.950848025855468,,
751,"(96499.95537783985, 756212.5351128271)",266,751,83.8198690167556,tetap,,1826281.30575,Pekalipan,Pulasaren,Hak Milik,00266,5.61526598689,Normal,3.0,Perumahan Sederhana,2.0,Lokal Setapak,1.0,6730,83.8198690167556,Sama,2.0,0.8,1290.38315916,1807.55511539,2238.2747455,147.162213128,2149.12706589,41.485304749,41.4853047495,1826281.30575,39.4998794549,39.49987945494277,83.8198690167556,,
752,"(96438.95696672935, 755854.9505525512)",893,752,123.40789924500523,tetap,,1344635.57639,Pekalipan,Pulasaren,Hak Milik,00893,9.7765517739,Tusuk Sate,2.0,Perumahan Sederhana,2.0,Lokal Setapak,1.0,7489,123.40789924500523,Sama,2.0,1.52,1581.14048766,1721.86565937,1963.15017541,663.703563454,1698.66886032,46.4686970733,46.4686970753,1344635.57639,44.34892523,44.348925229993284,123.40789924500523,,
753,"(96425.48340384878, 755914.8750830118)",434,753,135.7679056858465,tetap,,1345940.34812,Pekalipan,Pulasaren,Hak Milik,00434,10.1959177891,Normal,3.0,Perumahan Sederhana,2.0,Lokal Setapak,1.0,7388,135.7679056858465,Sama,2.0,1.61,1581.60982018,1761.37387132,2002.65838736,664.172918603,1738.17832643,51.9324108954,51.9324108917,1345940.34812,50.016905437,50.01690543702877,135.7679056858465,,
754,"(96576.30486313967, 756203.4339526021)",386,754,114.34559760260086,tetap,,9619071.2425,Pekalipan,Pulasaren,Hak Milik,00386,8.38497545088,Normal,3.0,Perdagangan dan Jasa Kelas 1,7.0,Lokal Primer,1.0,6930,114.34559760260086,Sama,2.0,1.835479,1242.48086528,1869.77878637,2300.49841647,99.2613210435,2101.22477201,51.1543320245,51.1543320281,9619071.2425,57.3774128781,57.377412878118946,114.34559760260086,,
755,"(96805.89147037387, 756288.8553373176)",554,755,138.17222657392875,tetap,,1338089.15073,Pekalipan,Pulasaren,Hak Milik,00554,6.44567952189,Normal,3.0,Perumahan Sederhana,2.0,Lokal Setapak,1.0,7049,138.17222657392875,Sama,2.0,1.85,928.055010981,2117.50167836,2548.22130846,564.813175794,2308.80114063,54.809786277,54.8097862767,1338089.15073,54.8092129063,54.809212906318265,138.17222657392875,,
756,"(96476.08433382653, 756128.9574067052)",147,756,35.123321466972115,tetap,,3890073.95051,Pekalipan,Pulasaren,Hak Milik,00147,8.72576071397,Tusuk Sate,2.0,Perumahan Menengah,3.0,Lokal Setapak,1.0,7478,35.123321466972115,Sama,2.0,1.835479,1269.01426646,1780.0131963,2210.7328264,204.912912568,2083.20855518,46.1878002545,46.187800255,3890073.95051,36.6443218262,36.64432182618229,35.123321466972115,,
757,"(96416.12602458155, 755848.2781286008)",34,757,146.79606414999594,tetap,,1317689.99019,Pekalipan,Pulasaren,Hak Milik,00034,7.55949011932,Normal,3.0,Perumahan Sederhana,2.0,Lokal Setapak,1.0,7387,146.79606414999594,Sama,2.0,1.52,1605.32796453,1694.9847404,1936.26925644,687.890230127,1671.78711897,40.9318717625,40.9318717608,1317689.99019,48.4889129593,48.48891295928099,146.79606414999594,,
758,"(96341.12000584706, 756205.6520630714)",693,758,50.58975646339006,tetap,,2384303.54036,Pekalipan,Pulasaren,Hak Milik,00693,4.59548257047,Normal,3.0,Perumahan Sederhana,2.0,Lokal Setapak,1.0,7018,50.58975646339006,Sama,2.0,1.835479,1367.76408838,1623.83951953,2054.55914963,354.518713223,2249.96184296,31.3642650881,31.3642650886,2384303.54036,31.9920979339,31.992097933892875,50.58975646339006,,
759,"(96400.06242564853, 755859.285716627)",230,759,86.05557827084375,tetap,,1350545.10103,Pekalipan,Pulasaren,Hak Milik,00230,6.08521902223,Tusuk Sate,2.0,Perumahan Sederhana,2.0,Lokal Setapak,1.0,7386,86.05557827084375,Sama,2.0,1.52,1713.28361889,1727.47683736,1968.7613534,738.0728179,1704.28028325,43.9624193707,43.9624193729,1350545.10103,43.2820097418,43.282009741795214,86.05557827084375,,
760,"(96556.1690115892, 756263.0717856725)",454,760,498.547958432402,tetap,,9574021.88934,Pekalipan,Pulasaren,Hak Milik,00454,25.1087206953,Hook,4.0,Perdagangan dan Jasa Kelas 1,7.0,Lokal Primer,1.0,6954,498.547958432402,Sama,2.0,1.835479,1207.18803629,1815.54608841,2246.26571852,149.664246087,2180.19839437,91.6026587055,91.6026587075,9574021.88934,92.8621624297,92.86216242973305,498.547958432402,,
761,"(96397.9361160625, 756203.6279129888)",663,761,26.41377784182478,tetap,,1671900.17982,Pekalipan,Pulasaren,Hak Milik,00663,5.71904444693,Normal,3.0,Perumahan Sederhana,2.0,Lokal Setapak,1.0,7241,26.41377784182478,Sama,2.0,1.835479,1394.43774035,1683.7889757,2114.5086058,276.928439839,2208.63202907,19.4872294528,19.4872294554,1671900.17982,20.752738663,20.752738663025124,26.41377784182478,,
762,"(96405.31376744772, 756164.7220799817)",10,762,142.86481021809166,tetap,,1679095.59212,Pekalipan,Pulasaren,Hak Milik,00010,10.7094707896,Normal,3.0,Perumahan Sederhana,2.0,Lokal Setapak,1.0,7407,142.86481021809166,Sama,2.0,1.835479,1368.89098315,1712.93440093,2143.65403103,256.618855741,2177.67344994,49.2055814317,49.2055814315,1679095.59212,48.0952428772,48.09524287715515,142.86481021809166,,
763,"(96608.99244863683, 756275.6543190297)",975,763,81.77798318586146,tetap,,1658021.23843,Pekalipan,Pulasaren,Hak Milik,00975,9.5099503565,Hook,4.0,Perumahan Sederhana,2.0,Lokal Setapak,1.0,7752,81.77798318586146,Sama,2.0,1.835479,1111.30465245,1888.10410951,2318.82373961,78.7644018835,2197.08131483,51.547589173,51.5475891764,1658021.23843,51.7388364981,51.73883649814279,81.77798318586146,,
764,"(96305.21452440675, 756020.2552080671)",821,764,76.94530531609598,tetap,,1503365.12976,Pekalipan,Pulasaren,Hak Milik,00821,8.6277545122,Normal,3.0,Perumahan Sederhana,2.0,Lokal Setapak,1.0,7434,76.94530531609598,Sama,2.0,1.835479,1752.27035604,1667.87114618,2081.98730567,557.191495051,1817.50996015,36.2857766892,36.2857766918,1503365.12976,35.2104194058,35.210419405751075,76.94530531609598,,
765,"(96513.20534785656, 755865.0242490172)",29,765,172.82462938697694,tetap,,1318616.17222,Pekalipan,Pulasaren,Hak Milik,00029,8.98584263523,Normal,3.0,Perumahan Sederhana,2.0,Lokal Setapak,1.0,7385,172.82462938697694,Sama,2.0,1.835478594,1690.50513118,1673.58502795,1914.86954399,656.754369597,1650.38674495,62.1091393587,62.1091393596,1318616.17222,60.5949481573,60.59494815729185,172.82462938697694,,
766,"(96491.35177460361, 756081.7439136091)",768,766,115.0590970439436,tetap,,1432262.73213,Pekalipan,Pulasaren,Hak Milik,00768,12.2376986417,Tusuk Sate,2.0,Perumahan Sederhana,2.0,Lokal Setapak,1.0,7305,115.0590970439436,Sama,2.0,1.835479,1278.60391077,1786.39098473,2217.11061483,320.515846693,2042.90840693,43.3002968916,43.3002968893,1432262.73213,43.8526405827,43.852640582695486,115.0590970439436,,
767,"(96243.80324046557, 756189.1267404109)",1046,767,28.76757149687553,tetap,,1447115.636,Pekalipan,Pulasaren,Hak Guna Bangunan,01046,10.7018589127,Tusuk Sate,2.0,Perumahan Sederhana,2.0,Lokal Setapak,1.0,7836,28.76757149687553,Sama,2.0,1.835479,1667.0573341,1465.81926906,1896.53889916,355.139617932,1975.07784331,37.7642118244,37.7642118262,1447115.636,21.5666385108,21.56663851083852,28.76757149687553,,
768,"(96415.37291993517, 755911.7703452635)",887,768,30.19773304530933,tetap,,1334285.332,Pekalipan,Pulasaren,Hak Milik,00887,4.15678231944,Normal,3.0,Perumahan Sederhana,2.0,Lokal Setapak,1.0,7433,30.19773304530933,Sama,2.0,1.61,1588.99336027,1747.20687858,1988.49139462,671.556099461,1724.01096856,25.3156517329,25.3156517328,1334285.332,25.1753251192,25.175325119216517,30.19773304530933,,
769,"(96419.61102241144, 755883.5079096558)",299,769,25.597480715122646,tetap,,1359021.8059,Pekalipan,Pulasaren,Hak Milik,00299,6.23187282067,Normal,3.0,Perumahan Sederhana,2.0,Lokal Setapak,1.0,7384,25.597480715122646,Sama,2.0,1.52,1600.91356002,1751.74934647,1993.0338625,683.475799234,1728.55368793,20.8057418198,20.8057418184,1359021.8059,20.714586817,20.714586817028618,25.597480715122646,,
770,"(96486.10817411829, 756224.3364577553)",213,770,62.20236299795926,tetap,,1774475.87269,Pekalipan,Pulasaren,Hak Milik,00213,3.80003404335,Normal,3.0,Perumahan Sederhana,2.0,Lokal Setapak,1.0,6637,62.20236299795926,Sama,2.0,1.835479,1308.69350052,1769.66416232,2200.38379243,189.705344822,2191.6715726,40.346680724,40.3466807252,1774475.87269,40.3461229258,40.346122925767816,62.20236299795926,,
771,"(96408.63730738717, 756271.4701129727)",703,771,545.9142215685843,tetap,,3598387.76054,Pekalipan,Pulasaren,Hak Milik,00703,15.5624375493,Hook,4.0,Perumahan Menengah,3.0,Lokal Setapak,1.0,6967,545.9142215685843,Sama,2.0,1.64,1292.10091383,1639.01707969,2069.73670979,301.237423413,2269.13355709,121.33276396,121.332763955,3598387.76054,125.261686647,125.26168664727004,545.9142215685843,,
772,"(96682.16029058046, 756163.6952283053)",68,772,62.11510693831392,tetap,,1564640.40195,Pekalipan,Pulasaren,Hak Milik,00068,4.37115849959,Normal,3.0,Perumahan Sederhana,2.0,Lokal Sekunder,2.0,7039,62.11510693831392,Sama,2.0,2.69,1049.05028037,2108.03025989,2486.30894778,334.026072564,2106.16849398,30.0712971844,30.0712971814,1564640.40195,31.7556136,31.755613600046438,62.11510693831392,,
773,"(96826.8107887629, 756255.1918627736)",909,773,168.05787312327388,tetap,,1355551.90849,Pekalipan,Pulasaren,Hak Milik,00909,9.18697540891,Normal,3.0,Perumahan Sederhana,2.0,Lokal Setapak,1.0,7280,168.05787312327388,Sama,2.0,0.5,922.582654747,2144.82740879,2575.54703889,592.138906222,2303.32878439,56.2630518605,56.2630518614,1355551.90849,54.0294200729,54.029420072949975,168.05787312327388,,
774,"(96555.29296757226, 756283.0531000554)",793,774,37.844285985187874,tetap,,1562579.0557,Pekalipan,Pulasaren,Hak Milik,00793,3.94791763397,Normal,3.0,Perumahan Sederhana,2.0,Lokal Setapak,1.0,7268,37.844285985187874,Sama,2.0,1.835479,1122.03675838,1898.83597346,2329.55560356,162.807400204,2281.12687887,26.2590060417,26.2590060423,1562579.0557,27.3270162878,27.327016287795807,37.844285985187874,,
775,"(96473.40068951013, 755903.3937615721)",586,775,73.37147512896787,tetap,,1377303.30535,Pekalipan,Pulasaren,Hak Milik,00586,4.46675227379,Normal,3.0,Perumahan Sederhana,2.0,Lokal Setapak,1.0,7383,73.37147512896787,Sama,2.0,1.835479,1523.41373907,1781.06313912,2022.34765516,605.978675222,1753.4279224,35.6902818341,35.6902818315,1377303.30535,41.0396242537,41.03962425369592,73.37147512896787,,
776,"(96292.68893450206, 756227.8914005901)",285,776,172.90186782568858,tetap,,1334039.06834,Pekalipan,Pulasaren,Kosong,00285,5.9731170171,Hook,4.0,Perumahan Sederhana,2.0,Lokal Setapak,1.0,6629,172.90186782568858,Sama,2.0,1.835478594,1398.34450914,1554.99028384,1985.70991394,394.821192512,2288.75522629,44.8397986006,44.8397985981,1334039.06834,66.2780877095,66.27808770952115,172.90186782568858,,
777,"(96622.74912487167, 756221.9954627217)",969,777,57.54722535568662,tetap,,1771212.16735,Pekalipan,Pulasaren,Hak Milik,00969,3.63982201954,Normal,3.0,Perumahan Sederhana,2.0,Lokal Setapak,1.0,7769,57.54722535568662,Sama,2.0,1.835479,1197.96388983,1926.27442752,2356.99405762,11.4061544865,2123.28298817,37.3959812951,37.395981295,1771212.16735,41.4566827912,41.45668279115443,57.54722535568662,,
778,"(96300.3122698431, 756254.8467633547)",0,778,0.0,tetap,0,0.0,Pekalipan,Pulasaren,Hak Milik, ,5.08154174301,Normal,3.0,Perumahan Sederhana,2.0,Lokal Setapak,1.0,6652,87.78779583565756,Sama,2.0,1.835478594,1362.92192155,1555.81521951,1986.53484961,435.595584909,2289.58011874,34.8852548997,34.8852549012,1316637.83185,38.9614509413,38.96145094132363,87.78779583565756,,
779,"(96448.10327640298, 755893.6008911203)",902,779,231.99530241742303,tetap,,1357189.43213,Pekalipan,Pulasaren,Hak Milik,00902,17.6870815994,Hook,4.0,Perumahan Sederhana,2.0,Lokal Setapak,1.0,7379,231.99530241742303,Sama,2.0,1.835479,1544.55782571,1758.69875991,1999.98327595,627.122047658,1731.06284177,61.4403013596,61.4403013587,1357189.43213,62.5247572855,62.52475728545895,231.99530241742303,,
780,"(96539.79652910224, 756338.8303606309)",604,780,115.77814193851557,tetap,,1461751.36369,Pekalipan,Pulasaren,Hak Milik,00604,4.85391824161,Normal,3.0,Perumahan Sederhana,2.0,Lokal Primer,3.0,6727,115.77814193851557,Sama,2.0,12.785432656,1143.34306674,1751.70369057,2182.42332067,238.486648621,2240.45383879,50.2209433087,50.2209433089,1461751.36369,51.5758478237,51.57584782372808,115.77814193851557,,
781,"(96469.89371892279, 756203.3260405555)",414,781,91.96282604430486,tetap,,1779279.45908,Pekalipan,Pulasaren,Hak Milik,00414,6.88483041602,Hook,4.0,Perumahan Sederhana,2.0,Lokal Setapak,1.0,6990,91.96282604430486,Sama,2.0,1.835479,1314.82467191,1767.970497,2198.69012711,179.623265414,2173.56857864,40.0833077092,40.0833077062,1779279.45908,40.8368387311,40.836838731089216,91.96282604430486,,
782,"(96359.03432330005, 755826.2876024902)",571,782,109.97339674605317,tetap,,1291878.98074,Pekalipan,Pulasaren,Hak Milik,00571,8.04208311788,Normal,3.0,Perumahan Sederhana,2.0,Lokal Setapak,1.0,7382,109.97339674605317,Sama,2.0,1.52,1689.67103987,1638.72975264,1880.01426867,710.912014313,1615.53024979,46.406995471,46.4069954712,1291878.98074,44.5347571141,44.53475711410037,109.97339674605317,,
783,"(96382.46442272737, 755878.2127212734)",852,783,129.5882457500182,tetap,,1309693.90092,Pekalipan,Pulasaren,Hak Milik,00852,6.21746583147,Normal,3.0,Perumahan Sederhana,2.0,Lokal Setapak,1.0,7529,129.5882457500182,Sama,2.0,1.52,1639.77921131,1704.68430579,1945.96882183,707.265650559,1681.48682462,49.640374241,49.6403742396,1309693.90092,52.9291816447,52.92918164472817,129.5882457500182,,
784,"(97030.4726144019, 756247.560456671)",232,784,134.06859517838194,tetap,,3380318.11125,Pekalipan,Pulasaren,Hak Milik,00232,7.02515408591,Normal,3.0,Perumahan Menengah,3.0,Lokal Setapak,1.0,6866,134.06859517838194,Sama,2.0,1.835479,638.563314139,2086.95582158,2826.67336204,674.390486823,2087.01803887,51.5106292212,51.5106292211,3380318.11125,51.9363344621,51.936334462092205,134.06859517838194,,
785,"(96725.15214517839, 756210.9356192921)",63,785,199.77591906443863,tetap,,2473945.18183,Pekalipan,Pulasaren,Hak Milik,00063,3.74026376002,Hook,4.0,Perumahan Sederhana,2.0,Lokal Setapak,1.0,6875,199.77591906443863,Sama,2.0,1.835478594,1047.55298656,2129.03694465,2526.85041252,374.567537303,2146.71161038,73.9553508895,73.955350887,2473945.18183,76.80628065,76.80628065001919,199.77591906443863,,
786,"(96736.46472664362, 756145.6537067501)",720,786,263.0875776470319,tetap,,4089897.47917,Pekalipan,Pulasaren,Hak Milik,00720,18.7452931766,Normal,3.0,Perumahan Menengah,3.0,Lokal Primer,3.0,6877,263.0875776470319,Sama,2.0,6.58,967.820984967,2087.03255137,2465.31123926,313.028364045,2085.17058569,66.2048777538,66.2048777529,4089897.47917,66.0841607133,66.08416071326852,263.0875776470319,,
787,"(96493.31701628098, 756170.7613626539)",380,787,90.00010808430953,tetap,,2646498.18876,Pekalipan,Pulasaren,Hak Milik,00380,4.02796678789,Normal,3.0,Perumahan Sederhana,2.0,Lokal Setapak,1.0,7189,90.00010808430953,Sama,2.0,1.835479,1282.92233707,1802.90914569,2233.62877579,160.739156652,2141.66624381,38.1352113684,38.1352113716,2646498.18876,37.5974648365,37.59746483654175,90.00010808430953,,
788,"(96272.84945911897, 756029.7076971452)",239,788,178.02625874565643,tetap,,1512577.68889,Pekalipan,Pulasaren,Hak Milik,00239,9.35345622785,Hook,4.0,Perumahan Sederhana,2.0,Lokal Setapak,1.0,7381,178.02625874565643,Sama,2.0,1.835478594,1798.90452158,1626.94530234,2056.60260707,516.265651206,1792.12443084,56.0737169309,56.0737169278,1512577.68889,55.6667771696,55.66677716958413,178.02625874565643,,
789,"(96720.26462539243, 756329.3364048772)",323,789,49.81806097731974,tetap,,2272892.20334,Pekalipan,Pulasaren,Hak Milik,00323,9.12164091738,Normal,3.0,Perumahan Sederhana,2.0,Lokal Sekunder,2.0,6748,49.81806097731974,Sama,2.0,2.69,921.331448244,1976.81481454,2407.53444464,424.126311978,2251.89235047,27.626150937,27.6261509371,2272892.20334,29.6100557573,29.61005575726123,49.81806097731974,,
790,"(96807.13424468302, 756230.1243572142)",338,790,88.60540238887505,tetap,,1366178.92648,Pekalipan,Pulasaren,Hak Milik,00338,6.23073797293,Normal,3.0,Perumahan Sederhana,2.0,Lokal Setapak,1.0,7160,88.60540238887505,Sama,2.0,1.835479,952.408167939,2172.48521016,2603.20484026,459.869563365,2232.01634643,43.430722731,43.4307227245,1366178.92648,61.0836184603,61.083618460250186,88.60540238887505,,
791,"(96581.40918109127, 756197.3312400465)",755,791,26.439292407894595,tetap,,1574454.6969,Pekalipan,Pulasaren,Hak Milik,00755,6.08783254107,Normal,3.0,Perumahan Sederhana,2.0,Lokal Setapak,1.0,7066,26.439292407894595,Sama,2.0,1.835479,1225.3482158,1887.08465969,2317.80428979,43.6236540825,2084.09212254,17.4950062329,17.4950062342,1574454.6969,22.4743888213,22.474388821318072,26.439292407894595,,
792,"(96348.00518147503, 756270.2586529849)",545,792,182.6290561073461,tetap,,1535939.97541,Pekalipan,Pulasaren,Hak Milik,00545,5.80708178786,Normal,3.0,Perumahan Sederhana,2.0,Lokal Setapak,1.0,7440,182.6290561073461,Sama,2.0,1.835479,1317.64232296,1664.55814682,2095.27777692,346.498247764,2294.67496622,55.4478438982,55.4478438993,1535939.97541,60.3535607128,60.353560712848406,182.6290561073461,,
793,"(96385.20175964037, 756233.6701372312)",150,793,49.020168389326535,tetap,,1626562.26727,Pekalipan,Pulasaren,Hak Milik,00150,4.46718446975,Normal,3.0,Perumahan Sederhana,2.0,Lokal Setapak,1.0,7299,49.020168389326535,Sama,2.0,1.835479,1350.09379252,1697.007937,2127.7275671,286.698426746,2231.76666361,31.2811712904,31.2811712835,1626562.26727,30.5699762252,30.569976225211207,49.020168389326535,,
794,"(96503.38872432915, 756285.5002799557)",748,794,240.70770199377603,tetap,,9503124.61391,Pekalipan,Pulasaren,Hak Milik,00748,6.28351336427,Normal,3.0,Perdagangan dan Jasa Kelas 1,7.0,Lokal Primer,3.0,7036,240.70770199377603,Sama,2.0,12.785432656,1171.29629075,1779.65570774,2210.37533784,193.449857702,2195.41589278,84.1172330874,84.1172330871,9503124.61391,83.8824899141,83.88248991407988,240.70770199377603,,
795,"(96731.12821340891, 756296.2333805956)",964,795,348.2427642909921,tetap,,1546313.5083,Pekalipan,Pulasaren,Hak Milik,00964,8.05869039725,Hook,4.0,Perumahan Sederhana,2.0,Lokal Sekunder,2.0,7754,348.2427642909921,Sama,2.0,2.69,1165.45997228,1917.42687983,2348.14650993,30.2538161744,2148.56909926,95.4371209884,95.4371209829,1546313.5083,79.2418649225,79.24186492254685,348.2427642909921,,
796,"(96422.49066499279, 755948.4649550106)",496,796,40.46082457656485,tetap,,1436075.96406,Pekalipan,Pulasaren,Hak Milik,00496,3.65768791571,Normal,3.0,Perumahan Sederhana,2.0,Lokal Setapak,1.0,6764,40.46082457656485,Sama,2.0,1.835479,1683.75020189,1735.90547153,2060.19644002,625.225820408,1795.71839917,28.3383137003,28.3383136965,1436075.96406,28.6906845505,28.690684550528083,40.46082457656485,,
797,"(96567.91572169602, 756288.4204943749)",1044,797,81.2713616195572,tetap,,1530165.8955,Pekalipan,Pulasaren,Hak Milik,01044,8.28565200885,Normal,3.0,Perumahan Sederhana,2.0,Lokal Setapak,1.0,7186,81.2713616195572,Sama,2.0,0.81,1107.10898345,1883.90867301,2314.62830311,147.880099757,2266.19910394,36.3694129386,36.3694129353,1530165.8955,35.5996414579,35.599641457854965,81.2713616195572,,
798,"(96541.12547223779, 756135.8466342471)",329,798,47.3145996150518,tetap,,1613629.30419,Pekalipan,Pulasaren,Hak Milik,00329,4.02470977056,Normal,3.0,Perumahan Sederhana,2.0,Lokal Setapak,1.0,6658,47.3145996150518,Sama,2.0,1.835479,1205.88413152,1844.09983364,2274.81946374,142.502060531,2064.62803826,28.8465100013,28.8465100014,1613629.30419,30.8659482956,30.865948295595057,47.3145996150518,,
799,"(96523.69309730607, 756119.2612684969)",69,799,49.32153399322637,tetap,,1459466.62619,Pekalipan,Pulasaren,Hak Milik,00069,6.27204203112,Normal,3.0,Perumahan Sederhana,2.0,Lokal Setapak,1.0,7439,49.32153399322637,Sama,2.0,1.835479,1218.75861294,1881.29315641,2312.01278652,240.866007602,2065.77051215,26.8325446532,26.8325446545,1459466.62619,28.386353508,28.38635350798875,49.32153399322637,,
800,"(96507.70161994634, 756158.3422199484)",340,800,60.90279436178783,tetap,,2651180.65186,Pekalipan,Pulasaren,Hak Milik,00340,5.15595854975,Tusuk Sate,2.0,Perumahan Sederhana,2.0,Lokal Setapak,1.0,6872,60.90279436178783,Sama,2.0,3.41,1264.25267171,1798.72015354,2229.43978364,142.070271774,2122.99657844,36.8867407383,36.8867407413,2651180.65186,36.3689364286,36.368936428571025,60.90279436178783,,
801,"(96452.71773424256, 756190.1228249891)",766,801,63.73083955651639,tetap,,3842261.55427,Pekalipan,Pulasaren,Hak Milik,00766,4.25835352482,Hook,4.0,Perumahan Menengah,3.0,Lokal Setapak,1.0,7313,63.73083955651639,Sama,2.0,1.835479,1335.21306164,1737.94379267,2168.66342277,222.941856244,2149.40735036,40.0759463474,40.0759463471,3842261.55427,40.312745162,40.31274516203323,63.73083955651639,,
802,"(96817.22579683099, 756209.9492620127)",308,802,57.669585355159846,tetap,,1490024.99633,Pekalipan,Pulasaren,Hak Milik,00308,4.54712152583,Normal,3.0,Perumahan Sederhana,2.0,Lokal Setapak,1.0,6643,57.669585355159846,Sama,2.0,1.835479,946.308696935,2185.23119218,2615.95082229,472.615545393,2244.76280353,25.4466557759,25.4466557735,1490024.99633,30.5049405612,30.50494056117403,57.669585355159846,,
803,"(96409.25806484254, 756307.2017880295)",12,803,439.66650094312286,tetap,,8974061.12614,Pekalipan,Pulasaren,Hak Milik,00012,4.35005871771,Normal,3.0,Perdagangan dan Jasa Kelas 1,7.0,Lokal Setapak,1.0,7061,439.66650094312286,Sama,2.0,2.08,1342.77859935,1689.69370771,2120.41333782,286.033750313,2288.0025798,260.540808482,260.540808484,8974061.12614,90.2018314622,90.20183146221567,439.66650094312286,,
804,"(96245.66953855476, 756149.4945331085)",869,804,18.842470104883922,tetap,,1461425.00866,Pekalipan,Pulasaren,Hak Milik,00869,3.01398609884,Normal,3.0,Perumahan Sederhana,2.0,Lokal Setapak,1.0,7452,18.842470104883922,Sama,2.0,1.51,1695.00230619,1493.76329959,1924.48292969,383.083648464,1970.35247146,18.0087940933,18.0087940906,1461425.00866,18.8220164078,18.822016407766803,18.842470104883922,,
805,"(96236.73380046694, 756027.5388825447)",814,805,150.80021409711256,tetap,,2279749.09381,Pekalipan,Pulasaren,Hak Milik,00814,8.85586180267,Hook,4.0,Perumahan Sederhana,2.0,Lokal Setapak,1.0,7287,150.80021409711256,Sama,2.0,1.835478594,1773.43403024,1572.19242055,2002.91205066,461.512769426,1795.29942821,46.8679845398,46.8679845391,2279749.09381,50.1391029707,50.139102970729496,150.80021409711256,,
806,"(97035.34131863435, 756405.8158286854)",562,806,525.7207285088591,tetap,,7292364.30749,Pekalipan,Pulasaren,Hak Milik,00562,12.4775847025,Hook,4.0,Perdagangan dan Jasa Kelas 1,7.0,Lokal Primer,1.0,6933,525.7207285088591,Sama,2.0,6.19,554.866701288,1971.45826089,2700.83067838,531.732140725,2241.66571473,105.877279776,105.877279775,7292364.30749,105.878893516,105.8788935157861,525.7207285088591,,
807,"(96761.61806777821, 756359.7082319285)",39,807,99.79028692478701,tetap,,1322937.67276,Pekalipan,Pulasaren,Hak Milik,00039,3.28171510276,Normal,3.0,Perumahan Sederhana,2.0,Lokal Setapak,1.0,6891,99.79028692478701,Sama,2.0,1.835478594,920.631681154,1976.11509548,2406.83472558,423.426592912,2315.76391901,40.6853064258,40.6853064264,1322937.67276,40.2082618369,40.20826183694439,99.79028692478701,,
808,"(96324.93632726412, 756198.9667455638)",210,808,58.473892172579625,tetap,,1379080.37232,Pekalipan,Pulasaren,Hak Milik,00210,7.76987652728,Normal,3.0,Perumahan Sederhana,2.0,Lokal Setapak,1.0,7046,58.473892172579625,Sama,2.0,1.835479,1404.6464774,1585.58588129,2016.30551139,349.532319113,2244.97526553,29.2668064057,29.2668064099,1379080.37232,30.6722367986,30.67223679855993,58.473892172579625,,
809,"(96857.84714449523, 756193.832637159)",279,809,438.64844789893147,tetap,,3859059.6783,Pekalipan,Pulasaren,Hak Milik,00279,6.54678560046,Normal,3.0,Perumahan Menengah,3.0,Lokal Primer,3.0,7045,438.64844789893147,Sama,2.0,6.58,858.243434082,2235.92826577,2614.20695366,461.924078438,2100.75066754,115.551286509,115.551286506,3859059.6783,114.646017886,114.64601788583663,438.64844789893147,,
810,"(96289.59149811548, 756299.3547379402)",165,810,53.99376447279664,tetap,,1375770.48375,Pekalipan,Pulasaren,Hak Milik,00165,7.06676627886,Normal,3.0,Perumahan Sederhana,2.0,Lokal Setapak,1.0,7380,53.99376447279664,Sama,2.0,1.835478594,1646.32563914,1764.13298608,2005.41750212,661.251667414,1740.93769937,29.2516784868,29.251678485,1375770.48375,29.3999736583,29.39997365825478,53.99376447279664,,
811,"(96474.63326902085, 755927.2347975436)",396,811,118.71660662973301,tetap,,1382429.43268,Pekalipan,Pulasaren,Hak Milik,00396,12.1960388887,Normal,3.0,Perumahan Sederhana,2.0,Lokal Setapak,1.0,7528,118.71660662973301,Sama,2.0,1.835479,1500.49569111,1798.63549321,2039.92000924,583.061343307,1771.00098219,39.4875799829,39.4875799804,1382429.43268,44.9894668626,44.98946686258594,118.71660662973301,,
812,"(96825.14651292801, 756307.9721867379)",296,812,166.33682679682275,tetap,,1042091.11233,Pekalipan,Pulasaren,Hak Milik,00296,12.0877099094,Normal,3.0,Perumahan Sederhana,2.0,Lokal Setapak,1.0,7912,166.33682679682275,Sama,2.0,3.66,859.516445699,2099.18953205,2623.96490513,539.609879898,2317.28922492,42.5766284462,42.5766284426,1042091.11233,52.9853632511,52.98536325110453,166.33682679682275,,
813,"(96482.70489520307, 756222.7046464102)",212,813,61.058420503775125,tetap,,1771578.25859,Pekalipan,Pulasaren,Hak Milik,00212,16.2511872207,Normal,3.0,Perumahan Sederhana,2.0,Lokal Setapak,1.0,6684,61.058420503775125,Sama,2.0,1.835479,1312.64532141,1765.65635876,2196.37598887,193.657025928,2195.62339349,40.0781730794,40.0781730834,1771578.25859,40.0799663801,40.079966380082766,61.058420503775125,,
814,"(96320.1948806286, 756054.4292261144)",1010,814,70.03863917166532,tetap,,1498937.64647,Pekalipan,Pulasaren,Hak Milik,01010,8.82679343257,Hook,4.0,Perumahan Sederhana,2.0,Lokal Setapak,1.0,6778,70.03863917166532,Sama,2.0,2.0,1754.64429186,1614.25752462,2044.97715472,503.577873488,1863.55474276,34.7468722683,34.7468722676,1498937.64647,33.5904709312,33.59047093115228,70.03863917166532,,
815,"(96378.24451390197, 756250.1438966133)",98,815,114.650199140043,tetap,,2402468.24546,Pekalipan,Pulasaren,Hak Milik,00098,12.2720095132,Normal,3.0,Perumahan Sederhana,2.0,Lokal Setapak,1.0,7464,114.650199140043,Sama,2.0,1.835479,1311.28653383,1658.20204983,2088.92167993,340.142150769,2288.31917708,45.8310733246,45.8310733208,2402468.24546,44.6004595158,44.60045951582641,114.650199140043,,
816,"(96489.93637985027, 755896.7052995227)",107,816,146.74021591356933,tetap,,1474928.96455,Pekalipan,Pulasaren,Hak Milik,00107,7.9201570096,Normal,3.0,Perumahan Sederhana,2.0,Lokal Setapak,1.0,7527,146.74021591356933,Sama,2.0,1.835479,1479.4909989,1898.15604613,2139.44056217,562.057418123,1864.4307011,51.5648201993,51.5648202033,1474928.96455,52.8171632389,52.81716323890946,146.74021591356933,,
817,"(96196.5733613077, 756290.7559453966)",765,817,276.7716352096483,tetap,,9212400.65824,Pekalipan,Pulasaren,Hak Milik,00765,8.29872155044,Hook,4.0,Perdagangan dan Jasa Kelas 1,7.0,Lokal Primer,1.0,6972,276.7716352096483,Sama,2.0,1.835478594,1467.28985655,1390.21055211,1820.93018221,279.530900975,2123.96968418,87.3763615557,87.3763615602,9212400.65824,90.0526807927,90.05268079267107,276.7716352096483,,
818,"(96597.12538245099, 756208.0592563528)",967,818,76.6294235839946,tetap,,1632155.61659,Pekalipan,Pulasaren,Hak Milik,00967,4.43397003272,Normal,3.0,Perumahan Sederhana,2.0,Lokal Setapak,1.0,8068,76.6294235839946,Sama,2.0,1.835479,1213.87042197,1912.23321512,2342.95284522,27.3122471251,2109.24139765,39.9982157141,39.998215716,1632155.61659,39.6072764394,39.607276439431764,76.6294235839946,,
819,"(96825.77711516072, 756328.3497203741)",26,819,151.8759060155406,tetap,,1035272.59053,Pekalipan,Pulasaren,Hak Milik,00026,9.62528899324,Normal,3.0,Perumahan Sederhana,2.0,Lokal Setapak,1.0,7353,151.8759060155406,Sama,2.0,3.66,860.523633725,2100.19676438,2624.97213746,540.617112231,2318.29641295,52.6989307193,52.6989307261,1035272.59053,50.3887986387,50.388798638679525,151.8759060155406,,
820,"(96501.13827549957, 755833.4909525787)",333,820,35.04190095909218,tetap,,1448666.60313,Pekalipan,Pulasaren,Hak Milik,00333,5.59463050563,Hook,4.0,Perumahan Sederhana,2.0,Lokal Setapak,1.0,7757,35.04190095909218,Sama,2.0,1.835478594,1688.72173361,1487.48281111,1918.20244121,376.803159973,1949.79200946,34.8757307623,34.8757307608,1448666.60313,36.1305303324,36.130530332440614,35.04190095909218,,
821,"(96390.99246601328, 755923.3973406442)",1838,821,130.44777601701,tetap,,1341627.82853,Pekalipan,Pulasaren,Hak Milik,01838,10.5561527549,Hook,4.0,Perumahan Sederhana,2.0,Lokal Setapak,1.0,6731,130.44777601701,Sama,2.0,1.835479,1640.02870994,1757.83636765,1999.12088369,654.955048988,1734.64077017,45.8173745771,45.8173745795,1341627.82853,45.8256459744,45.825645974407806,130.44777601701,,
822,"(96298.81845428293, 756050.3296771535)",927,822,65.0025614919509,tetap,,3720063.97603,Pekalipan,Pulasaren,Hak Milik,00927,4.99992234392,Normal,3.0,Perumahan Menengah,3.0,Lokal Setapak,1.0,6760,65.0025614919509,Sama,2.0,2.0,769.705585589,2156.65425253,2738.85217121,586.56929599,2156.71884461,50.0663287252,50.066328727,3720063.97603,32.3866256163,32.38662561631064,65.0025614919509,,
823,"(96557.02420395624, 756342.9670524743)",732,823,76.85411057925745,tetap,,1436602.93894,Pekalipan,Pulasaren,Hak Milik,00732,16.7967384948,Normal,3.0,Perumahan Sederhana,2.0,Lokal Setapak,1.0,6939,76.85411057925745,Sama,2.0,1.31,1053.2230951,1830.02529188,2260.74492198,190.108795369,2308.42840656,55.3023448073,55.3023448088,1436602.93894,43.1141804248,43.11418042479452,76.85411057925745,,
824,"(96538.03787987909, 756189.2192172017)",306,824,121.11511264532457,tetap,,9575120.79184,Pekalipan,Pulasaren,Hak Milik,00306,31.1311040964,Normal,3.0,Perdagangan dan Jasa Kelas 1,7.0,Lokal Primer,1.0,7771,121.11511264532457,Sama,2.0,3.41,1233.66458647,1843.63503429,2274.3546644,111.483251649,2092.4084932,64.5612529719,64.5612529747,9575120.79184,70.4982166774,70.49821667735281,121.11511264532457,,
825,"(96449.16096710242, 756195.6255816681)",292,825,149.0142803081044,tetap,,1468344.15232,Pekalipan,Pulasaren,Hak Milik,00292,6.3390880692,Normal,3.0,Perumahan Sederhana,2.0,Lokal Setapak,1.0,7779,149.0142803081044,Sama,2.0,3.78,1619.16040693,1417.92398469,1848.64361479,307.24433356,2042.06628925,30.8048906268,30.8048906239,1468344.15232,51.2308910027,51.23089100268527,149.0142803081044,,
826,"(96991.07155811202, 756214.210601586)",1826,826,106.88906673783778,tetap,,1600700.77478,Pekalipan,Pulasaren,Hak Milik,01826,5.71962791826,Normal,3.0,Perumahan Sederhana,2.0,Lokal Primer,1.0,7139,106.88906673783778,Sama,2.0,1.835479,739.470898958,2126.42048335,2758.01174358,605.728868365,2126.48415798,49.9765796113,49.9765796113,1600700.77478,50.4953481309,50.49534813087581,106.88906673783778,,
827,"(96481.20818390835, 756241.9378788961)",1820,827,98.23407649159418,tetap,,1224496.09769,Pekalipan,Pulasaren,Hak Milik,01820,6.62917300586,Normal,3.0,Perumahan Sederhana,2.0,Lokal Setapak,1.0,6751,98.23407649159418,Sama,2.0,1.64,1299.47124089,1757.34300297,2188.06263307,180.483262794,2182.44931296,44.5643301307,44.5643301293,1224496.09769,44.136970152,44.13697015204434,98.23407649159418,,
828,"(96689.45238860059, 756378.5301744192)",667,828,130.23879253463465,tetap,,1362288.71828,Pekalipan,Pulasaren,Hak Milik,00667,5.57662027926,Normal,3.0,Perdagangan dan Jasa Kelas 1,2.0,Lokal Primer,3.0,7255,130.23879253463465,Sama,2.0,13.59,1483.10615674,1406.02623376,1836.74586386,295.346582634,2123.68680766,58.4503561565,58.4503561591,1362288.71828,57.9302221293,57.93022212925863,130.23879253463465,,
829,"(96361.79042935402, 756006.8228095341)",829,829,93.02382911452766,tetap,,1478421.98876,Pekalipan,Pulasaren,Hak Milik,00829,11.6543616567,Hook,4.0,Perumahan Sederhana,2.0,Lokal Setapak,1.0,7492,93.02382911452766,Sama,2.0,1.52,1710.94887435,1715.33980817,2087.39422958,604.660157039,1822.91707163,39.3079212093,39.3079212047,1478421.98876,39.1787383986,39.17873839856315,93.02382911452766,,
830,"(96371.66440223606, 755824.8058820891)",894,830,90.80530507853845,tetap,,1291221.03195,Pekalipan,Pulasaren,Hak Milik,00894,4.51049507284,Normal,3.0,Perumahan Sederhana,2.0,Lokal Setapak,1.0,7401,90.80530507853845,Sama,2.0,1.52,1658.50137763,1658.22648975,1899.51100579,730.408751432,1635.02736449,34.0831716443,34.0831716437,1291221.03195,38.2738715685,38.273871568454865,90.80530507853845,,
831,"(96520.14739514109, 756129.8422130728)",922,831,62.509027894000546,tetap,,3846786.6408,Pekalipan,Pulasaren,Hak Milik,01746,7.79882776043,Normal,3.0,Perumahan Sederhana,2.0,Lokal Setapak,1.0,7174,62.509027894000546,Sama,2.0,1.835479,1226.19542291,1823.68086331,2254.40049341,162.812617598,2084.93932965,36.5096092911,36.5096092925,1603192.02517,40.0639963413,32.43925069934794,62.509027894000546,,
832,"(96932.32808702797, 756256.1913074201)",0,832,0.0,tetap,0,0.0,Pekalipan,Pulasaren,Kosong, ,10.050724173,Hook,4.0,Perumahan Sederhana,2.0,Lokal Setapak,1.0,7109,208.27540098912135,Sama,2.0,1.835479,839.735522706,2154.71509519,2679.49046827,589.638759102,2222.40043052,61.5428589799,61.5428589821,1592701.84148,61.5427524913,61.542752491335165,208.27540098912135,,
833,"(96417.98617455419, 755945.3315621311)",1634,833,25.216164791231623,tetap,,1387063.10976,Pekalipan,Pulasaren,Kosong,01634,8.38179591469,Normal,3.0,Perumahan Sederhana,2.0,Lokal Setapak,1.0,7869,25.216164791231623,Sama,2.0,1.835479,1653.46092542,1771.26802997,2012.55254601,668.386711311,1748.07298565,30.1397098232,30.1397098177,1387063.10976,27.7661643378,27.766164337750546,25.216164791231623,,
834,"(96452.89486363925, 755964.0785644094)",1635,834,247.28075151582976,tetap,,1309343.83826,Pekalipan,Pulasaren,Kosong,01635,15.4688994645,Hook,4.0,Perumahan Sederhana,2.0,Lokal Setapak,1.0,7893,247.28075151582976,Sama,2.0,1.835479,1530.0295894,1831.34924102,2072.63375706,612.594269371,1808.15603979,61.9403926699,61.9403926686,1309343.83826,63.3354271832,63.3354271832143,247.28075151582976,,
835,"(96211.79719126038, 756244.6692069799)",1464,835,184.32838551826853,tetap,,1315593.89562,Pekalipan,Pulasaren,Kosong,01464,11.0420850608,Normal,3.0,Perumahan Sederhana,2.0,Lokal Setapak,1.0,8009,184.32838551826853,Sama,2.0,1.835478594,1496.97180739,1419.89137544,1850.61100554,309.21172431,2153.65163502,55.7029622765,55.7029622769,1315593.89562,55.7049619792,55.70496197923522,184.32838551826853,,
836,"(96196.5733613077, 756290.7559453966)",1537,836,276.7716352096483,tetap,,1291068.80746,Pekalipan,Pulasaren,Hak Milik,00765,8.29872155044,Hook,4.0,Perdagangan dan Jasa Kelas 1,7.0,Lokal Primer,1.0,6972,276.7716352096483,Sama,2.0,1.835478594,1467.28985655,1390.21055211,1820.93018221,279.530900975,2123.96968418,87.3763615557,87.3763615602,9212400.65824,90.0526807927,90.05268079267107,276.7716352096483,,
837,"(96229.65253389836, 756197.3524975226)",1456,837,56.81380030026944,tetap,,1441974.25908,Pekalipan,Pulasaren,Kosong,01456,7.80332678084,Hook,4.0,Perumahan Sederhana,2.0,Lokal Setapak,1.0,7715,56.81380030026944,Sama,2.0,1.835478594,1544.98700565,1467.90485198,1898.62448209,357.225200852,2141.60966854,39.0772828181,39.0772828172,1441974.25908,30.6329298507,30.632929850716444,56.81380030026944,,
838,"(96253.09701959307, 756208.202989426)",1452,838,107.8431967520524,tetap,,1363056.43963,Pekalipan,Pulasaren,Kosong,01452,5.36863019035,Normal,3.0,Perumahan Sederhana,2.0,Lokal Setapak,1.0,7737,107.8431967520524,Sama,2.0,1.835478594,1546.18902427,1469.10686283,1899.82649294,358.427211708,2202.8688519,41.0520899363,41.0520899369,1363056.43963,41.1397276313,41.139727631262815,107.8431967520524,,
839,"(96258.1270291874, 756198.4909497303)",1447,839,90.94343638102038,tetap,,1396133.33124,Pekalipan,Pulasaren,Kosong,01447,8.54883811598,Hook,4.0,Perumahan Sederhana,2.0,Lokal Setapak,1.0,7760,90.94343638102038,Sama,2.0,1.835479,1592.94092007,1515.85714134,1946.57677144,405.177490216,2189.56358297,39.1857700348,39.185770037,1396133.33124,39.6303525797,39.63035257971617,90.94343638102038,,
840,"(96189.21861245668, 756274.0617099113)",1468,840,27.641923678812205,tetap,,1279545.51535,Pekalipan,Pulasaren,Kosong,01468,8.63735875288,Hook,4.0,Perumahan Sederhana,2.0,Lokal Setapak,1.0,7716,27.641923678812205,Sama,2.0,1.835478594,1452.2343234,1375.15520729,1805.87483739,264.475556159,2095.85271027,25.56913961,25.5691396123,1279545.51535,22.4272947838,22.427294783848446,27.641923678812205,,
841,"(96587.64338224512, 756288.960051875)",1628,841,64.4595279502459,tetap,,1618882.95879,Pekalipan,Pulasaren,Kosong,01628,9.0132266868,Normal,3.0,Perumahan Sederhana,2.0,Lokal Setapak,1.0,7631,64.4595279502459,Sama,2.0,0.81,1177.91935673,1843.21381675,2273.93344686,118.724344762,2207.86704634,76.9526770831,76.9526770827,1618882.95879,36.6921042703,36.69210427034461,64.4595279502459,,
842,"(96246.73320356724, 756164.3230718371)",1622,842,15.851048192785107,tetap,,1776259.97647,Pekalipan,Pulasaren,Kosong,01622,3.82303109295,Normal,3.0,Perumahan Sederhana,2.0,Lokal Setapak,1.0,7883,15.851048192785107,Sama,2.0,1.51,1280.41619426,1907.7130282,2338.4326583,137.195562869,2139.160101,49.7139351673,49.7139351641,1776259.97647,37.7605429301,37.7605429300672,15.851048192785107,,
843,"(96640.81535751502, 756244.961381585)",1585,843,54.63447819892245,tetap,,1859044.10145,Pekalipan,Pulasaren,Kosong,01585,5.93483786368,Normal,3.0,Perumahan Sederhana,2.0,Lokal Setapak,1.0,7865,54.63447819892245,Sama,2.0,1.37,1174.17301314,1926.14030019,2356.8599303,61.0441470649,2179.35978678,25.9134584923,25.9134584912,1859044.10145,29.5681520424,29.5681520423834,54.63447819892245,,
844,"(96626.31248249076, 756273.6483945285)",1587,844,144.86368923928515,tetap,,1691920.34954,Pekalipan,Pulasaren,Kosong,01587,3.02960000001,Normal,3.0,Perumahan Sederhana,2.0,Lokal Setapak,1.0,8090,144.86368923928515,Sama,2.0,1.835479,1108.6463371,1885.4460577,2316.16568781,94.2322627402,2212.54945502,109.351484383,109.351484383,1691920.34954,55.07386779,55.07386778998172,144.86368923928515,,
845,"(96631.86732091867, 756244.3381157008)",1583,845,60.08579486213739,tetap,,1838796.29814,Pekalipan,Pulasaren,Kosong,01583,7.12037157581,Normal,3.0,Perumahan Sederhana,2.0,Lokal Setapak,1.0,8093,60.08579486213739,Sama,2.0,1.37,1155.38110554,1907.3484936,2338.0681237,51.9578208091,2170.27354524,72.340400489,72.3404004913,1838796.29814,30.938940592,30.93894059197473,60.08579486213739,,
846,"(96615.22439537765, 756307.2526103052)",1589,846,415.01999948297833,tetap,,1512868.31723,Pekalipan,Pulasaren,Kosong,01589,8.49198547114,Normal,3.0,Perumahan Sederhana,2.0,Lokal Setapak,1.0,8095,415.01999948297833,Sama,2.0,1.835479,1091.58174769,1868.38223709,2299.10186719,125.465745196,2243.78372727,211.633659191,211.633659199,1512868.31723,89.0081108804,89.00811088035232,415.01999948297833,,
847,"(96608.5087882324, 756347.4788129443)",1593,847,237.19741081987115,tetap,,1352322.65843,Pekalipan,Pulasaren,Kosong,01593,8.92836629117,Normal,3.0,Perumahan Sederhana,2.0,Lokal Setapak,1.0,8098,237.19741081987115,Sama,2.0,1.31,1046.30659953,1823.10880455,2253.82843465,185.701943095,2304.02156703,74.1906795388,74.1906795371,1352322.65843,70.3211617825,70.32116178250502,237.19741081987115,,
848,"(96562.82667243085, 756080.4404613966)",1657,848,203.03183899022787,tetap,,1707114.92044,Pekalipan,Pulasaren,Hak Milik,01657,14.2273857119,Normal,3.0,Perumahan Sederhana,2.0,Lokal Setapak,1.0,8054,203.03183899022787,Sama,2.0,1.835479,1171.60776403,1899.1414704,2329.8611005,193.716999294,2030.35167077,60.2128385557,60.2128385533,1707114.92044,59.3819989785,59.38199897847365,203.03183899022787,,
849,"(96761.08737547466, 756226.8108639149)",1602,849,360.12607678016224,tetap,,1473866.79588,Pekalipan,Pulasaren,Kosong,01602,9.98074222045,Normal,3.0,Perumahan Sederhana,2.0,Lokal Setapak,1.0,8072,360.12607678016224,Sama,2.0,1.835479,991.72037443,2152.71501673,2573.78932399,421.50644878,2193.65216477,85.7991996355,85.7991996364,1473866.79588,89.7182373569,89.71823735692439,360.12607678016224,,
850,"(96743.89447622493, 756263.378913783)",1629,850,83.56206207434973,tetap,,2404672.60307,Pekalipan,Pulasaren,Kosong,01629,13.3948732259,Hook,4.0,Perumahan Sederhana,2.0,Lokal Setapak,1.0,7971,83.56206207434973,Sama,2.0,1.835479,1002.34685521,2057.82761514,2488.54724524,441.077220888,2213.22372112,93.0171659687,93.0171659674,2404672.60307,43.9092063611,43.90920636107788,83.56206207434973,,
851,"(96252.01262431747, 756191.0271318944)",1448,851,46.78489632716709,tetap,,1485732.86053,Pekalipan,Pulasaren,Kosong,01448,7.28398081364,Normal,3.0,Perumahan Sederhana,2.0,Lokal Setapak,1.0,7939,46.78489632716709,Sama,2.0,1.835479,1582.88536988,1505.80194779,1936.52157789,395.122296661,2179.50803277,27.997811944,27.9978119442,1485732.86053,27.4299216607,27.429921660739637,46.78489632716709,,
852,"(96249.12404531492, 756201.9798034148)",1451,852,64.30929350828876,tetap,,1475816.03713,Pekalipan,Pulasaren,Kosong,01451,5.68800301304,Normal,3.0,Perumahan Sederhana,2.0,Lokal Setapak,1.0,7940,64.30929350828876,Sama,2.0,1.835478594,1574.35720558,1497.27410136,1927.99373147,386.594450238,2170.97986847,33.4551984728,33.4551984717,1475816.03713,33.8046771297,33.804677129692706,64.30929350828876,,
853,"(96247.94170418635, 756185.8148651075)",1449,853,31.918159498411764,tetap,,1470879.35536,Pekalipan,Pulasaren,Kosong,01449,5.07057640934,Normal,3.0,Perumahan Sederhana,2.0,Lokal Setapak,1.0,7950,31.918159498411764,Sama,2.0,1.835479,1568.40436944,1491.32136322,1922.04099332,380.641712096,2165.02703233,22.6411737505,22.6411737491,1470879.35536,22.6406032001,22.64060320006923,31.918159498411764,,
854,"(96246.09789702999, 756218.5942404201)",1453,854,52.43472349690863,tetap,,1347770.86509,Pekalipan,Pulasaren,Kosong,01453,12.6115351392,Hook,4.0,Perumahan Sederhana,2.0,Lokal Setapak,1.0,7951,52.43472349690863,Sama,2.0,1.835478594,1532.90202666,1455.82020918,1886.53983928,345.140558046,2189.58185429,35.2668987237,35.2668987262,1347770.86509,35.2654226042,35.265422604211736,52.43472349690863,,
855,"(96550.46593115554, 756281.6382150765)",1574,855,62.47742897648564,tetap,,1574307.69649,Pekalipan,Pulasaren,Kosong,01574,6.18044649625,Normal,3.0,Perumahan Sederhana,2.0,Lokal Setapak,1.0,7726,62.47742897648564,Sama,2.0,1.835479,1127.5311068,1904.33007324,2335.04970334,168.301499985,2286.62122729,33.8627230454,33.8627230451,1574307.69649,32.6082939594,32.608293959368694,62.47742897648564,,
856,"(96698.97217648342, 756158.5963113059)",1605,856,100.13111209407342,tetap,,2421843.69275,Pekalipan,Pulasaren,Kosong,01605,9.20010921444,Normal,3.0,Perumahan Sederhana,2.0,Lokal Sekunder,2.0,7099,100.13111209407342,Sama,2.0,2.69,1027.89013608,2086.87028963,2465.14897752,312.866102297,2085.00834969,42.7209227666,42.720922764,2421843.69275,40.1843622674,40.184362267368485,100.13111209407342,,
857,"(96799.69302471622, 756233.179477604)",1604,857,134.80382542041318,tetap,,1427443.54232,Pekalipan,Pulasaren,Kosong,01604,6.90803521851,Normal,3.0,Perumahan Sederhana,2.0,Lokal Setapak,1.0,7864,134.80382542041318,Sama,2.0,1.835479,945.112182756,2186.82060951,2617.54023961,474.204962718,2246.35218368,271.252461042,271.252461034,1427443.54232,69.3159018768,69.31590187684945,134.80382542041318,,
858,"(96227.37994112038, 756223.3072307903)",1460,858,178.99444749475666,tetap,,1395134.41995,Pekalipan,Pulasaren,Kosong,01460,6.43644252992,Normal,3.0,Perumahan Sederhana,2.0,Lokal Setapak,1.0,7790,178.99444749475666,Sama,2.0,1.835478594,1595.87563266,1518.79192728,1949.51155738,408.112276145,2192.49829555,64.8017648136,64.8017648143,1395134.41995,64.800685783,64.80068578298254,178.99444749475666,,
859,"(96222.5080218489, 756229.7391378435)",1462,859,196.61711600622576,tetap,,1318073.2857,Pekalipan,Pulasaren,Kosong,01462,9.07568140596,Normal,3.0,Perumahan Sederhana,2.0,Lokal Setapak,1.0,7791,196.61711600622576,Sama,2.0,1.835478594,1515.968046,1438.88707642,1869.60670652,328.207425287,2112.59070889,62.1977788994,62.197778895,1318073.2857,62.198247411,62.198247411016354,196.61711600622576,,
860,"(96217.47114976606, 756236.7620790021)",1463,860,162.92952299264311,tetap,,1327635.19172,Pekalipan,Pulasaren,Kosong,01463,8.48929762712,Normal,3.0,Perumahan Sederhana,2.0,Lokal Setapak,1.0,7674,162.92952299264311,Sama,2.0,1.835478594,1507.41741825,1430.33666479,1861.05629489,319.657013658,2164.09724588,56.015459,56.0154590021,1327635.19172,56.0154556965,56.015455696533294,162.92952299264311,,
861,"(96198.34186397228, 756262.627184415)",1466,861,73.84604330083654,tetap,,1283563.31245,Pekalipan,Pulasaren,Kosong,01466,7.10452817971,Normal,3.0,Perumahan Sederhana,2.0,Lokal Setapak,1.0,7675,73.84604330083654,Sama,2.0,1.835478594,1469.98828735,1392.90859769,1823.6282278,282.228946565,2083.02343968,34.5246677673,34.5246677698,1283563.31245,34.7788515557,34.778851555709544,73.84604330083654,,
862,"(96814.07160587978, 756255.096406147)",1633,862,245.84308835374173,tetap,,0.0,Pekalipan,Pulasaren,Kosong,01633,0.0,Normal,0.0,Perumahan Sederhana,0.0,Lokal Setapak,1.0,0,245.84308835374173,Sama,0.0,1.85,0.0,0.0,0.0,0.0,0.0,0.0,0.0,0.0,67.9404602182,67.94046021818325,245.84308835374173,,
863,"(96546.43724423944, 756294.4700186658)",1572,863,92.72055306255925,tetap,,1567604.84599,Pekalipan,Pulasaren,Kosong,01572,7.39602947044,Normal,3.0,Perumahan Sederhana,2.0,Lokal Setapak,1.0,8019,92.72055306255925,Sama,2.0,0.81,1129.51374037,1906.31273434,2337.03236444,170.284161077,2288.60386086,41.7993461888,41.7993461875,1567604.84599,39.7263172966,39.726317296563174,92.72055306255925,,
864,"(96263.87070866514, 756189.5922459471)",1446,864,117.8866903319935,tetap,,1395362.97454,Pekalipan,Pulasaren,Kosong,01446,11.0552619525,Hook,4.0,Perumahan Sederhana,2.0,Lokal Setapak,1.0,7868,117.8866903319935,Sama,2.0,1.835479,1591.62633917,1514.5426227,1945.2622528,403.862971567,2188.24900206,44.7387914009,44.738791402,1395362.97454,43.6252019071,43.625201907052855,117.8866903319935,,
865,"(96522.15957077492, 756123.6433346536)",1555,865,20.35396274107203,tetap,,1458666.0927,Pekalipan,Pulasaren,Kosong,01555,6.81301230595,Normal,3.0,Perumahan Sederhana,2.0,Lokal Setapak,1.0,7988,20.35396274107203,Sama,2.0,1.835479,1222.53108759,1885.06561652,2315.78524663,244.638467719,2069.5429868,20.3530739448,20.3530739459,1458666.0927,19.1651418718,19.165141871819046,20.35396274107203,,
866,"(96851.3149710046, 756269.8155514509)",1610,866,174.8296099388352,tetap,,1307023.91548,Pekalipan,Pulasaren,Kosong,01610,9.32965933345,Normal,3.0,Perumahan Sederhana,2.0,Lokal Setapak,1.0,8092,174.8296099388352,Sama,2.0,1.85,884.718129536,2124.39068601,2597.84215806,564.811033863,2265.46425919,95.0221549583,95.022154959,1307023.91548,56.1105962881,56.110596288124455,174.8296099388352,,
867,"(96422.30934566297, 756237.7161134675)",1559,867,130.52584356450166,tetap,,3836176.98891,Pekalipan,Pulasaren,Kosong,01559,5.28327478841,Hook,4.0,Perumahan Menengah,3.0,Lokal Setapak,1.0,7621,130.52584356450166,Sama,2.0,1.835479,1345.90283759,1692.81715368,2123.53678378,241.863241845,2208.4900734,48.7183653802,48.7183653801,3836176.98891,49.4205074077,49.42050740770309,130.52584356450166,,
868,"(96223.37829207249, 756214.6941881399)",1461,868,46.576943501066474,tetap,,1416665.36136,Pekalipan,Pulasaren,Kosong,01461,5.79174098732,Normal,3.0,Perumahan Sederhana,2.0,Lokal Setapak,1.0,7812,46.576943501066474,Sama,2.0,1.835478594,1522.69674004,1445.61533825,1876.33496835,334.935687121,2119.31940294,35.7661965353,35.7661965368,1416665.36136,35.7651879106,35.76518791055574,46.576943501066474,,
869,"(96853.18046104042, 756239.4166041419)",1626,869,54.30963607910233,tetap,,1309496.44653,Pekalipan,Pulasaren,Kosong,01626,3.08654965442,Normal,3.0,Perumahan Sederhana,2.0,Lokal Setapak,1.0,7882,54.30963607910233,Sama,2.0,0.5,899.525345143,2170.9569424,2651.26871129,507.933434396,2219.02800144,34.2062280705,34.2062280715,1309496.44653,36.8376213363,36.837621336341044,54.30963607910233,,
870,"(96237.41831636896, 756205.2279848062)",1455,870,138.47737149485516,tetap,,1466982.21554,Pekalipan,Pulasaren,Kosong,01455,8.87052152441,Hook,4.0,Perumahan Sederhana,2.0,Lokal Setapak,1.0,8042,138.47737149485516,Sama,2.0,1.835478594,1570.70303227,1493.6200431,1924.33967321,382.94039198,2167.32569516,47.8399794851,47.8399794845,1466982.21554,47.8401241046,47.84012410457298,138.47737149485516,,
871,"(96238.45434969246, 756184.1668630767)",1471,871,63.416037751985144,tetap,,1460035.36816,Pekalipan,Pulasaren,Kosong,01471,9.21847097135,Hook,4.0,Perumahan Sederhana,2.0,Lokal Setapak,1.0,8044,63.416037751985144,Sama,2.0,1.835479,1562.71386917,1485.63105118,1916.35068128,374.951400046,2159.33653206,32.6052747578,32.6052747538,1460035.36816,32.6060597995,32.60605979954815,63.416037751985144,,
872,"(96342.62911373445, 756321.7543351903)",1515,872,152.53709724821513,tetap,,1389021.63512,Pekalipan,Pulasaren,Kosong,01515,11.1351533015,Normal,3.0,Perumahan Sederhana,2.0,Lokal Primer,3.0,7810,152.53709724821513,Sama,2.0,13.59,1525.06222467,1358.56939118,1789.28902128,247.889740053,2025.75992818,36.5744231216,36.5744231198,1389021.63512,78.6988491074,78.69884910737568,152.53709724821513,,
873,"(96555.97276463047, 756331.3110625627)",1570,873,26.362845733478423,tetap,,1451456.95344,Pekalipan,Pulasaren,Kosong,01570,4.85091139594,Normal,3.0,Perumahan Sederhana,2.0,Lokal Setapak,1.0,7986,26.362845733478423,Sama,2.0,1.31,1055.63307054,1832.43499145,2263.15462155,178.179439458,2296.49883198,47.1555624204,47.155562424,1451456.95344,23.5715910728,23.571591072809646,26.362845733478423,,
874,"(96241.8833398752, 756215.5458366185)",1454,874,69.60648350221439,tetap,,1481626.93336,Pekalipan,Pulasaren,Kosong,01454,6.72601582029,Normal,3.0,Perumahan Sederhana,2.0,Lokal Setapak,1.0,8037,69.60648350221439,Sama,2.0,1.835478594,1582.95773882,1505.87424182,1936.59387192,395.194590695,2179.58040171,34.3172330191,34.3172330227,1481626.93336,34.3160865517,34.31608655173857,69.60648350221439,,
875,"(96224.85289841211, 756205.1199096916)",1457,875,92.30025729571007,tetap,,1427351.92681,Pekalipan,Pulasaren,Kosong,01457,5.19732716691,Normal,3.0,Perumahan Sederhana,2.0,Lokal Setapak,1.0,8036,92.30025729571007,Sama,2.0,1.835478594,1531.66646384,1454.58471143,1885.30434154,343.905060307,2128.28912674,38.8823527257,38.8823527256,1427351.92681,38.8138494536,38.81384945364765,92.30025729571007,,
876,"(96236.70345090656, 756222.4718721082)",1459,876,43.18981250149105,tetap,,1395022.08765,Pekalipan,Pulasaren,Kosong,01459,11.7603820221,Normal,3.0,Perumahan Sederhana,2.0,Lokal Setapak,1.0,7668,43.18981250149105,Sama,2.0,1.835478594,1593.75672562,1516.67283268,1947.39246278,405.99318155,2190.37938851,30.9498035227,30.9498035229,1395022.08765,30.9497984047,30.949798404664016,43.18981250149105,,
877,"(96230.65305040815, 756212.8710492189)",1458,877,102.35683150414316,tetap,,1483466.81348,Pekalipan,Pulasaren,Kosong,01458,5.34363628771,Normal,3.0,Perumahan Sederhana,2.0,Lokal Setapak,1.0,7608,102.35683150414316,Sama,2.0,1.835478594,1591.56552528,1514.48185871,1945.20148881,403.802207585,2188.18818818,40.4699359243,40.4699359233,1483466.81348,40.4690079858,40.46900798576567,102.35683150414316,,
878,"(96527.80288658779, 756099.1014920974)",1551,878,156.26725818010516,tetap,,1457998.43681,Pekalipan,Pulasaren,Kosong,01551,9.35283003821,Hook,4.0,Perumahan Sederhana,2.0,Lokal Setapak,1.0,7947,156.26725818010516,Sama,2.0,1.835479,1200.4744706,1863.00938246,2293.72901257,222.582233653,2047.48636981,67.8469977495,67.8469977521,1457998.43681,58.5719652286,58.571965228633516,156.26725818010516,,
879,"(96509.88306721963, 756124.9406507494)",1553,879,40.823849279555134,tetap,,1604249.34368,Pekalipan,Pulasaren,Kosong,01553,4.10668984038,Normal,3.0,Perumahan Sederhana,2.0,Lokal Setapak,1.0,7948,40.823849279555134,Sama,2.0,1.835479,1234.36982504,1821.76024011,2252.47987022,170.986890532,2093.11373177,89.8898463638,89.8898463605,1604249.34368,27.3254316414,27.32543164137443,40.823849279555134,,
880,"(96561.36981341144, 756139.0434762463)",1565,880,147.58577689802723,tetap,,9467829.9163,Pekalipan,Pulasaren,Kosong,01565,11.9534721941,Hook,4.0,Perdagangan dan Jasa Kelas 1,7.0,Lokal Primer,1.0,7949,147.58577689802723,Sama,2.0,1.835479,1186.21677584,1872.77098849,2303.49061859,122.835476962,2044.96068257,86.2754558279,86.2754558284,9467829.9163,58.7195272298,58.71952722976158,147.58577689802723,,
881,"(96542.33039574481, 756322.1359689486)",1569,881,67.73601933786365,tetap,,9497605.33566,Pekalipan,Pulasaren,Kosong,01569,5.10330022836,Normal,3.0,Perdagangan dan Jasa Kelas 1,7.0,Lokal Primer,3.0,7962,67.73601933786365,Sama,2.0,12.785432656,1159.04912482,1767.40896296,2198.12859307,205.516188486,2207.48257451,121.967475068,121.967475069,9497605.33566,41.1481388324,41.14813883240575,67.73601933786365,,
882,"(96564.00088901029, 756244.5216863849)",1575,882,176.34688176299449,tetap,,9711955.68853,Pekalipan,Pulasaren,Kosong,01575,8.14987075409,Normal,3.0,Perdagangan dan Jasa Kelas 1,7.0,Lokal Primer,1.0,8105,176.34688176299449,Sama,2.0,1.835479,1294.74280008,1922.03929341,2352.75892351,151.521828079,2153.48670682,60.1348633877,60.1348633896,9711955.68853,63.7054365568,63.70543655676947,176.34688176299449,,
883,"(96585.89423968652, 756301.8500962202)",1616,883,158.94480068195205,tetap,,1535582.37867,Pekalipan,Pulasaren,Kosong,01616,15.4476878091,Hook,4.0,Perumahan Sederhana,2.0,Lokal Setapak,1.0,7625,158.94480068195205,Sama,2.0,0.81,1088.01282367,1864.81314238,2295.53277248,128.784569124,2247.10294416,49.7332831856,49.7332831868,1535582.37867,50.8978404151,50.897840415076395,158.94480068195205,,
884,"(96183.66045325213, 756290.7347725709)",1535,884,154.27932207058868,tetap,,9199385.84579,Pekalipan,Pulasaren,Kosong,01535,3.0298319489,Normal,3.0,Perdagangan dan Jasa Kelas 1,7.0,Lokal Primer,1.0,7702,154.27932207058868,Sama,2.0,1.835478594,1443.04440337,1365.96570949,1796.68533959,255.286058367,2099.724231,87.6928723215,87.6928723248,9199385.84579,65.7787573354,65.77875733542878,154.27932207058868,,
885,"(96549.65783035093, 756323.5089064009)",1568,885,133.90734018677253,tetap,,1530049.16951,Pekalipan,Pulasaren,Kosong,01568,10.7638934593,Normal,3.0,Perumahan Sederhana,2.0,Lokal Primer,3.0,8025,133.90734018677253,Sama,2.0,12.785432656,1165.63702436,1773.99704703,2204.71667713,224.353601201,2226.32020498,51.9757238096,51.9757238135,1530049.16951,46.8408530446,46.840853044639886,133.90734018677253,,
886,"(96560.59914738755, 756284.8220432894)",1573,886,70.4221971649817,tetap,,1550301.99664,Pekalipan,Pulasaren,Kosong,01573,6.65773997825,Normal,3.0,Perumahan Sederhana,2.0,Lokal Setapak,1.0,7933,70.4221971649817,Sama,2.0,0.81,1116.43562895,1893.23498989,2323.95461999,157.206416632,2275.52574944,31.1456017634,31.145601763,1550301.99664,34.2722505422,34.27225054217022,70.4221971649817,,
887,"(96582.88819210618, 756252.1261130684)",1576,887,98.85060392660951,tetap,,1784305.13564,Pekalipan,Pulasaren,Kosong,01576,5.73972690194,Tusuk Sate,2.0,Perumahan Sederhana,2.0,Lokal Setapak,1.0,7934,98.85060392660951,Sama,2.0,1.835479,1293.62952637,1920.9258221,2351.6454522,150.408356774,2152.37343311,59.0903794643,59.0903794722,1784305.13564,41.1573340945,41.15733409453337,98.85060392660951,,
888,"(96602.08818500623, 756240.505940432)",1577,888,116.28959744067939,tetap,,1834434.5919,Pekalipan,Pulasaren,Kosong,01577,6.83041321503,Normal,3.0,Perumahan Sederhana,2.0,Lokal Setapak,1.0,7935,116.28959744067939,Sama,2.0,1.835479,1157.40598118,1909.37341897,2340.09304907,56.4692520487,2174.78506594,44.337329338,44.337329341,1834434.5919,45.5008751362,45.50087513618112,116.28959744067939,,
889,"(96589.4360468029, 756261.3468225815)",1584,889,147.5059481252106,tetap,,1651451.9359,Pekalipan,Pulasaren,Kosong,01584,13.0352603172,Normal,3.0,Perumahan Sederhana,2.0,Lokal Setapak,1.0,8094,147.5059481252106,Sama,2.0,1.835479,1146.70147712,1858.47984241,2289.19947252,87.5072753417,2205.82439865,60.1987622829,60.1987622867,1651451.9359,58.6364133718,58.63641337181247,147.5059481252106,,
890,"(96631.56047683618, 756350.366555788)",1591,890,148.61676000547473,tetap,,1257812.83982,Pekalipan,Pulasaren,Kosong,01591,6.44262051724,Normal,3.0,Perumahan Sederhana,2.0,Lokal Primer,3.0,8096,148.61676000547473,Sama,2.0,13.59,980.659363391,1846.41010588,2277.12973598,293.721603317,2412.04408781,51.9475455396,51.9475455422,1257812.83982,50.8367011653,50.836701165304916,148.61676000547473,,
891,"(96620.9601025243, 756349.4978695742)",1592,891,165.3542024895579,tetap,,1385146.32066,Pekalipan,Pulasaren,Kosong,01592,7.26897998536,Normal,3.0,Perumahan Sederhana,2.0,Lokal Setapak,1.0,8097,165.3542024895579,Sama,2.0,1.31,1059.05083666,1835.85305996,2266.57269007,196.47289434,2314.79255502,70.8954767067,70.8954767064,1385146.32066,57.8189304493,57.81893044925551,165.3542024895579,,
892,"(96686.87091395089, 756156.2169416586)",1594,892,130.78095876299557,tetap,,1552529.00383,Pekalipan,Pulasaren,Kosong,01594,9.37323399538,Normal,3.0,Perumahan Sederhana,2.0,Lokal Sekunder,2.0,8099,130.78095876299557,Sama,2.0,2.69,1038.27989431,2097.26007913,2475.53876701,323.255891802,2095.39810792,42.7029274461,42.7029274471,1552529.00383,46.6100452796,46.610045279565654,130.78095876299557,,
893,"(96756.58568724385, 756211.066684776)",1597,893,157.82548693298557,tetap,,1477409.50963,Pekalipan,Pulasaren,Kosong,01597,13.975319634,Hook,4.0,Perumahan Sederhana,2.0,Lokal Setapak,1.0,8103,157.82548693298557,Sama,2.0,1.835479,998.604494505,2159.59879339,2560.02073465,407.737859431,2179.88322626,50.4686806967,50.4686806941,1477409.50963,51.8731039857,51.87310398573403,157.82548693298557,,
894,"(96743.80584159853, 756172.951969617)",1599,894,280.90921007853024,tetap,,1527072.81322,Pekalipan,Pulasaren,Kosong,01599,7.14961825301,Normal,3.0,Perumahan Sederhana,2.0,Lokal Setapak,1.0,7936,280.90921007853024,Sama,2.0,1.835479,997.963879304,2160.69519657,2538.97388446,386.691009248,2158.83547252,88.502117714,88.5021177075,1527072.81322,68.1796490569,68.17964905691525,280.90921007853024,,
895,"(96753.17266180686, 756151.8169361688)",1600,895,261.58991367256067,tetap,,4071439.30132,Pekalipan,Pulasaren,Kosong,01600,14.396802504,Hook,4.0,Perumahan Menengah,3.0,Lokal Primer,1.0,7937,261.58991367256067,Sama,2.0,1.835479,956.111870544,2118.84425518,2497.12294307,344.840067851,2116.98346375,76.5370834964,76.5370834995,4071439.30132,67.4302478849,67.43024788492019,261.58991367256067,,
896,"(96248.47099361595, 756196.6967783542)",1450,896,20.109311600600314,tetap,,1462887.365,Pekalipan,Pulasaren,Kosong,01450,4.72398902002,Normal,3.0,Perumahan Sederhana,2.0,Lokal Setapak,1.0,7677,20.109311600600314,Sama,2.0,1.835478594,1562.39929835,1485.31654642,1916.03617652,374.636895297,2159.02196124,40.0962989303,40.0962989316,1462887.365,18.3877475938,18.387747593808204,20.109311600600314,,
897,"(96511.24409116815, 756114.5179985816)",1552,897,44.96489223028903,tetap,,1461380.87259,Pekalipan,Pulasaren,Kosong,01552,4.54898716287,Normal,3.0,Perumahan Sederhana,2.0,Lokal Setapak,1.0,7639,44.96489223028903,Sama,2.0,1.835479,1218.90055672,1881.43507693,2312.15470704,241.007928126,2065.91245593,28.5107835622,28.5107835649,1461380.87259,28.367293714,28.367293713964308,44.96489223028903,,
898,"(96490.31150355369, 756136.3731490365)",1556,898,158.1394461186857,tetap,,3862488.74497,Pekalipan,Pulasaren,Kosong,01556,16.1267448649,Normal,3.0,Perumahan Menengah,3.0,Lokal Setapak,1.0,7640,158.1394461186857,Sama,2.0,1.835479,1254.3828343,1801.52753419,2232.24716429,190.99926352,2090.36497431,89.0134944986,89.0134944961,3862488.74497,54.9612962656,54.96129626557129,158.1394461186857,,
899,"(96824.53744276304, 756238.7212523291)",1603,899,311.0246559613314,tetap,,1467013.20713,Pekalipan,Pulasaren,Kosong,01603,3.94852028149,Normal,3.0,Perumahan Sederhana,2.0,Lokal Setapak,1.0,7100,311.0246559613314,Sama,2.0,0.5,996.59735938,2116.6836492,2547.4032793,448.742265283,2220.88896728,43.8605679477,43.8605679505,1467013.20713,105.236622686,105.23662268583084,311.0246559613314,,
900,"(96203.14155584208, 756256.4446814213)",1465,900,93.03691033004509,tetap,,1286804.47539,Pekalipan,Pulasaren,Kosong,01465,11.5735463838,Normal,3.0,Perumahan Sederhana,2.0,Lokal Setapak,1.0,7849,93.03691033004509,Sama,2.0,1.835478594,1480.92836184,1403.84839885,1834.56802895,293.168747719,2077.55102473,51.2601434089,51.2601434089,1286804.47539,39.657956796,39.65795679599424,93.03691033004509,,
901,"(96193.80542227034, 756269.0276477057)",1467,901,53.2251775009476,tetap,,1279902.57319,Pekalipan,Pulasaren,Kosong,01467,8.3996094587,Normal,3.0,Perumahan Sederhana,2.0,Lokal Setapak,1.0,7680,53.2251775009476,Sama,2.0,1.835478594,1460.19984239,1383.12047759,1813.84010769,272.440826458,2089.60348734,29.4289386524,29.4289386523,1279902.57319,29.4273799395,29.427379939528052,53.2251775009476,,
902,"(96402.23486889138, 756012.9769042073)",1302,902,244.96046904721976,tetap,,1405007.00151,Pekalipan,Pulasaren,Kosong,01302,12.6154248963,Hook,4.0,Perumahan Sederhana,2.0,Lokal Setapak,1.0,7964,244.96046904721976,Sama,2.0,2.0,1724.72734758,1776.88147156,2101.17244004,666.201820428,1836.69554487,65.3765699965,65.3765699994,1405007.00151,65.6564155668,65.65641556677451,244.96046904721976,,
903,"(96422.4124100843, 755990.5130909405)",1301,903,188.83388156249987,tetap,,1316623.9803,Pekalipan,Pulasaren,Kosong,01301,11.2864518575,Hook,4.0,Perumahan Sederhana,2.0,Lokal Setapak,1.0,7634,188.83388156249987,Sama,2.0,1.835479,1571.66528047,1799.37515981,2078.66624593,654.22863779,1814.18873547,60.5698483824,60.5698483837,1316623.9803,56.2909662273,56.29096622728267,188.83388156249987,,
904,"(96392.8906010208, 755998.0419204002)",1305,904,57.765068452203785,tetap,,1459346.28498,Pekalipan,Pulasaren,Kosong,01305,7.05664713352,Normal,3.0,Perumahan Sederhana,2.0,Lokal Setapak,1.0,7684,57.765068452203785,Sama,2.0,1.835479,1700.68889015,1752.84363642,2077.1346049,642.163985291,1812.65708743,32.6792970539,32.6792970564,1459346.28498,31.9175874243,31.91758742429358,57.765068452203785,,
905,"(96354.72149023968, 756033.4484650588)",1331,905,326.8954811600211,tetap,,1467378.25591,Pekalipan,Pulasaren,Kosong,01331,10.3992616759,Normal,3.0,Perumahan Sederhana,2.0,Lokal Setapak,1.0,7985,326.8954811600211,Sama,2.0,1.835479,1732.44842102,1736.83913383,2108.89355524,626.159482698,1844.4166183,123.027705454,123.027705454,1467378.25591,78.2414509893,78.24145098930231,326.8954811600211,,
906,"(96422.86134147036, 755860.0698892835)",1226,906,68.33923228019994,tetap,,1330162.84557,Pekalipan,Pulasaren,Kosong,01226,7.10322484719,Normal,3.0,Perumahan Sederhana,2.0,Lokal Setapak,1.0,7659,68.33923228019994,Sama,2.0,1.52,1586.84180198,1715.95890566,1957.2434217,669.404664684,1692.76186995,26.7590818967,26.7590818966,1330162.84557,40.0264469765,40.02644697649381,68.33923228019994,,
907,"(96292.83765093422, 756122.5907685437)",1419,907,19.1086889870223,tetap,,1608741.21588,Pekalipan,Pulasaren,Kosong,01419,6.47644755129,Normal,3.0,Perumahan Sederhana,2.0,Lokal Setapak,1.0,7996,19.1086889870223,Sama,2.0,1.835479,1786.38732194,1585.14535737,2015.86498748,474.465706244,2061.73748721,39.5431504651,39.5431504639,1608741.21588,29.898320754,29.898320754024418,19.1086889870223,,
908,"(96297.10293258386, 756124.2824343095)",1420,908,102.1456133322433,tetap,,1592432.40447,Pekalipan,Pulasaren,Kosong,01420,13.2948526809,Hook,4.0,Perumahan Sederhana,2.0,Lokal Setapak,1.0,7997,102.1456133322433,Sama,2.0,1.835479,1784.05738935,1582.8153528,2013.5349829,472.135701667,2059.40755462,44.9169164218,44.9169164199,1592432.40447,42.3893226873,42.38932268733862,102.1456133322433,,
909,"(96359.8570095545, 755834.1998372109)",1204,909,95.26865493631117,tetap,,1275122.10799,Pekalipan,Pulasaren,Kosong,01204,7.31475101256,Hook,4.0,Perumahan Sederhana,2.0,Lokal Setapak,1.0,7966,95.26865493631117,Sama,2.0,1.52,1663.87227141,1634.21531666,1875.4998327,706.397578333,1611.01575959,50.2880678011,50.2880678053,1275122.10799,39.6156614281,39.615661428098264,95.26865493631117,,
910,"(96351.76253876086, 755833.850238313)",1211,910,37.53155174346605,tetap,,0.0,Pekalipan,Pulasaren,Kosong,01211,0.0,Normal,0.0,Perumahan Sederhana,0.0,Lokal Setapak,1.0,0,37.53155174346605,Sama,0.0,1.52,0.0,0.0,0.0,0.0,0.0,0.0,0.0,0.0,25.6095251208,25.60952512082477,37.53155174346605,,
911,"(96435.4442286126, 755981.023304264)",1250,911,209.48864778157906,tetap,,1322636.83256,Pekalipan,Pulasaren,Kosong,01250,15.4225993746,Hook,4.0,Perumahan Sederhana,2.0,Lokal Setapak,1.0,8075,209.48864778157906,Sama,2.0,1.835479,1552.27563779,1820.36641235,2094.8790693,634.839581608,1830.40208818,56.214795642,56.2147956382,1322636.83256,58.2409046457,58.24090464570968,209.48864778157906,,
912,"(96420.37451709245, 755954.8478120001)",1255,912,50.29589576278102,tetap,,1419901.34836,Pekalipan,Pulasaren,Kosong,01255,8.00681707781,Normal,3.0,Perumahan Sederhana,2.0,Lokal Setapak,1.0,8076,50.29589576278102,Sama,2.0,1.835479,1679.37368996,1797.18029344,2038.46480948,694.298974769,1773.98575019,41.7544150881,41.7544150864,1419901.34836,28.7206199477,28.72061994769451,50.29589576278102,,
913,"(96451.10837991617, 755852.3029948125)",1198,913,108.99581961608493,tetap,,1353846.95365,Pekalipan,Pulasaren,Kosong,01198,16.1160109532,Normal,3.0,Perumahan Sederhana,2.0,Lokal Setapak,1.0,7595,108.99581961608493,Sama,2.0,1.835478594,1537.98233359,1739.13376806,1980.4182841,620.546747513,1691.66188372,48.293759889,48.2937598937,1353846.95365,42.5069716875,42.50697168748261,108.99581961608493,,
914,"(96527.77184155934, 755879.2177113573)",1172,914,72.235493486911,tetap,,1459240.68266,Pekalipan,Pulasaren,Kosong,01172,7.2704109413,Tusuk Sate,2.0,Perumahan Sederhana,2.0,Lokal Setapak,1.0,7678,72.235493486911,Sama,2.0,1.835479,1423.71052917,1861.38477266,2102.6692887,506.278683505,1808.65023137,41.8097803831,41.8097803844,1459240.68266,34.602582347,34.60258234697647,72.235493486911,,
915,"(96371.18035232756, 755834.2188419757)",1203,915,102.53163698439444,tetap,,1279059.56688,Pekalipan,Pulasaren,Kosong,01203,5.81971589071,Normal,3.0,Perumahan Sederhana,2.0,Lokal Setapak,1.0,7703,102.53163698439444,Sama,2.0,1.52,1650.28378297,1649.20264181,1890.48715785,721.384903483,1626.00354557,42.5209703608,42.5209703603,1279059.56688,40.7681982261,40.76819822613545,102.53163698439444,,
916,"(96458.08530504383, 755907.85511594)",1218,916,150.4845203056339,tetap,,1365590.33356,Pekalipan,Pulasaren,Kosong,01218,12.1876867929,Hook,4.0,Perumahan Sederhana,2.0,Lokal Setapak,1.0,7598,150.4845203056339,Sama,2.0,1.835479,1526.3590144,1774.43853076,2015.72304679,608.92378653,1746.80313727,48.3394996768,48.3394996756,1365590.33356,51.3412986044,51.341298604419016,150.4845203056339,,
917,"(96442.6361462206, 755903.3034062806)",1220,917,107.60728388466464,tetap,,1386933.38041,Pekalipan,Pulasaren,Kosong,01220,5.7459745721,Normal,3.0,Perumahan Sederhana,2.0,Lokal Setapak,1.0,7661,107.60728388466464,Sama,2.0,1.835479,1551.80491862,1781.8768258,2023.16134184,634.368917831,1754.24166596,44.4854725314,44.485472531,1386933.38041,44.6714189708,44.671418970783314,107.60728388466464,,
918,"(96400.15671745896, 755889.1358366306)",1238,918,216.32659306818167,tetap,,1333244.2436,Pekalipan,Pulasaren,Kosong,01238,4.16267563982,Hook,4.0,Perumahan Sederhana,2.0,Lokal Setapak,1.0,7662,216.32659306818167,Sama,2.0,1.52,1618.32779529,1740.72309144,1982.00760748,689.889992368,1717.52689394,60.9731064297,60.9731064299,1333244.2436,68.0022815382,68.00228153820514,216.32659306818167,,
919,"(96407.62875607991, 755897.9981040781)",1243,919,90.89341294017483,tetap,,1337342.57418,Pekalipan,Pulasaren,Kosong,01243,4.91383557928,Normal,3.0,Perumahan Sederhana,2.0,Lokal Setapak,1.0,7663,90.89341294017483,Sama,2.0,1.52,1620.80500124,1747.91887268,1989.20338872,697.085773604,1724.72279055,85.8470476249,85.8470476311,1337342.57418,40.5941055377,40.59410553768908,90.89341294017483,,
920,"(96460.43771499944, 755888.4709218488)",1181,920,79.9429874529165,tetap,,1360780.07662,Pekalipan,Pulasaren,Kosong,01181,4.34668951873,Normal,3.0,Perumahan Sederhana,2.0,Lokal Setapak,1.0,7602,79.9429874529165,Sama,2.0,1.835479,1540.29122899,1756.90793692,1998.19245296,622.855501734,1729.27204913,23.7416652716,23.7416652679,1360780.07662,35.9650732096,35.96507320956997,79.9429874529165,,
921,"(96471.64314756128, 755830.2469086936)",1193,921,120.39206782893434,tetap,,1351789.80962,Pekalipan,Pulasaren,Kosong,01193,8.64517723575,Normal,3.0,Perumahan Sederhana,2.0,Lokal Setapak,1.0,7597,120.39206782893434,Sama,2.0,1.835478594,1511.984451,1713.13681939,1954.42133543,594.549798839,1665.66400112,43.1810653377,43.1810653379,1351789.80962,44.3427383859,44.34273838586235,120.39206782893434,,
922,"(96523.79397750222, 755865.9124310442)",1174,922,123.60450121210641,tetap,,1460700.59912,Pekalipan,Pulasaren,Kosong,01174,3.03925719897,Normal,3.0,Perumahan Sederhana,2.0,Lokal Setapak,1.0,7665,123.60450121210641,Sama,2.0,1.835479,1423.53455063,1861.20894786,2102.49346389,506.10285869,1808.47425283,76.3360815944,76.3360815945,1460700.59912,44.5823979282,44.58239792817831,123.60450121210641,,
923,"(96466.9428239815, 755846.4662785032)",1188,923,106.10264589398946,tetap,,1353613.78649,Pekalipan,Pulasaren,Kosong,01188,7.80817565068,Normal,3.0,Perumahan Sederhana,2.0,Lokal Setapak,1.0,7666,106.10264589398946,Sama,2.0,1.835478594,1529.11661253,1730.26837951,1971.55289555,611.681358961,1682.79616266,40.1524719054,40.1524719098,1353613.78649,42.1307068863,42.13070688625548,106.10264589398946,,
924,"(96474.41606449701, 755820.421197876)",1194,924,143.03370993192235,tetap,,5220455.57143,Pekalipan,Pulasaren,Kosong,01194,13.4713958908,Hook,4.0,Perumahan Mewah,4.0,Lokal Setapak,1.0,7667,143.03370993192235,Sama,2.0,1.835478594,1501.97395634,1703.12663987,1944.41115591,584.539619322,1655.65350646,51.5744843686,51.5744843678,5220455.57143,48.0291941289,48.029194128914746,143.03370993192235,,
925,"(96383.01378768872, 756021.3661321425)",1329,925,148.20650038563502,tetap,,1507586.02625,Pekalipan,Pulasaren,Kosong,01329,12.9745207185,Normal,3.0,Perumahan Sederhana,2.0,Lokal Setapak,1.0,7994,148.20650038563502,Sama,2.0,2.0,1727.48788742,1731.87827601,2103.93269743,621.198624887,1839.4560847,47.8177890177,47.8177890189,1507586.02625,49.1658160098,49.16581600982623,148.20650038563502,,
926,"(96257.75406209026, 756159.4730563402)",1409,926,48.120026295290785,tetap,,1522841.74186,Pekalipan,Pulasaren,Kosong,01409,5.61613268347,Normal,3.0,Perumahan Sederhana,2.0,Lokal Setapak,1.0,7879,48.120026295290785,Sama,2.0,1.51,1723.47139712,1522.23140108,1952.95103119,411.551749957,1998.82156239,31.2368082442,31.2368082455,1522841.74186,28.1394477936,28.139447793587934,48.120026295290785,,
927,"(96262.37543739716, 756155.831081115)",1410,927,48.69309209685951,tetap,,1528341.99939,Pekalipan,Pulasaren,Kosong,01410,4.43732582784,Normal,3.0,Perumahan Sederhana,2.0,Lokal Setapak,1.0,7880,48.69309209685951,Sama,2.0,1.51,1728.94244575,1527.70235309,1958.42198319,417.022701964,2004.29261102,29.449469217,29.4494692144,1528341.99939,29.2497379185,29.24973791845991,48.69309209685951,,
928,"(96259.95939224826, 756140.0149032419)",1414,928,170.75568833055968,tetap,,1563383.42349,Pekalipan,Pulasaren,Kosong,01414,8.63959241256,Normal,3.0,Perumahan Sederhana,2.0,Lokal Setapak,1.0,7881,170.75568833055968,Sama,2.0,1.51,1743.9246492,1542.68428427,1973.40391437,432.004633139,2019.27481447,34.683033405,34.6830333999,1563383.42349,53.2858237988,53.28582379879209,170.75568833055968,,
929,"(96357.00346351367, 755812.0523131853)",1213,929,65.33198406184042,tetap,,5149811.9172,Pekalipan,Pulasaren,Kosong,01213,3.46946608531,Normal,3.0,Perumahan Mewah,4.0,Lokal Setapak,1.0,7929,65.33198406184042,Sama,2.0,1.52,1696.68397846,1645.74248158,1887.02699762,717.924743253,1622.54318838,50.1564692002,50.1564691968,5149811.9172,45.2594985549,45.25949855486379,65.33198406184042,,
930,"(96460.735120777, 755916.3549926353)",1217,930,68.83267028165187,tetap,,1372708.16784,Pekalipan,Pulasaren,Kosong,01217,8.87910990215,Normal,3.0,Perumahan Sederhana,2.0,Lokal Setapak,1.0,7922,68.83267028165187,Sama,2.0,1.835479,1522.29246889,1788.08582848,2029.37034452,604.857527505,1760.45071084,65.3509249825,65.3509249851,1372708.16784,43.8414449313,43.84144493131379,68.83267028165187,,
931,"(96406.30992639194, 755848.7137399366)",1229,931,158.9865042289429,tetap,,1305894.99759,Pekalipan,Pulasaren,Kosong,01229,11.316169893,Normal,3.0,Perumahan Sederhana,2.0,Lokal Setapak,1.0,8089,158.9865042289429,Sama,2.0,1.52,1616.14947957,1683.44572128,1924.73023732,698.711265671,1660.24769958,41.974720704,41.9747207024,1305894.99759,79.4016922932,79.40169229321098,158.9865042289429,,
932,"(96389.57188020703, 755881.2300831185)",1239,932,157.37841261578976,tetap,,1319458.79475,Pekalipan,Pulasaren,Kosong,01239,4.6101259686,Normal,3.0,Perumahan Sederhana,2.0,Lokal Setapak,1.0,8087,157.37841261578976,Sama,2.0,1.52,1634.42999983,1720.72421709,1962.00873313,701.916864578,1697.52711216,58.6335196734,58.633519671,1319458.79475,62.1749956426,62.174995642579454,157.37841261578976,,
933,"(96477.63327691017, 755909.215103343)",1164,933,137.79352563941276,tetap,,1385440.36341,Pekalipan,Pulasaren,Kosong,01164,10.9433973391,Normal,3.0,Perumahan Sederhana,2.0,Lokal Setapak,1.0,7963,137.79352563941276,Sama,2.0,1.835479,1516.32979072,1788.87894848,2030.16346452,598.894942963,1761.24397207,50.3311374528,50.3311374563,1385440.36341,48.1313606687,48.131360668749195,137.79352563941276,,
934,"(96410.25869085218, 755878.8934337081)",1223,934,138.15012514248622,tetap,,1346231.35561,Pekalipan,Pulasaren,Kosong,01223,13.1501974969,Normal,3.0,Perumahan Sederhana,2.0,Lokal Setapak,1.0,7711,138.15012514248622,Sama,2.0,1.52,1604.12145095,1755.40301666,1996.68753269,686.68367934,1732.20731556,48.2071723432,48.2071723473,1346231.35561,47.101408626,47.10140862598726,138.15012514248622,,
935,"(96366.95856810031, 755842.5385280637)",1232,935,45.73472716565062,tetap,,1274027.20396,Pekalipan,Pulasaren,Kosong,01232,8.1780746202,Normal,3.0,Perumahan Sederhana,2.0,Lokal Setapak,1.0,7664,45.73472716565062,Sama,2.0,1.52,1644.69810091,1650.64234848,1891.92686452,722.824610155,1627.44332068,27.7321117712,27.7321117732,1274027.20396,27.7204676602,27.720467660215284,45.73472716565062,,
936,"(96354.36374027727, 755860.3110992443)",1247,936,108.35615283967357,tetap,,1309943.38291,Pekalipan,Pulasaren,Kosong,01247,8.07232983232,Hook,4.0,Perumahan Sederhana,2.0,Lokal Setapak,1.0,7735,108.35615283967357,Sama,2.0,1.52,1668.79682784,1682.99146677,1924.2759828,693.587447308,1659.7934922,48.339150583,48.3391505882,1309943.38291,43.970158172,43.970158172001966,108.35615283967357,,
937,"(96522.8287630056, 755885.2528009063)",1170,937,32.37141367843518,tetap,,1470660.55262,Pekalipan,Pulasaren,Kosong,01170,4.62629634402,Normal,3.0,Perumahan Sederhana,2.0,Lokal Setapak,1.0,7926,32.37141367843518,Sama,2.0,1.835479,1432.02464322,1869.69889776,2110.9834138,514.592808598,1816.96434542,20.0728451396,20.0728451382,1470660.55262,24.4787298965,24.47872989653338,32.37141367843518,,
938,"(96417.90917634928, 755966.100108119)",1254,938,126.29299343369613,tetap,,1386485.2616,Pekalipan,Pulasaren,Kosong,01254,5.41610028156,Normal,3.0,Perumahan Sederhana,2.0,Lokal Setapak,1.0,7932,126.29299343369613,Sama,2.0,1.835479,1592.96007772,1787.29283907,2066.58392519,675.522834507,1802.10590664,56.6584170039,56.6584170081,1386485.2616,54.2817851227,54.281785122706324,126.29299343369613,,
939,"(96250.5011602673, 756146.239508479)",1427,939,77.64219441212624,tetap,,1468004.87868,Pekalipan,Pulasaren,Kosong,01427,9.29992956654,Normal,3.0,Perumahan Sederhana,2.0,Lokal Setapak,1.0,8016,77.64219441212624,Sama,2.0,1.51,1702.76245569,1501.52322542,1932.24285552,390.843574286,1974.27645158,37.5509834,37.5509834066,1468004.87868,35.5255954253,35.52559542530435,77.64219441212624,,
940,"(96248.66113904174, 756152.152323045)",1426,940,4.312523740285121,tetap,,1518795.91459,Pekalipan,Pulasaren,Kosong,01426,3.21156250565,Normal,3.0,Perumahan Sederhana,2.0,Lokal Setapak,1.0,7627,4.312523740285121,Sama,2.0,1.51,1698.84516247,1497.60613903,1928.32576913,386.926487899,1974.19532774,9.15109607252,9.15109607263,1518795.91459,8.76105461446,8.761054614460043,4.312523740285121,,
941,"(96481.6730535572, 755854.6135479831)",1196,941,60.805727344025186,tetap,,0.0,Pekalipan,Pulasaren,Kosong,01196,0.0,Normal,0.0,Perumahan Sederhana,0.0,Lokal Setapak,1.0,0,60.805727344025186,Sama,0.0,1.835478594,0.0,0.0,0.0,0.0,0.0,0.0,0.0,0.0,35.5832927343,35.583292734322505,60.805727344025186,,
942,"(96344.66018946444, 756075.9830893849)",1367,942,11.962261431115355,tetap,,1496505.64725,Pekalipan,Pulasaren,Kosong,01367,4.61931636761,Normal,3.0,Perumahan Sederhana,2.0,Lokal Setapak,1.0,8005,11.962261431115355,Sama,2.0,2.0,1813.8070481,1657.94275072,2088.66238082,547.263099586,1925.77524538,25.2498254568,25.2498254566,1496505.64725,14.1324302738,14.13243027383592,11.962261431115355,,
943,"(96351.36716736226, 756067.8285537504)",1371,943,12.936052036073132,tetap,,1617301.17991,Pekalipan,Pulasaren,Kosong,01371,5.91609226144,Normal,3.0,Perumahan Sederhana,2.0,Lokal Setapak,1.0,7800,12.936052036073132,Sama,2.0,2.0,1813.72693019,1647.93127998,2078.65091008,537.251628848,1918.4781076,40.3909328342,40.3909328319,1617301.17991,14.9001654623,14.900165462282398,12.936052036073132,,
944,"(96295.52117980403, 756108.4705488073)",1375,944,86.70213289674543,tetap,,1597112.1035,Pekalipan,Pulasaren,Kosong,01375,9.57856029391,Hook,4.0,Perumahan Sederhana,2.0,Lokal Setapak,1.0,8100,86.70213289674543,Sama,2.0,1.835479,1798.11881193,1596.87640325,2027.59603335,486.196752118,2073.4689772,40.0855617819,40.0855617792,1597112.1035,38.7927428291,38.792742829105116,86.70213289674543,,
945,"(96335.1773459326, 756074.2234844328)",1368,945,158.9096422883489,tetap,,1572763.92635,Pekalipan,Pulasaren,Kosong,01368,14.2893015853,Normal,3.0,Perumahan Sederhana,2.0,Lokal Setapak,1.0,8008,158.9096422883489,Sama,2.0,2.0,1799.16223724,1633.36679046,2064.08642056,522.687139331,1903.91341466,53.2242634427,53.2242634462,1572763.92635,55.539148325,55.53914832498149,158.9096422883489,,
946,"(96273.09761563623, 756182.0190166507)",1411,946,56.0930238330322,tetap,,1530897.99821,Pekalipan,Pulasaren,Kosong,01411,11.9692420901,Hook,4.0,Perumahan Sederhana,2.0,Lokal Setapak,1.0,8031,56.0930238330322,Sama,2.0,1.835479,1723.60341234,1522.36344286,1953.08307296,411.683791734,1998.95357761,55.4660485346,55.4660485384,1530897.99821,34.7620508618,34.7620508618151,56.0930238330322,,
947,"(96274.61861750734, 756144.5952019048)",1413,947,70.87247520413533,tetap,,1549021.23843,Pekalipan,Pulasaren,Kosong,01413,7.34455674697,Normal,3.0,Perumahan Sederhana,2.0,Lokal Setapak,1.0,8017,70.87247520413533,Sama,2.0,1.51,1746.02899055,1544.78825612,1975.50788622,434.108604986,2021.37915582,34.8755325585,34.87553256,1549021.23843,34.0674811128,34.06748111280301,70.87247520413533,,
948,"(96274.61418810376, 756136.04002149)",1416,948,35.319336480006946,tetap,,1578544.4263,Pekalipan,Pulasaren,Kosong,01416,8.11490865328,Normal,3.0,Perumahan Sederhana,2.0,Lokal Setapak,1.0,7870,35.319336480006946,Sama,2.0,1.51,1755.55008233,1554.30927587,1985.02890597,443.629624744,2030.9002476,29.3562260518,29.3562260504,1578544.4263,30.2800207919,30.28002079190779,35.319336480006946,,
949,"(96284.9821961478, 756131.7833945957)",1417,949,133.33271168469423,tetap,,1579074.15967,Pekalipan,Pulasaren,Kosong,01417,7.3864634204,Hook,4.0,Perumahan Sederhana,2.0,Lokal Setapak,1.0,8015,133.33271168469423,Sama,2.0,1.51,1777.56910934,1576.32734821,2007.04697831,465.647697076,2052.91927461,48.9150199478,48.9150199476,1579074.15967,47.5600337939,47.56003379391622,133.33271168469423,,
950,"(96278.36631467588, 756113.8772565472)",1418,950,84.1187054304143,tetap,,1492577.49331,Pekalipan,Pulasaren,Kosong,01418,7.44123250483,Normal,3.0,Perumahan Sederhana,2.0,Lokal Setapak,1.0,8018,84.1187054304143,Sama,2.0,2.0,1744.89994791,1543.65931441,1974.37894452,432.979663281,1935.65608938,41.6913694501,41.6913694493,1492577.49331,37.9339134929,37.93391349285699,84.1187054304143,,
951,"(96281.88638468098, 756141.0098302047)",1439,951,49.18912998056175,tetap,,1558481.76053,Pekalipan,Pulasaren,Kosong,01439,8.22060263723,Normal,3.0,Perumahan Sederhana,2.0,Lokal Setapak,1.0,8080,49.18912998056175,Sama,2.0,1.51,1755.79229611,1554.55126452,1985.27089462,443.87161339,2031.14246138,38.7690059512,38.7690059537,1558481.76053,28.3937375568,28.39373755679701,49.18912998056175,,
952,"(96326.02193349274, 756110.7654701998)",1441,952,19.64283304145586,tetap,,1490529.55349,Pekalipan,Pulasaren,Kosong,01441,22.8244377565,Normal,3.0,Perumahan Sederhana,2.0,Lokal Setapak,1.0,8007,19.64283304145586,Sama,2.0,1.835479,1458.25843669,1676.1419891,2106.8616192,345.983452264,2232.07299789,47.6767189045,47.6767189059,1490529.55349,47.624899569,47.624899568954795,19.64283304145586,,
953,"(96305.11897842756, 756117.0665365988)",1374,953,63.6566544826037,tetap,,1512695.11214,Pekalipan,Pulasaren,Kosong,01374,3.95306922433,Hook,4.0,Perumahan Sederhana,2.0,Lokal Setapak,1.0,7944,63.6566544826037,Sama,2.0,1.835479,1800.19092166,1598.9483806,2029.66801071,488.268729478,2075.54108693,47.9424811339,47.9424811277,1512695.11214,34.719547103,34.719547103012715,63.6566544826037,,
954,"(96374.56599214865, 755873.5995972762)",1241,954,149.16254451864862,tetap,,1304551.15423,Pekalipan,Pulasaren,Kosong,01241,8.34754256392,Normal,3.0,Perumahan Sederhana,2.0,Lokal Setapak,1.0,7802,149.16254451864862,Sama,2.0,1.52,1647.37991552,1694.80872849,1936.09324453,705.404709032,1671.61097705,49.6946713261,49.694671324,1304551.15423,51.2817678425,51.281767842489046,149.16254451864862,,
955,"(96385.3260317133, 755902.3658531988)",1264,955,216.68345757809163,tetap,,1299631.30217,Pekalipan,Pulasaren,Kosong,01264,21.6192404395,Hook,4.0,Perumahan Sederhana,2.0,Lokal Setapak,1.0,8032,216.68345757809163,Sama,2.0,1.52,1617.13671293,1719.07599239,1960.36050843,684.623823562,1695.87920342,64.2362851512,64.2362851528,1299631.30217,61.5106608819,61.510660881892136,216.68345757809163,,
956,"(96373.97257398855, 755891.3214753129)",1270,956,81.47461536886573,tetap,,1299800.00733,Pekalipan,Pulasaren,Kosong,01270,11.3005282489,Normal,3.0,Perumahan Sederhana,2.0,Lokal Setapak,1.0,8033,81.47461536886573,Sama,2.0,1.52,1632.15922354,1701.22563298,1942.51014902,699.64572333,1678.02825971,37.0900273941,37.0900273923,1299800.00733,36.7904414494,36.79044144937136,81.47461536886573,,
957,"(96469.90700874207, 755861.9727227415)",1180,957,46.62508850795669,tetap,,0.0,Pekalipan,Pulasaren,Kosong,01180,0.0,Normal,0.0,Perumahan Sederhana,0.0,Lokal Setapak,1.0,0,46.62508850795669,Sama,0.0,1.835478594,0.0,0.0,0.0,0.0,0.0,0.0,0.0,0.0,30.2131391345,30.21313913446734,46.62508850795669,,
958,"(96466.7344731703, 755955.6559466266)",1214,958,87.0417573469757,tetap,,1307276.84974,Pekalipan,Pulasaren,Kosong,01214,11.3529381503,Hook,4.0,Perumahan Sederhana,2.0,Lokal Setapak,1.0,7919,87.0417573469757,Sama,2.0,1.835479,1525.32146159,1812.82662556,2054.1111416,607.886379624,1789.63286068,48.6541788708,48.6541788708,1307276.84974,37.7885647411,37.78856474105456,87.0417573469757,,
959,"(96382.392346166, 755863.1731217629)",1240,959,236.70622976375103,tetap,,1337778.65356,Pekalipan,Pulasaren,Kosong,01240,23.8342636008,Normal,3.0,Perumahan Sederhana,2.0,Lokal Setapak,1.0,7616,236.70622976375103,Sama,2.0,1.52,1702.18949396,1716.38315823,1957.66767426,726.979138758,1693.18615832,70.6625272559,70.6625272537,1337778.65356,68.1559582053,68.15595820534872,236.70622976375103,,
960,"(96465.85914388901, 755942.5968666966)",1215,960,210.64865581642775,tetap,,1339968.59154,Pekalipan,Pulasaren,Kosong,01215,5.93385711844,Normal,3.0,Perumahan Sederhana,2.0,Lokal Setapak,1.0,8088,210.64865581642775,Sama,2.0,1.835479,1511.07697471,1844.79728971,2086.08180574,593.642608353,1821.15047528,73.1302043827,73.1302043808,1339968.59154,72.7675117082,72.76751170820458,210.64865581642775,,
961,"(96481.04196174676, 755890.5646744922)",1183,961,188.63694634217052,tetap,,1473057.50653,Pekalipan,Pulasaren,Kosong,01183,7.74422608233,Normal,3.0,Perumahan Sederhana,2.0,Lokal Setapak,1.0,7813,188.63694634217052,Sama,2.0,1.835479,1485.04094358,1903.70592302,2144.99043906,567.607295007,1869.98064578,55.6287482864,55.6287482882,1473057.50653,55.7918844439,55.79188444385665,188.63694634217052,,
962,"(96476.00624465213, 755865.038365151)",1187,962,97.37495478803936,tetap,,1364798.2219,Pekalipan,Pulasaren,Kosong,01187,11.4495515379,Normal,3.0,Perumahan Sederhana,2.0,Lokal Setapak,1.0,7815,97.37495478803936,Sama,2.0,1.835478594,1512.91452966,1777.67969959,2018.96421562,595.479803236,1724.94242768,47.8451416789,47.8451416787,1364798.2219,39.5919099728,39.591909972790994,97.37495478803936,,
963,"(96473.69095673096, 755852.0085054954)",1189,963,43.722819477258874,tetap,,1383570.0374,Pekalipan,Pulasaren,Kosong,01189,3.5990847739,Normal,3.0,Perumahan Sederhana,2.0,Lokal Setapak,1.0,7817,43.722819477258874,Sama,2.0,1.835478594,1503.01869536,1767.78422667,2009.06874271,585.584330315,1715.04659338,57.4684486322,57.468448631,1383570.0374,31.3781207259,31.378120725862104,43.722819477258874,,
964,"(96492.52917762459, 755878.7936750363)",1191,964,91.05222767304775,tetap,,1475526.38667,Pekalipan,Pulasaren,Kosong,01191,10.2645647269,Normal,3.0,Perumahan Sederhana,2.0,Lokal Setapak,1.0,7818,91.05222767304775,Sama,2.0,1.835479,1480.83137578,1899.49635493,2140.78087097,563.397726917,1865.77107798,38.9613917834,38.9613917835,1475526.38667,38.3595267008,38.35952670076517,91.05222767304775,,
965,"(96496.37734058175, 755872.6121847726)",1192,965,59.032588462943956,tetap,,1481126.80309,Pekalipan,Pulasaren,Hak Milik,00134,5.05685878195,Normal,3.0,Perumahan Sederhana,2.0,Lokal Setapak,1.0,7515,59.032588462943956,Sama,2.0,1.835478594,1522.89403836,1787.65893503,2028.94345107,605.459038674,1734.92193637,26.4366373756,26.4366373735,1417119.35826,32.2761987817,32.27632815789176,59.032588462943956,,
966,"(96435.21474336687, 755963.4315169302)",1253,966,120.61610923400957,tetap,,1394294.7634,Pekalipan,Pulasaren,Kosong,01253,8.06322875767,Normal,3.0,Perumahan Sederhana,2.0,Lokal Setapak,1.0,7931,120.61610923400957,Sama,2.0,1.835479,1554.74533188,1811.07312387,2052.35763991,637.309651964,1787.87879793,46.2507707787,46.2507707814,1394294.7634,44.0048478546,44.00484785456887,120.61610923400957,,
967,"(96504.23620569908, 755883.4064599873)",1190,967,249.91528391868857,tetap,,1476157.28709,Pekalipan,Pulasaren,Kosong,01190,14.4552986293,Normal,3.0,Perumahan Sederhana,2.0,Lokal Setapak,1.0,7979,249.91528391868857,Sama,2.0,1.835479,1475.48957511,1894.15475149,2135.43926753,558.056123482,1860.42927732,64.020722145,64.0207221457,1476157.28709,63.4956672757,63.49566727568374,249.91528391868857,,
968,"(96482.99683316071, 755878.7188811771)",1185,968,43.280740748376374,tetap,,1368752.88784,Pekalipan,Pulasaren,Kosong,01185,7.56099962844,Normal,3.0,Perumahan Sederhana,2.0,Lokal Setapak,1.0,7927,43.280740748376374,Sama,2.0,1.835478594,1519.82520759,1784.59022791,2025.87474395,602.390331566,1731.8531056,25.2702598304,25.2702598316,1368752.88784,26.9467786725,26.94677867253842,43.280740748376374,,
969,"(96354.1050644342, 755880.6292699504)",1271,969,174.7823491617464,tetap,,1297886.7792,Pekalipan,Pulasaren,Kosong,01271,12.2887197607,Tusuk Sate,2.0,Perumahan Sederhana,2.0,Lokal Setapak,1.0,7622,174.7823491617464,Sama,2.0,1.52,1659.40912927,1682.5241984,1923.80871444,693.120178943,1659.3260606,57.4104575913,57.4104575893,1297886.7792,54.1217878486,54.12178784859621,174.7823491617464,,
970,"(96431.34922390725, 755897.6960248778)",1221,970,191.97538700945776,tetap,,1395551.13104,Pekalipan,Pulasaren,Kosong,01221,10.6105770949,Normal,3.0,Perumahan Sederhana,2.0,Lokal Setapak,1.0,7920,191.97538700945776,Sama,2.0,1.835479,1565.22598904,1795.29784453,2036.58236057,647.789936559,1767.66273639,60.2542313729,60.2542313742,1395551.13104,56.0411250036,56.04112500358648,191.97538700945776,,
971,"(96443.60516442772, 755972.5906492324)",1251,971,111.54039428155434,tetap,,1309845.24258,Pekalipan,Pulasaren,Kosong,01251,8.19074054171,Normal,3.0,Perumahan Sederhana,2.0,Lokal Setapak,1.0,7609,111.54039428155434,Sama,2.0,1.835479,1541.4430822,1833.02529518,2084.04692189,624.007434199,1819.56953259,46.408182443,46.4081824405,1309845.24258,44.1051573427,44.105157342663325,111.54039428155434,,
972,"(96531.1540632334, 755853.635218181)",1175,972,156.96493744895676,tetap,,5304812.21725,Pekalipan,Pulasaren,Kosong,01175,7.2476730127,Normal,3.0,Perumahan Mewah,4.0,Lokal Setapak,1.0,7656,156.96493744895676,Sama,2.0,1.835479,1418.6761864,1776.37423118,2017.65874721,501.244596333,1723.63670333,50.1553089202,50.1553089195,5304812.21725,51.9260974268,51.926097426833635,156.96493744895676,,
973,"(96521.07957488923, 755846.7315685406)",1176,973,191.17295665097998,tetap,,5291956.09962,Pekalipan,Pulasaren,Kosong,01176,13.4786052726,Normal,3.0,Perumahan Mewah,4.0,Lokal Setapak,1.0,7657,191.17295665097998,Sama,2.0,1.835478594,1429.53039896,1764.88683502,2006.17135105,512.09853455,1712.14904019,57.7922814299,57.7922814301,5291956.09962,56.0267044584,56.02670445843366,191.17295665097998,,
974,"(96427.9878362022, 755957.7278331221)",1276,974,99.30560240433232,tetap,,0.0,Pekalipan,Pulasaren,Kosong,01276,0.0,Normal,0.0,Perumahan Sederhana,0.0,Lokal Setapak,1.0,0,99.30560240433232,Sama,0.0,1.835479,0.0,0.0,0.0,0.0,0.0,0.0,0.0,0.0,46.3342427345,46.33424273454,99.30560240433232,,
975,"(96478.44085938807, 755877.4748838483)",1184,975,34.33351880634982,tetap,,1365007.20084,Pekalipan,Pulasaren,Kosong,01184,4.57601477212,Tusuk Sate,2.0,Perumahan Sederhana,2.0,Lokal Setapak,1.0,7793,34.33351880634982,Sama,2.0,1.835478594,1516.71260301,1781.47757719,2022.76209323,599.277680839,1728.74050102,22.5650355352,22.5650355326,1365007.20084,26.1573617011,26.157361701117136,34.33351880634982,,
976,"(96422.61484286458, 755890.879829154)",1222,976,139.80200377534754,tetap,,1366925.71393,Pekalipan,Pulasaren,Kosong,01222,8.77057799876,Normal,3.0,Perumahan Sederhana,2.0,Lokal Setapak,1.0,7599,139.80200377534754,Sama,2.0,1.52,1605.89833766,1757.69522228,1998.97973832,688.460591818,1734.4995455,55.4386278429,55.4386278425,1366925.71393,54.905138217,54.905138216952025,139.80200377534754,,
977,"(96464.82971148222, 755893.8499181346)",1179,977,67.22710808087054,tetap,,1363755.60898,Pekalipan,Pulasaren,Kosong,01179,7.32912587568,Tusuk Sate,2.0,Perumahan Sederhana,2.0,Lokal Setapak,1.0,8055,67.22710808087054,Sama,2.0,1.835479,1536.7880951,1762.48665488,2003.77117092,619.352447192,1734.85088493,26.9162915796,26.9162915778,1363755.60898,35.3083225455,35.30832254554116,67.22710808087054,,
978,"(96502.46048647446, 755916.0266149838)",1165,978,76.36775310056066,tetap,,0.0,Pekalipan,Pulasaren,Kosong,01165,0.0,Normal,0.0,Perumahan Sederhana,0.0,Lokal Setapak,1.0,0,76.36775310056066,Sama,0.0,1.835479,0.0,0.0,0.0,0.0,0.0,0.0,0.0,0.0,107.31253577,107.31253576995627,76.36775310056066,,
979,"(96420.17518241207, 755872.1567752542)",1224,979,90.07587562679362,tetap,,1355020.73578,Pekalipan,Pulasaren,Kosong,01224,11.0849002191,Normal,3.0,Perumahan Sederhana,2.0,Lokal Setapak,1.0,7708,90.07587562679362,Sama,2.0,1.52,1593.53226276,1745.32952257,1986.61403861,676.094892099,1722.13347061,51.8529373957,51.852937397,1355020.73578,38.4632089905,38.46320899048321,90.07587562679362,,
980,"(96388.33474223514, 755845.0912408157)",1230,980,14.850173430431134,tetap,,1350700.36136,Pekalipan,Pulasaren,Kosong,01230,9.60003982718,Normal,3.0,Perumahan Sederhana,2.0,Lokal Setapak,1.0,7709,14.850173430431134,Sama,2.0,1.52,1710.59432014,1724.78776683,1966.07228286,735.383747363,1701.59098449,47.9988182523,47.9988182477,1350700.36136,23.0691841054,23.069184105444112,14.850173430431134,,
981,"(96475.11729905343, 755871.2807767639)",1186,981,10.4254228596015,tetap,,1364228.22351,Pekalipan,Pulasaren,Kosong,01186,4.28561670025,Normal,3.0,Perumahan Sederhana,2.0,Lokal Setapak,1.0,7593,10.4254228596015,Sama,2.0,1.835478594,1514.26053581,1779.02553089,2020.31004693,596.82563454,1726.28843382,13.2159413197,13.2159413171,1364228.22351,15.8212735041,15.821273504125655,10.4254228596015,,
982,"(96491.26532220657, 755886.6365169735)",1195,982,17.93799157028573,tetap,,1471606.7555,Pekalipan,Pulasaren,Kosong,01195,4.37323210793,Tusuk Sate,2.0,Perumahan Sederhana,2.0,Lokal Setapak,1.0,7925,17.93799157028573,Sama,2.0,1.835479,1474.56387238,1893.22884527,2134.51336131,557.130217259,1859.50357458,13.7755190237,13.7755190208,1471606.7555,17.3279674965,17.327967496479147,17.93799157028573,,
983,"(96402.945905734, 755961.0858352457)",1260,983,57.78509637486622,tetap,,1376546.32538,Pekalipan,Pulasaren,Kosong,01260,7.18218351846,Normal,3.0,Perumahan Sederhana,2.0,Lokal Setapak,1.0,7654,57.78509637486622,Sama,2.0,1.835479,1603.59589322,1766.99990421,2046.29099033,656.32025309,1781.8124414,35.1991634422,35.1991634421,1376546.32538,30.9269160789,30.92691607886703,57.78509637486622,,
984,"(96394.2280178638, 756007.1838677808)",1303,984,181.332479953111,tetap,,1518610.71692,Pekalipan,Pulasaren,Kosong,01303,9.07807433367,Normal,3.0,Perumahan Sederhana,2.0,Lokal Setapak,1.0,7637,181.332479953111,Sama,2.0,2.0,1732.28794599,1736.67835524,2108.73277665,625.998704108,1844.25614328,58.9795261215,58.9795261205,1518610.71692,60.4288599142,60.428859914174325,181.332479953111,,
985,"(96362.55235507597, 756056.5928271738)",1332,985,53.244295860350086,tetap,,1488754.64849,Pekalipan,Pulasaren,Kosong,01332,23.1306680354,Normal,3.0,Perumahan Sederhana,2.0,Lokal Setapak,1.0,7995,53.244295860350086,Sama,2.0,2.0,1794.18176383,1684.24007499,2114.9597051,573.560423868,1906.14996111,86.0991959873,86.0991959852,1488754.64849,33.8416815408,33.841681540781806,53.244295860350086,,
986,"(96309.45057454247, 756110.490708855)",1373,986,132.10950310025802,tetap,,1617030.25615,Pekalipan,Pulasaren,Kosong,01373,11.8934664043,Normal,3.0,Perumahan Sederhana,2.0,Lokal Setapak,1.0,7719,132.10950310025802,Sama,2.0,1.835479,1806.0416101,1604.79903731,2035.51866741,494.119386186,2081.39177537,47.3497244435,47.3497244426,1617030.25615,46.0961078425,46.09610784246479,132.10950310025802,,
987,"(96295.1001338693, 756099.6654002761)",1376,987,326.4586614484151,tetap,,1512504.60945,Pekalipan,Pulasaren,Kosong,01376,8.68199858025,Normal,3.0,Perumahan Sederhana,2.0,Lokal Setapak,1.0,7720,326.4586614484151,Sama,2.0,2.0,1779.5698498,1578.32816656,2009.04779666,467.648515432,1902.76175997,47.5687588675,47.5687588675,1512504.60945,100.67225788,100.6722578797638,326.4586614484151,,
988,"(96251.59171845631, 756154.6679362362)",1407,988,19.776879163003677,tetap,,1524693.84281,Pekalipan,Pulasaren,Kosong,01407,7.34849277187,Normal,3.0,Perumahan Sederhana,2.0,Lokal Setapak,1.0,7725,19.776879163003677,Sama,2.0,1.51,1702.59664199,1501.35753076,1932.07716086,390.677879626,1977.94680726,21.6544554346,21.6544554358,1524693.84281,18.9080862503,18.90808625031942,19.776879163003677,,
989,"(96265.41387720464, 756133.3885294313)",1415,989,91.00611979619943,tetap,,1479654.3925,Pekalipan,Pulasaren,Kosong,01415,5.84555949981,Normal,3.0,Perumahan Sederhana,2.0,Lokal Setapak,1.0,7624,91.00611979619943,Sama,2.0,1.51,1722.99179648,1521.75197208,1952.47160218,411.072320942,1959.54606637,42.1021145023,42.1021145022,1479654.3925,42.0263660485,42.026366048475,91.00611979619943,,
990,"(96318.24334588203, 756116.9664816873)",1372,990,43.40032029118848,tetap,,1532419.71824,Pekalipan,Pulasaren,Kosong,01372,6.13086533222,Normal,3.0,Perumahan Sederhana,2.0,Lokal Setapak,1.0,7649,43.40032029118848,Sama,2.0,1.835479,1814.05720753,1612.81443728,2043.53406738,502.134786149,2089.4073728,40.2285859964,40.2285859939,1532419.71824,31.4782979529,31.478297952865475,43.40032029118848,,
991,"(96256.27269419195, 756149.1865903744)",1428,991,46.1580543633703,tetap,,1551554.85204,Pekalipan,Pulasaren,Kosong,01428,5.16788461148,Normal,3.0,Perumahan Sederhana,2.0,Lokal Setapak,1.0,7652,46.1580543633703,Sama,2.0,1.51,1731.60336083,1530.36325881,1961.08288891,419.683607675,2006.9535261,31.0907840153,31.0907840129,1551554.85204,109.578476672,109.57847667169035,46.1580543633703,,
992,"(96409.3784888694, 755980.6760762811)",1300,992,168.09265954977974,tetap,,1374757.10333,Pekalipan,Pulasaren,Kosong,01300,13.0162805534,Normal,3.0,Perumahan Sederhana,2.0,Lokal Setapak,1.0,7992,168.09265954977974,Sama,2.0,1.835479,1589.02470105,1781.44797728,2060.7390634,670.768326151,1796.26099029,45.3213114756,45.3213114799,1374757.10333,53.2290142947,53.22901429469063,168.09265954977974,,
993,"(96453.49963784165, 755836.9146032191)",1163,993,55.958097662621654,tetap,,1350578.52289,Pekalipan,Pulasaren,Kosong,01163,4.5704695971,Normal,3.0,Perumahan Sederhana,2.0,Lokal Setapak,1.0,8086,55.958097662621654,Sama,2.0,1.835478594,1521.58203324,1722.7340215,1964.01853754,604.147000948,1675.26158336,31.3778417303,31.3778417281,1350578.52289,33.6202460878,33.62024608778142,55.958097662621654,,
994,"(96447.69073229478, 755822.5042500134)",1160,994,168.216084509605,tetap,,5203463.54047,Pekalipan,Pulasaren,Kosong,01160,10.0190754162,Normal,3.0,Perumahan Mewah,4.0,Lokal Setapak,1.0,8106,168.216084509605,Sama,2.0,1.835478594,1520.06244367,1678.07137939,1919.35589543,602.627623267,1654.87282895,60.2756124319,60.2756124308,5203463.54047,57.1783871318,57.17838713182512,168.216084509605,,
995,"(96455.44193121824, 755817.7782253347)",1161,995,43.88328822835416,tetap,,5204589.8713,Pekalipan,Pulasaren,Kosong,01161,4.74437954877,Normal,3.0,Perumahan Mewah,4.0,Lokal Setapak,1.0,7596,43.88328822835416,Sama,2.0,1.835478594,1505.58604253,1682.14978933,1923.43430537,588.151577224,1658.95158958,42.9419359514,42.9419359522,5204589.8713,28.7059005304,28.705900530440918,43.88328822835416,,
996,"(96521.05845722037, 755901.9669020352)",1655,996,62.27954000774479,tetap,,1477349.64669,Pekalipan,Pulasaren,Kosong,01655,16.0285726946,Normal,3.0,Perumahan Sederhana,2.0,Lokal Setapak,1.0,8047,62.27954000774479,Sama,2.0,1.835479,1395.6119752,1657.91684222,2088.63647232,283.33881754,2178.77949528,38.8353913646,38.8353913672,1477349.64669,33.8850294132,33.88502941321874,62.27954000774479,,
997,"(96762.67026918847, 756278.5393240125)",1653,997,152.24560645046526,tetap,,1471948.68878,Pekalipan,Pulasaren,Kosong,01653,4.1396402787,Normal,3.0,Perumahan Sederhana,2.0,Lokal Setapak,1.0,7756,152.24560645046526,Sama,2.0,1.835479,1024.23786464,2079.71821428,2510.43784438,462.967820028,2235.11473054,66.6465530764,66.6465530829,1471948.68878,64.3184164058,64.31841640582135,152.24560645046526,,
998,"(96308.70416032287, 756229.0744300683)",1652,998,49.71122610170622,tetap,,1638598.8495,Pekalipan,Pulasaren,Kosong,01652,3.59997768506,Normal,3.0,Perumahan Sederhana,2.0,Lokal Setapak,1.0,7895,49.71122610170622,Sama,2.0,1.835478594,1357.4696659,1704.38369725,2135.10332735,294.074187004,2239.14253699,35.4601506717,35.4601506707,1638598.8495,35.7731399754,35.77313997536436,49.71122610170622,,
999,"(96470.48919438332, 756127.7417278546)",1654,999,72.00046220610952,tetap,,3890093.44724,Pekalipan,Pulasaren,Kosong,01654,6.51866799994,Normal,3.0,Perumahan Menengah,3.0,Lokal Setapak,1.0,7821,72.00046220610952,Sama,2.0,1.835479,1268.58855274,1777.89407043,2208.61370053,202.793786697,2082.78284146,34.9099590453,34.9099590499,3890093.44724,34.8980259718,34.89802597183581,72.00046220610952,,
1000,"(96621.35925711197, 756246.3955287298)",1656,1000,145.95369227581824,tetap,,1815931.03477,Pekalipan,Pulasaren,Kosong,01656,15.7519006222,Normal,3.0,Perumahan Sederhana,2.0,Lokal Setapak,1.0,7823,145.95369227581824,Sama,2.0,1.835479,1146.98580893,1898.95337788,2329.67300798,51.4789299153,2169.79479555,55.5294046083,55.5294046095,1815931.03477,51.5774819493,51.577481949329616,145.95369227581824,,
1001,"(96771.75394362319, 756248.4436384637)",511,1001,260.5340259553526,tetap,,1470534.29735,Pekalipan,Pulasaren,Hak Milik,00511,10.0995342467,Hook,4.0,Perumahan Sederhana,2.0,Lokal Setapak,1.0,7191,260.5340259553526,Sama,2.0,1.835479,1004.56857391,2114.70029152,2545.41992162,456.713312644,2228.86018181,71.9126810869,71.9126810812,1470534.29735,72.3406406685,72.34064066850175,260.5340259553526,,
1002,"(96429.27822466975, 756197.853843556)",83,1002,81.48000250563318,tetap,,3833495.91948,Pekalipan,Pulasaren,Hak Milik,00083,6.23769340976,Hook,4.0,Perumahan Menengah,3.0,Lokal Setapak,1.0,7571,81.48000250563318,Sama,2.0,3.78,1351.17758249,1714.40444838,2145.12407848,238.905779832,2165.37187121,37.4063522483,37.4063522475,3833495.91948,37.7470191156,37.74701911564887,81.48000250563318,,
1003,"(96439.78333854866, 756175.7839159272)",514,1003,161.58271905772924,tetap,,3837025.41007,Pekalipan,Pulasaren,Hak Milik,00514,12.1070497313,Hook,4.0,Perumahan Menengah,3.0,Lokal Setapak,1.0,7095,161.58271905772924,Sama,2.0,1.835479,1330.37272343,1734.8379297,2165.5575598,218.10170502,2144.56701215,49.4295433762,49.4295433723,3837025.41007,51.1623136385,51.16231363848896,161.58271905772924,,
1004,"(96309.0084791936, 756303.5772615013)",549,1004,883.7537535424591,tetap,,1745146.42643,Pekalipan,Pulasaren,Hak Milik,00549,54.6470631555,Normal,3.0,Perumahan Sederhana,2.0,Lokal Primer,1.0,6832,883.7537535424591,Sama,2.0,1.835478594,1142.61320523,1919.41283546,2350.13246556,124.141247464,2242.45832243,141.547961501,141.5479615,1745146.42643,142.068666508,142.06866650833481,883.7537535424591,,
1005,"(96735.59920108222, 756192.5934717446)",1649,1005,143.506320451683,tetap,,1513268.87913,Pekalipan,Pulasaren,Kosong,01649,8.15004123014,Normal,3.0,Perumahan Sederhana,2.0,Lokal Setapak,1.0,7887,143.506320451683,Sama,2.0,1.835478594,1033.77899422,2132.8960984,2530.70956627,378.426691057,2150.5711345,50.1908562945,50.1908562963,1513268.87913,50.8659454157,50.86594541573059,143.506320451683,,
1006,"(96739.96280470397, 756212.2771642847)",1650,1006,150.08162144706708,tetap,,1507404.00806,Pekalipan,Pulasaren,Kosong,01650,4.25056061393,Normal,3.0,Perumahan Sederhana,2.0,Lokal Setapak,1.0,8110,150.08162144706708,Sama,2.0,1.835478594,1029.34104453,2142.94625011,2540.75971798,388.476842771,2160.62146678,56.5092339904,56.5092339929,1507404.00806,57.723376933,57.72337693301702,150.08162144706708,,
1007,"(96313.64120768827, 756243.9396294797)",1638,1007,64.10952194734237,tetap,,2618775.36882,Pekalipan,Pulasaren,Kosong,01638,4.70002629459,Normal,3.0,Perumahan Sederhana,2.0,Lokal Setapak,1.0,7886,64.10952194734237,Sama,2.0,1.835478594,1285.95100803,1772.73110518,2203.45073528,163.767824638,2124.09551879,32.2009285936,32.2009285905,2618775.36882,33.4110736837,33.411073683661705,64.10952194734237,,
1008,"(96513.39079664796, 756192.3722412491)",1637,1008,62.300306474435175,tetap,,1850295.1527,Pekalipan,Pulasaren,Kosong,01637,6.95599242987,Normal,3.0,Perumahan Sederhana,2.0,Lokal Setapak,1.0,8109,62.300306474435175,Sama,2.0,0.8,1281.53266773,1819.53989793,2250.25952803,138.312001471,2140.27657448,47.9440981387,47.9440981391,1850295.1527,32.3078088883,32.30780888828708,62.300306474435175,,
1009,"(96542.30429412355, 756149.3912701382)",1644,1009,115.40894599261507,tetap,,1606417.15505,Pekalipan,Pulasaren,Kosong,01644,11.1999532964,Normal,3.0,Perumahan Sederhana,2.0,Lokal Setapak,1.0,7885,115.40894599261507,Sama,2.0,1.835479,1200.14191049,1848.60419811,2279.32382821,136.759979181,2058.88581723,41.4604287251,41.4604287247,1606417.15505,43.2025021102,43.20250211019578,115.40894599261507,,
1010,"(96780.11399292601, 756254.1705937381)",1646,1010,25.114448580325394,tetap,,1471194.41252,Pekalipan,Pulasaren,Kosong,01646,9.69556500922,Normal,3.0,Perumahan Sederhana,2.0,Lokal Setapak,1.0,8049,25.114448580325394,Sama,2.0,1.835479,998.743375257,2119.54835948,2550.26798958,450.888265722,2223.03498315,53.3974883184,53.3974883195,1471194.41252,26.2812981508,26.281298150796975,25.114448580325394,,
1011,"(96505.72197690916, 756125.0345263341)",1648,1011,39.9060902569499,tetap,,1593910.28738,Pekalipan,Pulasaren,Kosong,01648,3.74022801011,Normal,3.0,Perumahan Sederhana,2.0,Lokal Setapak,1.0,7888,39.9060902569499,Sama,2.0,1.835479,1245.58054101,1809.83404643,2240.55367654,182.197250396,2098.67175623,39.2997490405,39.2997490418,1593910.28738,36.2660360298,36.266036029788964,39.9060902569499,,
1012,"(96603.52837699941, 756267.5986251606)",1639,1012,32.82725077005866,tetap,,1653107.01446,Pekalipan,Pulasaren,Kosong,01639,3.99993335089,Normal,3.0,Perumahan Sederhana,2.0,Lokal Setapak,1.0,8052,32.82725077005866,Sama,2.0,1.835479,1132.33274081,1873.43317922,2304.15280932,73.1390576675,2191.45566234,27.9185762134,27.9185762151,1653107.01446,27.7153481995,27.71534819948624,32.82725077005866,,
1013,"(96606.75147788813, 756269.0765265257)",1640,1013,35.07320651469093,tetap,,1642840.6138,Pekalipan,Pulasaren,Kosong,01640,9.5099503565,Normal,3.0,Perumahan Sederhana,2.0,Lokal Setapak,1.0,8053,35.07320651469093,Sama,2.0,1.835479,1120.99339648,1881.70337833,2312.42300843,70.54169598,2188.85833204,29.0117772306,29.0117772343,1642840.6138,28.9919766619,28.99197666194219,35.07320651469093,,
1014,"(96607.35260869632, 756254.1601926085)",1641,1014,79.2384286132363,tetap,,1719169.26443,Pekalipan,Pulasaren,Kosong,01641,10.0301426768,Normal,3.0,Perumahan Sederhana,2.0,Lokal Setapak,1.0,8111,79.2384286132363,Sama,2.0,1.835479,1138.99320889,1890.9610923,2321.6807224,62.1924636758,2180.50866259,26.2745101282,26.2745101292,1719169.26443,85.9517351153,85.95173511528908,79.2384286132363,,
1015,"(96608.54894016086, 756255.1838979621)",1642,1015,36.896066936955876,tetap,,1710825.29787,Pekalipan,Pulasaren,Kosong,01642,3.4998360608,Tusuk Sate,2.0,Perumahan Sederhana,2.0,Lokal Setapak,1.0,8112,36.896066936955876,Sama,2.0,1.835479,1135.22205182,1887.18990956,2317.90953966,60.4173217812,2178.73349858,32.5734811879,32.5734811903,1710825.29787,32.5734811879,32.57348118785111,36.896066936955876,,
1016,"(96611.4480112254, 756254.5451482234)",1643,1016,34.54557638760662,tetap,,1715640.83501,Pekalipan,Pulasaren,Kosong,01643,6.91244075674,Hook,4.0,Perumahan Sederhana,2.0,Lokal Setapak,1.0,8051,34.54557638760662,Sama,2.0,1.835479,1133.10886913,1885.07679211,2315.79642221,56.6783621924,2174.99457749,31.4345033094,31.4345033111,1715640.83501,31.4345033092,31.43450330920511,34.54557638760662,,
1017,"(96579.67792508716, 756082.1280280674)",1658,1017,34.152833085706625,tetap,,9273639.23858,Pekalipan,Pulasaren,Hak Milik,01658,3.09996756715,Normal,3.0,Perdagangan dan Jasa Kelas 1,7.0,Lokal Primer,3.0,7824,34.152833085706625,Sama,2.0,9.56282439703,1137.04672752,1954.19792975,2351.34857229,181.89009862,1975.23123688,42.0022602,42.002260198,9273639.23858,38.6381291769,38.638129176942236,34.152833085706625,,
1018,"(96578.72380725897, 756084.4471022312)",1659,1018,52.555367499332725,tetap,,9311603.81943,Pekalipan,Pulasaren,Hak Milik,01659,3.1,Normal,3.0,Perdagangan dan Jasa Kelas 1,7.0,Lokal Primer,1.0,7825,52.555367499332725,Sama,2.0,1.835479,1155.6870716,1914.67524196,2345.39487206,177.796860819,2014.43097833,41.6859794311,41.6859794358,9311603.81943,40.5849865438,40.584986543771166,52.555367499332725,,
1019,"(96577.43448957827, 756087.226920611)",1660,1019,52.59356880538559,tetap,,9313248.60087,Pekalipan,Pulasaren,Hak Milik,01660,3.09996756755,Normal,3.0,Perdagangan dan Jasa Kelas 1,7.0,Lokal Primer,1.0,7826,52.59356880538559,Sama,2.0,1.835479,1152.86023043,1911.39401442,2342.11364453,174.969889914,2011.60413716,41.4193994491,41.4193994475,9313248.60087,40.3833805674,40.38338056737656,52.59356880538559,,
1020,"(96575.8487655141, 756090.3978680273)",1661,1020,67.83809837383606,tetap,,9314872.02026,Pekalipan,Pulasaren,Hak Milik,01661,3.07813984898,Normal,3.0,Perdagangan dan Jasa Kelas 1,7.0,Lokal Primer,1.0,7827,67.83809837383606,Sama,2.0,1.835479,1150.02450908,1908.08336982,2338.80299992,172.134218654,2008.76841582,41.1342162776,41.1342162764,9314872.02026,41.9448266582,41.94482665821002,67.83809837383606,,
1021,"(96478.23914061855, 756089.3570546168)",515,1021,12.739605439214488,tetap,,1443462.63001,Pekalipan,Pulasaren,Hak Milik,00515,3.12854914171,Normal,3.0,Perumahan Sederhana,2.0,Lokal Setapak,1.0,7193,12.739605439214488,Sama,2.0,1.835479,1290.96117689,1770.69113426,2201.41076436,306.219309463,2055.26567306,13.170008134,13.1700081361,1443462.63001,15.7666216695,15.76662166945928,12.739605439214488,,
1022,"(96429.08856163881, 756170.8246750723)",520,1022,36.979765266975726,tetap,,1684673.49431,Pekalipan,Pulasaren,Hak Milik,00520,12.212537266,Normal,3.0,Perumahan Sederhana,2.0,Lokal Setapak,1.0,7566,36.979765266975726,Sama,2.0,1.835479,1345.73942726,1718.04064928,2148.76027938,233.467801578,2159.93371599,50.4195668871,50.4195668833,1684673.49431,29.823597487,29.82359748703888,36.979765266975726,,
1023,"(96377.58639657042, 756035.1366106977)",1330,1023,74.60553492993289,tetap,,1467105.88272,Pekalipan,Pulasaren,Kosong,01330,12.2506478555,Normal,3.0,Perumahan Sederhana,2.0,Lokal Setapak,1.0,8034,74.60553492993289,Sama,2.0,2.0,1754.49367257,1712.71568727,2130.93746423,602.036036142,1866.46186985,82.1954861287,82.1954861357,1467105.88272,47.4348535845,47.43485358450749,74.60553492993289,,
1024,"(96608.81061501743, 756211.5469204981)",14,1024,112.29501706421131,tetap,,1699221.46671,Pekalipan,Pulasaren,Hak Milik,00014,7.61847176494,Normal,3.0,Perumahan Sederhana,2.0,Lokal Setapak,1.0,7561,112.29501706421131,Sama,2.0,1.835479,1204.45172669,1921.14550665,2351.86513675,17.893794031,2118.15397241,43.5070155882,43.5070155893,1699221.46671,44.6808008206,44.6808008205713,112.29501706421131,,
1025,"(96268.72168365962, 756129.0060866743)",911,1025,73.52285605547023,tetap,,1481485.26805,Pekalipan,Pulasaren,Hak Milik,00911,6.42543895655,Normal,3.0,Perumahan Sederhana,2.0,Lokal Setapak,1.0,7229,73.52285605547023,Sama,2.0,1.51,1728.96507298,1527.7250494,1958.44467951,417.045398279,1953.25037725,42.5999857765,42.5999857763,1481485.26805,39.8652964842,39.865296484244055,73.52285605547023,,
1026,"(96513.41609911081, 755889.6302092938)",524,1026,153.04460079677168,tetap,,1528958.32706,Pekalipan,Pulasaren,Hak Milik,00524,7.90979976571,Normal,3.0,Perumahan Sederhana,2.0,Lokal Setapak,1.0,7259,153.04460079677168,Sama,2.0,1.835479,1023.45157543,2078.93191252,2509.65154262,462.181518261,2234.32844133,50.2892615562,50.2892615587,1528958.32706,53.7052197703,53.70521977026282,153.04460079677168,,
1027,"(96420.30916769926, 756209.1160409615)",526,1027,107.5943504433008,tetap,,3818982.28127,Pekalipan,Pulasaren,Hak Milik,00526,11.949295698,Hook,4.0,Perumahan Menengah,3.0,Lokal Setapak,1.0,7194,107.5943504433008,Sama,2.0,3.78,1355.76233979,1702.67632487,2133.39595498,249.421345581,2181.12412342,41.3855187817,41.3855187823,3818982.28127,42.8388387105,42.83883871049904,107.5943504433008,,
1028,"(96844.39908674042, 756309.1928100619)",527,1028,106.74264161685748,tetap,,1026063.46809,Pekalipan,Pulasaren,Hak Milik,00527,6.26584752179,Normal,3.0,Perumahan Sederhana,2.0,Lokal Setapak,1.0,7092,106.74264161685748,Sama,2.0,3.66,844.187703874,2083.86144748,2608.63682056,524.281795335,2301.9604831,43.4071567625,43.4071567621,1026063.46809,44.2278045894,44.227804589363615,106.74264161685748,,
1029,"(96505.77384642852, 755853.0209973623)",528,1029,195.18497650272437,tetap,,1401500.37619,Pekalipan,Pulasaren,Hak Milik,00528,4.37996522846,Normal,3.0,Perumahan Sederhana,2.0,Lokal Setapak,1.0,6795,195.18497650272437,Sama,2.0,1.835478594,1513.47418024,1778.23922859,2019.52374463,596.039332242,1725.50207826,54.8355831723,54.8355831715,1401500.37619,55.8601416644,55.86014166438643,195.18497650272437,,
1030,"(96516.86759304919, 756361.0942511208)",532,1030,92.11729196854562,tetap,,8546030.69734,Pekalipan,Pulasaren,Kosong,00532,4.67816234948,Normal,3.0,Perdagangan dan Jasa Kelas 1,7.0,Lokal Primer,3.0,6796,92.11729196854562,Sama,2.0,12.785432656,1098.63200999,1706.99359863,2137.71322873,253.166769538,2255.13495808,45.0966560459,45.0966560495,8546030.69734,46.7235560551,46.723556055070304,92.11729196854562,,
1031,"(96297.45197397562, 756087.9083905101)",534,1031,80.91173789334445,tetap,,1486996.26595,Pekalipan,Pulasaren,Hak Milik,00534,11.3109965411,Normal,3.0,Perumahan Sederhana,2.0,Lokal Setapak,1.0,7263,80.91173789334445,Sama,2.0,2.0,1742.95072581,1541.71022056,1972.42985066,431.030569435,1848.5198467,56.5880572912,56.5880572876,1486996.26595,42.7445527229,42.74455272291595,80.91173789334445,,
1032,"(96468.43579438471, 756160.30339331)",535,1032,101.50072439773622,tetap,,3857232.28103,Pekalipan,Pulasaren,Hak Milik,00535,7.2829799234,Hook,4.0,Perumahan Menengah,3.0,Lokal Setapak,1.0,7564,101.50072439773622,Sama,2.0,3.78,1299.73267343,1761.0396452,2191.7592753,187.462460321,2113.92696215,39.9927687242,39.9927687279,3857232.28103,39.8396970066,39.83969700658794,101.50072439773622,,
1033,"(96521.79346453868, 756362.1332847418)",538,1033,92.48199343162307,tetap,,8481443.37261,Pekalipan,Pulasaren,Hak Milik,00538,5.44956816783,Normal,3.0,Perdagangan dan Jasa Kelas 1,7.0,Lokal Primer,3.0,7260,92.48199343162307,Sama,2.0,13.59,1059.54438457,1713.07630878,2143.79593889,283.657399188,2299.81914593,45.6890250297,45.689025028,8481443.37261,46.7330678898,46.733067889821285,92.48199343162307,,
1034,"(96742.74819793181, 756185.4637278513)",540,1034,32.49474333272089,tetap,,1469844.12656,Pekalipan,Pulasaren,Hak Milik,00540,8.81967438241,Hook,4.0,Perumahan Sederhana,2.0,Lokal Setapak,1.0,7261,32.49474333272089,Sama,2.0,1.835479,994.840782886,2157.57189486,2535.85058274,383.567707534,2155.71237609,50.3903460433,50.3903460422,1469844.12656,23.5714402514,23.571440251351227,32.49474333272089,,
1035,"(96909.79063515084, 756246.7906113021)",552,1035,105.94667817671352,tetap,,2487887.29928,Pekalipan,Pulasaren,Hak Milik,00552,4.74002312719,Normal,3.0,Perumahan Sederhana,2.0,Lokal Sekunder,1.0,7195,105.94667817671352,Sama,2.0,1.835479,840.846373952,2165.2630238,2690.03839688,590.749778527,2223.51128177,50.0410960663,50.0410960641,2487887.29928,54.2622544041,54.26225440412374,105.94667817671352,,
1036,"(96950.07825327394, 756230.4371398912)",556,1036,97.07333656113418,tetap,,1544211.49559,Pekalipan,Pulasaren,Hak Milik,00556,4.95484321154,Normal,3.0,Perumahan Sederhana,2.0,Lokal Setapak,1.0,7196,97.07333656113418,Sama,2.0,1.835479,781.514670622,2168.46308051,2727.50769186,575.224816644,2168.52792964,47.1556905148,47.1556905145,1544211.49559,49.2449791201,49.24497912005846,97.07333656113418,,
1037,"(96474.91766421721, 755945.0156920995)",560,1037,64.77490044252626,tetap,,1328929.96512,Pekalipan,Pulasaren,Hak Milik,00560,4.99919830529,Normal,3.0,Perumahan Sederhana,2.0,Lokal Setapak,1.0,6800,64.77490044252626,Sama,2.0,1.835479,1497.41747504,1835.12435876,2076.4088748,579.983207198,1807.49097561,34.6121085089,34.6121085114,1328929.96512,35.5973137184,35.59731371843857,64.77490044252626,,
1038,"(96315.20585083011, 756101.4911336409)",555,1038,122.11549291868667,tetap,,1647070.35044,Pekalipan,Pulasaren,Hak Milik,00555,10.9537397531,Tusuk Sate,2.0,Perumahan Sederhana,2.0,Lokal Setapak,1.0,6797,122.11549291868667,Sama,2.0,1.835479,1812.12890575,1610.88606362,2041.60569373,500.206412496,2087.47907103,39.8902780984,39.8902780966,1647070.35044,44.2709530715,44.270953071461825,122.11549291868667,,
1039,"(96518.08794184012, 755895.9769732236)",557,1039,99.40498419379718,tetap,,2619183.93986,Pekalipan,Pulasaren,Hak Milik,00557,4.71909245998,Normal,3.0,Perumahan Sederhana,2.0,Lokal Setapak,1.0,7572,99.40498419379718,Sama,2.0,1.835479,1286.25734453,1773.29464396,2204.01427406,164.0741147,2124.65907753,32.4335040291,32.4335040303,2619183.93986,44.0646843465,44.064684346528054,99.40498419379718,,
1040,"(96805.65286624608, 756061.387200532)",1853,1040,178.56037645300125,tetap,,0.0,Pekalipan,Pulasaren,Hak Milik,01853,0.0,Normal,0.0,Perumahan Sederhana,0.0,Lokal Setapak,1.0,0,178.56037645300125,Sama,0.0,5.71,0.0,0.0,0.0,0.0,0.0,0.0,0.0,0.0,56.7951189612,56.795118961183846,178.56037645300125,,
1041,"(96510.01412704705, 756271.8650469354)",569,1041,470.13896333071517,tetap,,9533987.33156,Pekalipan,Pulasaren,Hak Milik,00569,15.7253638652,Normal,3.0,Perdagangan dan Jasa Kelas 1,7.0,Lokal Primer,3.0,6789,470.13896333071517,Sama,2.0,12.785432656,1193.18099689,1801.53991679,2232.25954689,183.987384498,2185.9528554,121.158127537,121.158127536,9533987.33156,91.1262718113,91.12627181133357,470.13896333071517,,
1042,"(96367.3889799917, 755869.80765103)",567,1042,92.95678332323206,tetap,,1304666.67137,Pekalipan,Pulasaren,Hak Milik,00567,7.15774665982,Normal,3.0,Perumahan Sederhana,2.0,Lokal Setapak,1.0,6843,92.95678332323206,Sama,2.0,1.52,1653.89990008,1686.24979348,1927.53430952,696.845774021,1663.05179175,43.4996998356,43.499699833,1304666.67137,40.9587956821,40.95879568211183,92.95678332323206,,
1043,"(96392.61489941031, 756290.8209423987)",574,1043,259.260708230326,tetap,,3608837.23807,Pekalipan,Pulasaren,Hak Milik,00574,3.53309205225,Hook,4.0,Perumahan Menengah,3.0,Lokal Setapak,1.0,6792,259.260708230326,Sama,2.0,1.64,1293.31063146,1640.22670366,2070.94633376,295.064057867,2270.34327471,126.515020305,126.515020308,3608837.23807,66.0711677651,66.07116776509139,259.260708230326,,
1044,"(96951.82403511656, 756260.4766792074)",578,1044,198.36770325565587,tetap,,1540364.36972,Pekalipan,Pulasaren,Hak Milik,00578,10.0031729402,Normal,3.0,Perumahan Sederhana,2.0,Lokal Setapak,1.0,7197,198.36770325565587,Sama,2.0,1.835479,802.091275774,2189.03904713,2728.93274919,609.154469124,2189.1045348,60.4249927998,60.4249928001,1540364.36972,59.9674311432,59.9674311431899,198.36770325565587,,
1045,"(96992.51911062791, 756268.8544465088)",572,1045,203.0259072159388,tetap,,1468313.1812,Pekalipan,Pulasaren,Hak Milik,00572,11.3680944378,Tusuk Sate,2.0,Perumahan Sederhana,2.0,Lokal Setapak,1.0,6786,203.0259072159388,Sama,2.0,1.835479,760.360454119,2147.30953265,2769.29962683,649.521346754,2147.37371314,57.5731370863,57.573137085,1468313.1812,58.4702327792,58.47023277922199,203.0259072159388,,
1046,"(96472.41890387739, 756096.2020637696)",579,1046,132.62084287497393,tetap,,1451234.14579,Pekalipan,Pulasaren,Hak Milik,00579,13.7436287092,Tusuk Sate,2.0,Perumahan Sederhana,2.0,Lokal Setapak,1.0,7199,132.62084287497393,Sama,2.0,1.835479,1299.81220719,1764.67712733,2195.39675744,300.205302544,2064.11670336,43.8858240069,43.8858240039,1451234.14579,48.8818149569,48.881814956915306,132.62084287497393,,
1047,"(96467.30017102398, 756102.3153958678)",580,1047,51.22440529610573,tetap,,1462121.65307,Pekalipan,Pulasaren,Hak Milik,00580,3.90005587791,Normal,3.0,Perumahan Sederhana,2.0,Lokal Setapak,1.0,7198,51.22440529610573,Sama,2.0,1.835479,1309.28342509,1759.39601674,2190.11564685,294.924191954,2073.58792126,30.2224707633,30.2224707633,1462121.65307,35.4057951683,35.40579516828777,51.22440529610573,,
1048,"(96382.64212013512, 756337.6549723528)",3,1048,74.47966181412181,tetap,,8746103.23363,Pekalipan,Pulasaren,Hak Milik,00003,3.74400933329,Normal,3.0,Perdagangan dan Jasa Kelas 1,7.0,Lokal Primer,1.0,6924,74.47966181412181,Sama,2.0,3.78,1223.16395851,1570.08239819,2000.80202829,372.114983713,2303.84763839,53.2499245557,53.249924556,8746103.23363,41.0530240067,41.05302400668881,74.47966181412181,,
1049,"(96393.04634418253, 756328.6555941337)",585,1049,178.86128466796174,tetap,,8750938.67368,Pekalipan,Pulasaren,Hak Milik,00585,3.95354645029,Normal,3.0,Perdagangan dan Jasa Kelas 1,7.0,Lokal Primer,1.0,6802,178.86128466796174,Sama,2.0,2.08,1234.1780062,1581.09645329,2011.8160834,379.72157749,2314.86168608,48.0139280722,48.0139280721,8750938.67368,82.9028763762,82.90287637616238,178.86128466796174,,
1050,"(96512.55344136481, 756253.6147468975)",939,1050,943.0288432449828,tetap,,9603883.28361,Pekalipan,Pulasaren,Hak Milik,00939,25.60788388,Tusuk Sate,2.0,Perdagangan dan Jasa Kelas 1,7.0,Lokal Primer,1.0,7891,943.0288432449828,Sama,2.0,1.64,1283.81456859,1790.07549631,2220.79512642,164.827430091,2166.79264066,135.427129262,135.427129261,9603883.28361,131.093382687,131.0933826872792,943.0288432449828,,
1051,"(96847.22922172955, 756188.9379487663)",582,1051,560.3818823091241,tetap,,1587479.59581,Pekalipan,Pulasaren,Hak Milik,00582,12.0679693727,Hook,4.0,Perumahan Sederhana,2.0,Lokal Primer,3.0,6801,560.3818823091241,Sama,2.0,6.58,812.859357027,2181.4336236,2706.20899668,562.763382432,2195.52426485,82.6837873018,82.6837873021,1587479.59581,114.290560395,114.29056039516806,560.3818823091241,,
1052,"(96522.19809840451, 756238.8539936568)",940,1052,100.04388282346437,tetap,,10306733.8561,Pekalipan,Pulasaren,Hak Milik,00940,33.9243515473,Normal,3.0,Perdagangan dan Jasa Kelas 1,7.0,Lokal Setapak,1.0,7892,100.04388282346437,Sama,2.0,1.64,1256.64367074,1794.05473555,2224.77436566,137.656968033,2139.62174281,97.1678566383,97.1678566365,10306733.8561,46.5664494231,46.56644942312937,100.04388282346437,,
1053,"(96334.75805762153, 756327.6403686426)",594,1053,86.99982186810036,tetap,,8841131.53981,Pekalipan,Pulasaren,Hak Milik,00594,6.03601799903,Tusuk Sate,2.0,Perdagangan dan Jasa Kelas 1,7.0,Lokal Primer,3.0,6804,86.99982186810036,Sama,2.0,13.59,1311.58321715,1504.47851715,1935.19814725,393.798866018,2238.24141434,77.7163740626,77.7163740619,8841131.53981,45.8905807165,45.89058071645245,86.99982186810036,,
1054,"(96339.02259711003, 756301.9962839945)",593,1054,139.07058986566278,tetap,,1438208.07958,Pekalipan,Pulasaren,Hak Milik,00593,7.20929405679,Normal,3.0,Perumahan Sederhana,2.0,Lokal Setapak,1.0,7202,139.07058986566278,Sama,2.0,1.835478594,1272.76975781,1619.68755758,2050.40718768,377.65054351,2325.82785089,50.9244397847,50.9244397818,1438208.07958,52.3918418543,52.39184185430104,139.07058986566278,,
1055,"(96451.6955161126, 756153.2849165049)",596,1055,222.1660719944245,tetap,,3830701.15742,Pekalipan,Pulasaren,Hak Milik,00596,11.6865504342,Hook,4.0,Perumahan Menengah,3.0,Lokal Setapak,1.0,6805,222.1660719944245,Sama,2.0,3.41,1306.22241034,1744.1770801,2174.8967102,193.952146597,2120.41669906,60.8066754289,60.8066754311,3830701.15742,60.806327947,60.806327946968565,222.1660719944245,,
1056,"(96429.50922715443, 756179.8786378914)",379,1056,34.13593123260343,tetap,,1697215.37359,Pekalipan,Pulasaren,Hak Milik,00379,4.49296825969,Normal,3.0,Perumahan Sederhana,2.0,Lokal Setapak,1.0,7558,34.13593123260343,Sama,2.0,1.835479,1345.96737578,1734.14231313,2164.86194323,233.696037875,2160.1616645,24.8443486436,24.8443486473,1697215.37359,24.5493642965,24.54936429648381,34.13593123260343,,
1057,"(96342.16113828305, 756283.4403100193)",598,1057,203.76195243602126,tetap,,1541757.75045,Pekalipan,Pulasaren,Hak Milik,00598,10.8000259749,Normal,3.0,Perumahan Sederhana,2.0,Lokal Setapak,1.0,7214,203.76195243602126,Sama,2.0,1.835479,1322.9655184,1669.88157523,2100.60120533,351.821676173,2299.99816165,65.3532768404,65.3532768437,1541757.75045,60.9592794715,60.959279471487534,203.76195243602126,,
1058,"(96352.8040203969, 756284.2453401968)",599,1058,201.88244449655213,tetap,,1532692.07352,Pekalipan,Pulasaren,Hak Milik,00599,10.8000364681,Normal,3.0,Perumahan Sederhana,2.0,Lokal Setapak,1.0,7215,201.88244449655213,Sama,2.0,1.835479,1315.21895006,1662.13496367,2092.85459377,344.075064614,2292.25159331,64.8566077236,64.8566077299,1532692.07352,59.6655165996,59.66551659957216,201.88244449655213,,
1059,"(96363.05301619368, 756284.7817615103)",600,1059,203.52982400459527,tetap,,1462519.25714,Pekalipan,Pulasaren,Hak Milik,00600,5.03594429936,Normal,3.0,Perumahan Sederhana,2.0,Lokal Setapak,1.0,7216,203.52982400459527,Sama,2.0,3.78,1275.39965162,1622.31668001,2053.03631011,335.1051023,2283.28162064,65.3697034772,65.3697034764,1462519.25714,61.0910543441,61.09105434406219,203.52982400459527,,
1060,"(96354.56481840501, 756303.7890955075)",601,1060,431.44402160268453,tetap,,1425421.7961,Pekalipan,Pulasaren,Hak Milik,00601,13.3463935223,Normal,3.0,Perumahan Sederhana,2.0,Lokal Setapak,1.0,7217,431.44402160268453,Sama,2.0,3.78,1262.07494276,1608.99262849,2039.71225859,358.921565394,2307.09870578,64.3182236097,64.3182236116,1425421.7961,93.6670219868,93.66702198682499,431.44402160268453,,
1061,"(96449.29048426007, 756351.2488485002)",605,1061,75.88873971223029,tetap,,8616655.03212,Pekalipan,Pulasaren,Hak Guna Bangunan,00605,7.90005395703,Normal,3.0,Perdagangan dan Jasa Kelas 1,7.0,Lokal Primer,3.0,7227,75.88873971223029,Sama,2.0,13.59,1134.0148388,1636.20634694,2066.92597705,327.148637584,2329.11919834,35.9359341083,35.9359341102,8616655.03212,34.8189520269,34.81895202693347,75.88873971223029,,
1062,"(97029.25111502665, 756328.234814301)",603,1062,458.8302040016455,tetap,,3383045.22196,Pekalipan,Pulasaren,Hak Milik,00603,18.9023320594,Normal,3.0,Perumahan Menengah,3.0,Lokal Primer,1.0,6813,458.8302040016455,Sama,2.0,1.835479,637.492932673,2054.08212748,2783.45454497,614.356007322,2170.20798089,86.5883797206,86.5883797235,3383045.22196,86.5890801934,86.58908019336516,458.8302040016455,,
1063,"(97008.18273660152, 756335.8434357906)",602,1063,1196.7234620153451,tetap,,3437566.14743,Pekalipan,Pulasaren,Hak Milik,00602,10.2122178321,Normal,3.0,Perumahan Menengah,3.0,Lokal Primer,1.0,6812,1196.7234620153451,Sama,2.0,1.835479,650.348126319,2066.93758985,2796.31000734,627.211469688,2199.14391814,178.527255789,178.527255787,3437566.14743,178.526473747,178.52647374747488,1196.7234620153451,,
1064,"(96996.08687565016, 756215.8547607266)",607,1064,100.24162392301437,tetap,,1504503.5084,Pekalipan,Pulasaren,Hak Milik,00607,5.01144674459,Normal,3.0,Perumahan Sederhana,2.0,Lokal Primer,1.0,7228,100.24162392301437,Sama,2.0,1.835479,1808.00355497,1606.7609322,2037.4805623,496.081281071,1788.99956581,45.3329091151,45.3329091153,1504503.5084,49.4763475139,49.4763475139452,100.24162392301437,,
1065,"(96421.65309393601, 756180.7772556276)",622,1065,61.38375638326649,tetap,,1696180.33028,Pekalipan,Pulasaren,Hak Milik,00622,4.66898433624,Normal,3.0,Perumahan Sederhana,2.0,Lokal Setapak,1.0,7231,61.38375638326649,Sama,2.0,1.835479,1354.19914527,1733.69636052,2164.41599063,241.927643932,2168.393434,34.6795116778,34.6795116797,1696180.33028,34.5398404854,34.53984048542917,61.38375638326649,,
1066,"(96371.66069795386, 756167.1852889049)",624,1066,142.24894139362786,tetap,,1466338.27119,Pekalipan,Pulasaren,Hak Milik,00624,9.07871434156,Hook,4.0,Perumahan Sederhana,2.0,Lokal Setapak,1.0,6824,142.24894139362786,Sama,2.0,1.835479,1404.71142975,1640.46347864,2071.18310874,292.437808678,2187.87894983,54.1933555504,54.1933555469,1466338.27119,53.9069506273,53.90695062730068,142.24894139362786,,
1067,"(96552.80008950576, 756295.0127572822)",623,1067,68.29218737213634,tetap,,1552917.83792,Pekalipan,Pulasaren,Hak Milik,00623,4.42995261045,Normal,3.0,Perumahan Sederhana,2.0,Lokal Setapak,1.0,6821,68.29218737213634,Sama,2.0,0.81,1122.3204188,1899.11958605,2329.83921615,163.091012798,2281.41053929,31.4577958512,31.4577958513,1552917.83792,35.5689462434,35.568946243434965,68.29218737213634,,
1068,"(96489.05722516263, 756206.3889756529)",627,1068,58.6512784439665,tetap,,1814835.48318,Pekalipan,Pulasaren,Hak Milik,00627,6.82262546732,Normal,3.0,Perumahan Sederhana,2.0,Lokal Setapak,1.0,7238,58.6512784439665,Sama,2.0,0.8,1300.5333963,1792.54364556,2223.26327566,157.311978804,2159.27730304,40.7533890536,40.7533890585,1814835.48318,31.5225122722,31.5225122721674,58.6512784439665,,
1069,"(96528.02696659714, 755886.058428875)",941,1069,19.631750066589827,tetap,,1470368.34941,Pekalipan,Pulasaren,Hak Milik,00941,4.35003713233,Normal,3.0,Perumahan Sederhana,2.0,Lokal Setapak,1.0,7894,19.631750066589827,Sama,2.0,1.835479,1428.53973555,1866.21398237,2107.49849841,511.107893208,1813.47943775,22.7428661115,22.7428661199,1470368.34941,20.0000442062,20.000044206242272,19.631750066589827,,
1070,"(96525.63763543621, 755889.5163476792)",942,1070,17.06000902302102,tetap,,1470934.38947,Pekalipan,Pulasaren,Hak Milik,00942,4.59996719235,Normal,3.0,Perumahan Sederhana,2.0,Lokal Setapak,1.0,7831,17.06000902302102,Sama,2.0,1.835479,1431.17596915,1868.85014523,2110.13466127,513.744056071,1816.11567136,14.6567433287,14.656743328,1470934.38947,16.5647697554,16.564769755387623,17.06000902302102,,
1071,"(96536.94524744629, 756365.3378066305)",679,1071,110.338989635932,tetap,,8445470.02471,Pekalipan,Pulasaren,Hak Milik,00679,5.03545873304,Normal,3.0,Perdagangan dan Jasa Kelas 1,7.0,Lokal Primer,3.0,7262,110.338989635932,Sama,2.0,13.59,1043.9919386,1727.24229038,2157.96192048,268.105452632,2313.98562396,43.7107522585,43.71075226,8445470.02471,47.019137193,47.019137192984864,110.338989635932,,
1072,"(96741.61926403886, 756386.5837197701)",1672,1072,188.96484638529228,tetap,,0.0,Pekalipan,Pulasaren,Hak Milik,01672,0.0,Normal,0.0,Perdagangan dan Jasa Kelas 1,0.0,Lokal Sekunder,2.0,0,188.96484638529228,Sama,0.0,2.69,0.0,0.0,0.0,0.0,0.0,0.0,0.0,0.0,62.449069045,62.44906904503886,188.96484638529228,,
1073,"(96554.57482304881, 756104.4897231128)",912,1073,116.2177233379386,tetap,,1465030.69872,Pekalipan,Pulasaren,Hak Milik,00912,7.78016485462,Normal,3.0,Perumahan Sederhana,2.0,Lokal Setapak,1.0,7093,116.2177233379386,Sama,2.0,1.835479,1163.14616066,1888.75306639,2319.47269649,185.25537177,2021.89006739,56.68641047,56.6864104701,1465030.69872,58.0909304061,58.090930406086734,116.2177233379386,,
1074,"(96239.7856057535, 756192.1397678965)",905,1074,24.65104065442853,tetap,,1500800.5303,Pekalipan,Pulasaren,Hak Milik,00905,11.7458637853,Normal,3.0,Perumahan Sederhana,2.0,Lokal Setapak,1.0,7080,24.65104065442853,Sama,2.0,1.835478594,1673.78459621,1472.54646368,1903.26609378,361.866812548,1982.03409156,35.8509259396,35.8509259385,1500800.5303,20.0108697647,20.010869764724344,24.65104065442853,,
1075,"(96747.90539245744, 756386.1473760325)",1671,1075,104.24818342048336,tetap,,0.0,Pekalipan,Pulasaren,Hak Milik,01671,0.0,Normal,0.0,Perdagangan dan Jasa Kelas 1,0.0,Lokal Primer,3.0,0,104.24818342048336,Sama,0.0,13.59,0.0,0.0,0.0,0.0,0.0,0.0,0.0,0.0,57.0566502795,57.05665027946663,104.24818342048336,,
1076,"(96326.42816907028, 756235.7618864408)",904,1076,100.46504598158464,tetap,,1496878.47781,Pekalipan,Pulasaren,Hak Milik,00904,5.30844721977,Normal,3.0,Perumahan Sederhana,2.0,Lokal Setapak,1.0,7192,100.46504598158464,Sama,2.0,1.835478594,1392.39282652,1583.20046202,2013.92009212,423.031370688,2316.96593279,58.6153143672,58.6153143663,1496878.47781,58.4741016775,58.47410167750619,100.46504598158464,,
1077,"(96278.2721898243, 756313.3158844078)",910,1077,90.75913095758058,tetap,,8902475.07844,Pekalipan,Pulasaren,Hak Milik,00910,4.2440858255,Normal,3.0,Perdagangan dan Jasa Kelas 1,7.0,Lokal Primer,1.0,7729,90.75913095758058,Sama,2.0,1.835478594,1313.7357545,1506.63121835,1937.35084845,395.951567215,2240.39395169,57.5956601314,57.5956601301,8902475.07844,51.8727150289,51.872715028869365,90.75913095758058,,
1078,"(96367.53040429216, 756329.2906622008)",721,1078,177.8458669565899,tetap,,1403573.5461,Pekalipan,Pulasaren,Hak Milik,00721,4.50803033235,Hook,4.0,Perumahan Sederhana,2.0,Lokal Primer,1.0,6794,177.8458669565899,Sama,2.0,3.78,1539.84853464,1462.76663873,1893.48626883,352.086987605,2136.47119753,57.2254118111,57.2254118099,1403573.5461,64.4298077476,64.42980774758453,177.8458669565899,,
1079,"(96362.98600642142, 756178.0215735948)",908,1079,72.79381924292261,tetap,,1457429.39859,Pekalipan,Pulasaren,Hak Milik,00908,3.10001619643,Hook,4.0,Perumahan Sederhana,2.0,Lokal Setapak,1.0,7083,72.79381924292261,Sama,2.0,1.835479,1419.55476281,1633.76079915,2064.48042925,311.109643289,2209.7994409,39.2291707144,39.2291707152,1457429.39859,39.2940711216,39.29407112155894,72.79381924292261,,
1080,"(96793.5195438337, 756268.8371943379)",989,1080,196.35023146424356,tetap,,1355897.49554,Pekalipan,Pulasaren,Kosong,00989,13.6086045268,Tusuk Sate,2.0,Perumahan Sederhana,2.0,Lokal Setapak,1.0,7767,196.35023146424356,Sama,2.0,1.85,938.972829197,2100.39853629,2531.1181664,547.710033729,2319.71895884,62.3941541948,62.3941541943,1355897.49554,56.3498746508,56.34987465081465,196.35023146424356,,
1081,"(96419.28131257887, 755818.9691777087)",683,1081,81.99333949261313,tetap,,5166240.77488,Pekalipan,Pulasaren,Hak Milik,00683,8.0000021025,Normal,3.0,Perumahan Mewah,4.0,Lokal Setapak,1.0,7267,81.99333949261313,Sama,2.0,1.52,1542.51904938,1645.27971128,1886.56422732,625.083326964,1622.08029951,35.9999062029,35.9999062029,5166240.77488,36.5378294804,36.53782948037491,81.99333949261313,,
1082,"(96792.13324882323, 756257.9634940166)",991,1082,113.64788593292815,tetap,,1488214.83357,Pekalipan,Pulasaren,Hak Milik,00991,5.10413546101,Tusuk Sate,2.0,Perumahan Sederhana,2.0,Lokal Setapak,1.0,7772,113.64788593292815,Sama,2.0,1.835479,1019.94578782,2105.17507158,2535.89470168,472.090088288,2244.23739572,51.0945925356,51.0945925392,1488214.83357,48.4692628243,48.46926282425173,113.64788593292815,,
1083,"(96755.54179756143, 756298.7930444656)",988,1083,244.24097510364865,tetap,,1200910.79243,Pekalipan,Pulasaren,Hak Milik,00988,11.8262370692,Normal,3.0,Perumahan Sederhana,2.0,Lokal Setapak,1.0,7741,244.24097510364865,Sama,2.0,1.85,979.717860802,2035.19955091,2465.91918101,482.511048344,2274.46913247,69.3004600864,69.3004600862,1200910.79243,68.7428926064,68.74289260639478,244.24097510364865,,
1084,"(96790.55619569255, 756251.3472855453)",990,1084,138.7309705758846,tetap,,1485162.41604,Pekalipan,Pulasaren,Hak Milik,00990,5.56762504791,Normal,3.0,Perumahan Sederhana,2.0,Lokal Setapak,1.0,7773,138.7309705758846,Sama,2.0,1.835479,1013.96448446,2111.4816559,2542.201286,466.109029768,2238.25609236,51.9706221366,51.9706221387,1485162.41604,53.749389611,53.74938961103243,138.7309705758846,,
1085,"(96566.36936205282, 756344.4946760318)",1668,1085,70.80829810589753,tetap,,0.0,Pekalipan,Pulasaren,Hak Milik,01668,0.0,Normal,0.0,Perumahan Sederhana,0.0,Lokal Setapak,1.0,0,70.80829810589753,Sama,0.0,1.31,0.0,0.0,0.0,0.0,0.0,0.0,0.0,0.0,39.4866835518,39.486683551764244,70.80829810589753,,
1086,"(96561.64662271291, 756344.2244406069)",1667,1086,71.48688285490951,tetap,,0.0,Pekalipan,Pulasaren,Hak Milik,01667,0.0,Normal,0.0,Perumahan Sederhana,0.0,Lokal Setapak,1.0,0,71.48688285490951,Sama,0.0,1.31,0.0,0.0,0.0,0.0,0.0,0.0,0.0,0.0,39.6756552084,39.675655208433824,71.48688285490951,,
1087,"(96536.56278987614, 756161.2773101565)",1152,1087,68.33181680305168,tetap,,2694818.02512,Pekalipan,Pulasaren,Hak Milik,01152,3.99520006507,Normal,3.0,Perumahan Sederhana,2.0,Lokal Setapak,1.0,7913,68.33181680305168,Sama,2.0,3.41,1229.26665331,1835.51098324,2266.23061334,107.085370759,2088.01056005,39.6614947788,39.6614947791,2694818.02512,41.6945319671,41.6945319670791,68.33181680305168,,
1088,"(96604.94037343595, 756376.1211380087)",945,1088,149.37050835381646,tetap,,8364366.40389,Pekalipan,Pulasaren,Hak Milik,00945,11.0481966172,Normal,3.0,Perdagangan dan Jasa Kelas 1,7.0,Lokal Primer,3.0,7573,149.37050835381646,Sama,2.0,13.59,973.37095357,1794.39008109,2225.1097112,241.701578532,2360.02333913,55.8285074219,55.8285074197,8364366.40389,55.5334972113,55.53349721131228,149.37050835381646,,
1089,"(96604.22721452876, 756367.3023341418)",946,1089,121.51534779177183,tetap,,10969129.7742,Pekalipan,Pulasaren,Hak Milik,00946,6.56322256026,Normal,3.0,Perdagangan dan Jasa Kelas 1,7.0,Lokal Setapak,1.0,7833,121.51534779177183,Sama,2.0,1.31,1026.1691377,1802.97193127,2233.69156137,202.863349053,2321.18359544,53.7064271792,53.7064271807,10969129.7742,50.4522029252,50.45220292518185,121.51534779177183,,
1090,"(96606.26311011834, 756359.2424958962)",947,1090,123.7844657858045,tetap,,1310639.18619,Pekalipan,Pulasaren,Hak Milik,00947,8.04987493943,Normal,3.0,Perumahan Sederhana,2.0,Lokal Setapak,1.0,7834,123.7844657858045,Sama,2.0,1.31,1034.2722133,1811.07481666,2241.79444676,196.922403031,2315.24241154,46.1924519778,46.1924519799,1310639.18619,46.5584765087,46.558476508721846,123.7844657858045,,
1091,"(96454.47098898684, 756260.6246121727)",944,1091,186.87787733434456,tetap,,2427996.8471,Pekalipan,Pulasaren,Hak Guna Bangunan,00944,6.30220520516,Hook,4.0,Perumahan Sederhana,2.0,Lokal Setapak,1.0,7832,186.87787733434456,Sama,2.0,1.64,1338.0418019,1719.07487231,2149.79450241,219.052645302,2221.01987398,51.9042730528,51.904273058,2427996.8471,58.6180822667,58.61808226672657,186.87787733434456,,
1092,"(96783.13536855626, 756173.7608715208)",949,1092,565.6526758917868,tetap,,4035812.11274,Pekalipan,Pulasaren,Hak Milik,00949,9.23391296544,Tusuk Sate,2.0,Perumahan Menengah,3.0,Lokal Primer,1.0,7897,565.6526758917868,Sama,2.0,1.835479,932.952035594,2166.74492553,2545.02361341,392.740738197,2164.88562457,115.560372119,115.560372115,4035812.11274,114.273818695,114.27381869475433,565.6526758917868,,
1093,"(96327.04193149404, 756245.3773380242)",950,1093,62.40417923850397,tetap,,1486793.69212,Pekalipan,Pulasaren,Hak Milik,00950,3.29232965034,Normal,3.0,Perumahan Sederhana,2.0,Lokal Setapak,1.0,7835,62.40417923850397,Sama,2.0,1.835478594,1387.54782957,1580.44069635,2011.16032645,431.669999937,2314.20602675,30.024775868,30.0247758709,1486793.69212,32.0807533244,32.08075332441553,62.40417923850397,,
1094,"(96839.49396546415, 756290.8541672428)",1024,1094,387.00257561959927,tetap,,1301453.05101,Pekalipan,Pulasaren,Hak Guna Bangunan,01024,17.939644118,Normal,3.0,Perumahan Sederhana,2.0,Lokal Setapak,1.0,7766,387.00257561959927,Sama,2.0,1.85,894.182854483,2133.85498443,2582.24044983,574.275332287,2274.92898413,78.0499084784,78.0499084802,1301453.05101,78.887700603,78.88770060302322,387.00257561959927,,
1095,"(96962.18819871613, 756392.4315847232)",1040,1095,1005.8791889462806,tetap,,7615197.47645,Pekalipan,Pulasaren,Hak Guna Bangunan,01040,18.4193772231,Normal,3.0,Perdagangan dan Jasa Kelas 1,7.0,Lokal Primer,3.0,7745,1005.8791889462806,Sama,2.0,13.59,636.525227548,1993.44448415,2602.96336965,433.864832001,2385.76057519,146.491297911,146.491297911,7615197.47645,147.553023719,147.55302371943566,1005.8791889462806,,
1096,"(96994.05450803752, 756404.8272397155)",1052,1096,544.2049730393444,tetap,,7473771.80745,Pekalipan,Pulasaren,Hak Guna Bangunan,01052,15.4504820493,Normal,3.0,Perdagangan dan Jasa Kelas 1,7.0,Lokal Primer,3.0,7744,544.2049730393444,Sama,2.0,13.59,594.351770943,2010.94260954,2627.14033348,458.041795833,2343.58711858,99.9406398495,99.9406398484,7473771.80745,100.732400261,100.73240026050709,544.2049730393444,,
1097,"(96851.78139022205, 756309.7501473041)",1048,1097,115.51945915927969,tetap,,1018343.78225,Pekalipan,Pulasaren,Hak Guna Bangunan,01048,8.03934481279,Normal,3.0,Perumahan Sederhana,2.0,Lokal Setapak,1.0,7765,115.51945915927969,Sama,2.0,3.66,836.535847095,2076.20978776,2600.98516084,516.630135614,2294.30862632,44.8449317776,44.8449317755,1018343.78225,45.4999924689,45.499992468931175,115.51945915927969,,
1098,"(97000.64975138208, 756388.956907201)",1051,1098,838.1045281119581,tetap,,7477160.10002,Pekalipan,Pulasaren,Hak Milik,01051,9.63348410731,Normal,3.0,Perdagangan dan Jasa Kelas 1,7.0,Lokal Primer,3.0,7743,838.1045281119581,Sama,2.0,13.59,619.693848181,2036.28465575,2765.65707324,596.558535596,2251.62423052,174.740049515,174.740049511,7477160.10002,176.930345954,176.93034595380183,838.1045281119581,,
1099,"(96927.95083795041, 756403.1219294457)",1059,1099,725.3906568675349,tetap,,7710494.62665,Pekalipan,Pulasaren,Hak Guna Bangunan,01059,27.2005476677,Normal,3.0,Perdagangan dan Jasa Kelas 1,7.0,Lokal Primer,3.0,7746,725.3906568675349,Sama,2.0,13.59,655.607069363,1953.66997216,2555.90611236,394.090320012,2404.842417,109.515893615,109.51589361,7710494.62665,111.741490523,111.74149052263903,725.3906568675349,,
1100,"(96978.71698710987, 756397.4788746135)",1045,1100,654.9611729498997,tetap,,7545840.66702,Pekalipan,Pulasaren,Hak Guna Bangunan,01045,13.3603485707,Normal,3.0,Perdagangan dan Jasa Kelas 1,7.0,Lokal Primer,3.0,7742,654.9611729498997,Sama,2.0,13.59,616.727348146,2007.82056771,2617.33945321,448.240915558,2365.96269578,128.030988103,128.030988109,7545840.66702,128.087729187,128.08772918653045,654.9611729498997,,
1101,"(96736.0009253311, 756353.8890185861)",1039,1101,210.68186955637023,tetap,,2343302.39605,Pekalipan,Pulasaren,Hak Milik,01039,10.221537926,Normal,3.0,Perumahan Sederhana,2.0,Lokal Setapak,1.0,7740,210.68186955637023,Sama,2.0,1.835478594,966.770457248,2022.25253937,2452.97216947,444.042157879,2216.18864876,49.9527932018,49.9527932018,2343302.39605,58.2232364862,58.22323648621862,210.68186955637023,,
1102,"(96747.02881002708, 756354.633057886)",1038,1102,55.25315130931559,tetap,,2321722.16016,Pekalipan,Pulasaren,Hak Milik,01038,12.7246033261,Hook,4.0,Perumahan Sederhana,2.0,Lokal Setapak,1.0,7739,55.25315130931559,Sama,2.0,1.835478594,952.964406973,2008.44683415,2439.16646425,455.758331587,2228.3046099,57.3505342833,57.350534287,2321722.16016,30.7186058896,30.71860588955894,55.25315130931559,,
1103,"(96791.52122941561, 756315.9015784336)",1060,1103,211.00031415741307,tetap,,1128895.66594,Pekalipan,Pulasaren,Hak Guna Bangunan,01060,6.56611278063,Tusuk Sate,2.0,Perumahan Sederhana,2.0,Lokal Setapak,1.0,7762,211.00031415741307,Sama,2.0,1.85,974.201364797,2066.57713848,2497.29676858,513.888635911,2305.84777568,60.3160327008,60.3160327028,1128895.66594,61.2821054179,61.2821054178881,211.00031415741307,,
1104,"(96527.62588526003, 756342.2540087454)",1081,1104,122.52680213355002,tetap,,9459385.80269,Pekalipan,Pulasaren,Kosong,01081,6.37780761199,Normal,3.0,Perdagangan dan Jasa Kelas 1,7.0,Lokal Primer,3.0,6816,122.52680213355002,Sama,2.0,12.785432656,1127.46730008,1735.82817104,2166.54780114,240.093876462,2242.06137191,83.8523156672,83.8523156676,9459385.80269,55.7007908668,55.70079086684556,122.52680213355002,,
1105,"(96532.09737187462, 756363.8014354482)",1082,1105,49.35055544949314,tetap,,8450366.37581,Pekalipan,Pulasaren,Kosong,01082,3.3444979798,Normal,3.0,Perdagangan dan Jasa Kelas 1,7.0,Lokal Primer,3.0,6815,49.35055544949314,Sama,2.0,13.59,1049.48552047,1723.94107848,2154.66070858,273.598990171,2310.68434305,78.0069386611,78.0069386631,8450366.37581,35.8040419815,35.80404198146462,49.35055544949314,,
1106,"(96756.58274836541, 756351.064076656)",1076,1106,49.30421326577929,tetap,,2272380.11484,Pekalipan,Pulasaren,Kosong,01076,19.5411817202,Hook,4.0,Perumahan Sederhana,2.0,Lokal Setapak,1.0,6810,49.30421326577929,Sama,2.0,1.835478594,925.793015698,1981.27613271,2411.99576281,428.587630144,2320.92525355,318.500178117,318.500178119,2272380.11484,87.5399766667,87.53997666667556,49.30421326577929,,
1107,"(96492.2359096516, 756349.2488311367)",1083,1107,430.2006405677494,tetap,,9389383.26702,Pekalipan,Pulasaren,Kosong,01083,9.81902863044,Hook,4.0,Perdagangan dan Jasa Kelas 1,7.0,Lokal Primer,3.0,7233,430.2006405677494,Sama,2.0,12.785432656,1110.73578089,1719.09704226,2149.81667236,240.432809842,2242.40061253,253.345033853,253.345033858,9389383.26702,96.7918396284,96.79183962841712,430.2006405677494,,
1108,"(96506.22544435399, 756189.6220017503)",1086,1108,63.29038119075599,tetap,,1819585.24804,Pekalipan,Pulasaren,Kosong,01086,4.88055138238,Normal,3.0,Perumahan Sederhana,2.0,Lokal Setapak,1.0,7235,63.29038119075599,Sama,2.0,1.835479,1274.87453504,1813.60085135,2244.32048145,152.691744398,2133.61844178,86.1278337821,86.1278337879,1819585.24804,32.0314779771,32.03147797711066,63.29038119075599,,
1109,"(96511.26715011161, 755840.2353856887)",1110,1109,180.55743468692458,tetap,,5275736.41038,Pekalipan,Pulasaren,Kosong,01110,12.6976505621,Normal,3.0,Perumahan Mewah,4.0,Lokal Setapak,1.0,7222,180.55743468692458,Sama,2.0,1.835478594,1442.0319448,1751.77500545,1993.05952148,524.59965492,1699.03676424,54.6026121009,54.6026121041,5275736.41038,54.2716420234,54.27164202344518,180.55743468692458,,
1110,"(96383.60534230305, 755818.2871406616)",1112,1110,103.22957479540597,tetap,,5131834.32761,Pekalipan,Pulasaren,Kosong,01112,12.8349085469,Normal,3.0,Perumahan Mewah,4.0,Lokal Setapak,1.0,8046,103.22957479540597,Sama,2.0,1.52,1577.28204816,1614.05186842,1855.33638446,659.845270058,1590.85141531,51.4862690483,51.4862690505,5131834.32761,41.7995104739,41.79951047394229,103.22957479540597,,
1111,"(96843.79003569421, 756253.5947481146)",1071,1111,105.21109927910669,tetap,,1331218.42104,Pekalipan,Pulasaren,Kosong,01071,15.4409692662,Normal,3.0,Perumahan Sederhana,2.0,Lokal Setapak,1.0,7218,105.21109927910669,Sama,2.0,0.5,905.66644853,2145.33855904,2593.07157922,585.758906895,2286.41257817,78.6580690177,78.6580690183,1331218.42104,42.481605052,42.481605052040365,105.21109927910669,,
1112,"(96841.94174391699, 756223.1327395177)",1069,1112,63.46269427401413,tetap,,4056444.30226,Pekalipan,Pulasaren,Kosong,01069,12.0636963594,Normal,3.0,Perumahan Menengah,3.0,Lokal Setapak,1.0,6809,63.46269427401413,Sama,2.0,1.835479,956.654636996,2212.73942392,2643.45905402,500.123777126,2272.27124846,686.331688776,686.33168876,4056444.30226,32.054453272,32.0544532720068,63.46269427401413,,
1113,"(96745.99442577382, 756194.1509676513)",1072,1113,137.7507171969003,tetap,,1504924.50786,Pekalipan,Pulasaren,Kosong,01072,8.49681948626,Normal,3.0,Perumahan Sederhana,2.0,Lokal Setapak,1.0,7212,137.7507171969003,Sama,2.0,1.835478594,1022.81889888,2145.29500237,2543.10847024,390.825595026,2162.97039699,47.3851829764,47.3851829763,1504924.50786,47.3194880807,47.319488080719545,137.7507171969003,,
1114,"(96382.56519317496, 756318.6757258509)",1092,1114,132.29373887766133,tetap,,8796332.46807,Pekalipan,Pulasaren,Kosong,01092,28.0300705427,Normal,3.0,Perdagangan dan Jasa Kelas 1,7.0,Lokal Setapak,1.0,7206,132.29373887766133,Sama,2.0,3.78,1257.41333548,1604.33078941,2035.05041951,340.736673336,2288.91356461,221.450472419,221.450472417,8796332.46807,56.6653457986,56.6653457985869,132.29373887766133,,
1115,"(96373.45828470644, 756229.8467161942)",1093,1115,318.14811282914843,tetap,,2395765.9705,Pekalipan,Pulasaren,Kosong,01093,6.4286161565,Hook,4.0,Perumahan Sederhana,2.0,Lokal Setapak,1.0,7207,318.14811282914843,Sama,2.0,1.835479,1330.90028606,1661.11183522,2091.83146532,359.755266517,2287.23534201,112.927301824,112.927301823,2395765.9705,111.534203114,111.53420311381655,318.14811282914843,,
1116,"(96399.36247601276, 756152.7688908833)",1096,1116,33.237829676181214,tetap,,1491207.10033,Pekalipan,Pulasaren,Kosong,01096,14.3129386584,Normal,3.0,Perumahan Sederhana,2.0,Lokal Setapak,1.0,7211,33.237829676181214,Sama,2.0,1.835479,1377.13476356,1675.71044737,2106.43007747,264.862221384,2160.30228364,34.8361377717,34.8361377704,1491207.10033,33.7032972603,33.703297260346154,33.237829676181214,,
1117,"(96401.01017777812, 756197.8123092089)",1098,1117,52.032113071002065,tetap,,1665407.16002,Pekalipan,Pulasaren,Kosong,01098,5.77287263012,Normal,3.0,Perumahan Sederhana,2.0,Lokal Setapak,1.0,7209,52.032113071002065,Sama,2.0,1.835479,1387.82183299,1677.24638386,2107.96601396,270.312609401,2202.01612171,29.7465943178,29.7465943231,1665407.16002,29.3141606252,29.314160625247915,52.032113071002065,,
1118,"(96272.62913158268, 756250.5356694493)",1103,1118,113.57160539052904,tetap,,0.0,Pekalipan,Pulasaren,Kosong,01103,0.0,Normal,0.0,Perumahan Sederhana,0.0,Lokal Setapak,1.0,0,113.57160539052904,Sama,0.0,1.835478594,0.0,0.0,0.0,0.0,0.0,0.0,0.0,0.0,44.4694802641,44.46948026409901,113.57160539052904,,
1119,"(96401.85662708918, 755988.9732308273)",1106,1119,125.03691278545007,tetap,,1467262.74754,Pekalipan,Pulasaren,Kosong,01106,11.9943338513,Normal,3.0,Perumahan Sederhana,2.0,Lokal Setapak,1.0,7203,125.03691278545007,Sama,2.0,1.835479,1704.26745813,1756.42215488,2080.71312337,645.742503757,1816.23565541,46.6971851255,46.6971851239,1467262.74754,44.8978386556,44.89783865564329,125.03691278545007,,
1120,"(96363.11833211881, 755862.6309149199)",1114,1120,145.66984936152556,tetap,,1312565.29975,Pekalipan,Pulasaren,Kosong,01114,5.11020444583,Hook,4.0,Perumahan Sederhana,2.0,Lokal Setapak,1.0,6828,145.66984936152556,Sama,2.0,1.52,1669.57832664,1683.77297194,1925.05748798,694.36895248,1660.574991,54.0006489765,54.0006489803,1312565.29975,52.0068530816,52.00685308157366,145.66984936152556,,
1121,"(96977.17011340686, 756321.8758834524)",1062,1121,2869.7304582996476,tetap,,1652022.13355,Pekalipan,Pulasaren,Kosong,01062,10.7434246308,Normal,3.0,Perumahan Sederhana,2.0,Lokal Setapak,1.0,6820,2869.7304582996476,Sama,2.0,1.835479,924.65747925,2164.33038532,2689.1057584,604.750733174,2327.86361223,305.04261924,305.042619245,1652022.13355,307.36245986,307.3624598596267,2869.7304582996476,,
1122,"(96933.40160489525, 756321.7607572442)",1068,1122,15.823743673083081,tetap,,2254293.12306,Pekalipan,Pulasaren,Kosong,01068,3.76744597828,Normal,3.0,Perumahan Sederhana,2.0,Lokal Setapak,1.0,7230,15.823743673083081,Sama,2.0,1.835479,885.588098947,2125.26102646,2650.03639954,565.681374315,2290.7704998,22.5487976316,22.5487976301,2254293.12306,16.2156850472,16.215685047176326,15.823743673083081,,
1123,"(96361.75741201676, 756327.5744916669)",1090,1123,111.77850230410729,tetap,,8762204.44162,Pekalipan,Pulasaren,Kosong,01090,10.5574811743,Hook,4.0,Perdagangan dan Jasa Kelas 1,7.0,Lokal Primer,1.0,7204,111.77850230410729,Sama,2.0,3.78,1221.21908814,1568.13747808,1998.85710819,365.91539454,2301.90276802,122.322318979,122.322318977,8762204.44162,61.4374897986,61.43748979864902,111.77850230410729,,
1124,"(96370.14058646778, 756310.2976695234)",1091,1124,130.3523544173995,tetap,,0.0,Pekalipan,Pulasaren,Kosong,01091,0.0,Normal,0.0,Perumahan Sederhana,0.0,Lokal Setapak,1.0,0,130.3523544173995,Sama,0.0,3.78,0.0,0.0,0.0,0.0,0.0,0.0,0.0,0.0,46.449434457,46.449434457035835,130.3523544173995,,
1125,"(96719.75141920295, 756145.9631431487)",1074,1125,305.90880015545144,tetap,,4156799.37566,Pekalipan,Pulasaren,Kosong,01074,14.1809727744,Normal,3.0,Perumahan Menengah,3.0,Lokal Sekunder,2.0,6806,305.90880015545144,Sama,2.0,2.69,1016.28563599,2075.2662329,2453.54492079,301.262045578,2073.4038496,80.1206667945,80.1206667919,4156799.37566,76.8862290661,76.8862290661316,305.90880015545144,,
1126,"(96329.52302777328, 756206.4537261461)",1094,1126,65.64002801284788,tetap,,2397741.00126,Pekalipan,Pulasaren,Kosong,01094,4.92613000277,Normal,3.0,Perumahan Sederhana,2.0,Lokal Setapak,1.0,7205,65.64002801284788,Sama,2.0,1.835479,1381.79149426,1625.75327752,2056.47290762,356.432471208,2251.87542358,140.007675696,140.007675699,2397741.00126,32.8233918416,32.82339184162674,65.64002801284788,,
1127,"(96400.40612986645, 756185.383288967)",1097,1127,25.368199506513538,tetap,,1663771.46719,Pekalipan,Pulasaren,Kosong,01097,10.6601882991,Normal,3.0,Perumahan Sederhana,2.0,Lokal Setapak,1.0,7223,25.368199506513538,Sama,2.0,1.835479,1395.02686878,1672.70887008,2103.42850018,277.517458827,2209.2211575,29.3190509777,29.3190509733,1663771.46719,30.7485763962,30.748576396221473,25.368199506513538,,
1128,"(96422.46217797481, 756145.018441521)",1099,1128,124.30521186125792,tetap,,1417516.20782,Pekalipan,Pulasaren,Kosong,01099,5.67947776549,Normal,3.0,Perumahan Sederhana,2.0,Lokal Setapak,1.0,7224,124.30521186125792,Sama,2.0,1.835479,1366.62937767,1705.16548663,2135.88511673,254.357162595,2169.90453583,54.0020780979,54.0020780968,1417516.20782,54.0031938842,54.00319388419618,124.30521186125792,,
1129,"(96451.06062804574, 756122.7537483582)",1101,1129,429.3804937709785,tetap,,1489874.34133,Pekalipan,Pulasaren,Kosong,01101,18.8074264777,Tusuk Sate,2.0,Perumahan Sederhana,2.0,Lokal Setapak,1.0,7225,429.3804937709785,Sama,2.0,3.41,1341.11404081,1742.53132416,2173.25095426,278.059499373,2105.41853697,92.4350670692,92.4350670679,1489874.34133,91.6112909651,91.61129096507771,429.3804937709785,,
1130,"(96636.4097682989, 756275.7609674934)",1079,1130,283.0170388389358,tetap,,1713680.03797,Pekalipan,Pulasaren,Kosong,01079,6.46743763892,Normal,3.0,Perumahan Sederhana,2.0,Lokal Setapak,1.0,7201,283.0170388389358,Sama,2.0,1.835479,1156.15624222,1908.12413062,2338.84376073,85.533923721,2203.8501223,240.586806807,240.586806803,1713680.03797,69.0853017789,69.08530177886581,283.0170388389358,,
1131,"(96880.25427490148, 756211.5365702518)",1067,1131,410.6988709634786,tetap,,2560329.47402,Pekalipan,Pulasaren,Kosong,01067,15.9360644215,Normal,3.0,Perumahan Sederhana,2.0,Lokal Sekunder,2.0,6808,410.6988709634786,Sama,2.0,1.835479,844.76836329,2166.50663455,2683.79428716,531.511411941,2164.27101959,83.6093456825,83.6093456799,2560329.47402,83.5136229654,83.51362296536036,410.6988709634786,,
1132,"(96365.50708349799, 755814.4113030661)",1113,1132,109.97072711244152,tetap,,5107120.31602,Pekalipan,Pulasaren,Hak Milik,00486,3.83914600143,Normal,3.0,Perumahan Sederhana,2.0,Lokal Setapak,1.0,7565,109.97072711244152,Sama,2.0,1.52,1369.5199216,1699.57493789,2130.29456799,252.011332298,2183.71421032,32.0589980602,32.0589980627,1681314.6762,47.1165963702,47.11670484703357,109.97072711244152,,
1133,"(96889.11087047488, 756355.8468618358)",1065,1133,307.2961047562091,tetap,,2403399.75782,Pekalipan,Pulasaren,Kosong,01065,20.7091898504,Normal,3.0,Perumahan Sederhana,2.0,Lokal Sekunder,2.0,6817,307.2961047562091,Sama,2.0,1.835479,796.889850732,2036.56549599,2561.34086908,476.985843844,2311.71043237,131.880134081,131.880134078,2403399.75782,128.422658429,128.42265842886292,307.2961047562091,,
1134,"(96534.81798073876, 756239.1052424803)",1084,1134,133.29692012726267,tetap,,9589471.19586,Pekalipan,Pulasaren,Kosong,01084,14.5758737538,Hook,4.0,Perdagangan dan Jasa Kelas 1,7.0,Lokal Primer,1.0,6822,133.29692012726267,Sama,2.0,1.64,1243.63368539,1811.73837656,2242.45800666,124.647549042,2126.61175746,44.3102455478,44.3102455433,9589471.19586,45.7657155128,45.76571551284529,133.29692012726267,,
1135,"(96506.5864192075, 756225.1849600783)",1085,1135,687.8386254106476,tetap,,9578003.53708,Pekalipan,Pulasaren,Kosong,01085,8.01697272744,Normal,3.0,Perdagangan dan Jasa Kelas 1,7.0,Lokal Setapak,1.0,6823,687.8386254106476,Sama,2.0,1.64,1281.16514819,1787.40535028,2218.12498038,162.178052049,2164.14322026,208.009942546,208.009942552,9578003.53708,170.487906492,170.4879064924957,687.8386254106476,,
1136,"(96471.03559476475, 756188.5328911502)",1087,1136,85.46374281798829,tetap,,1802851.23741,Pekalipan,Pulasaren,Kosong,01087,7.72562400393,Normal,3.0,Perumahan Sederhana,2.0,Lokal Setapak,1.0,6825,85.46374281798829,Sama,2.0,1.835479,1319.94090624,1788.31113817,2219.03076827,184.739415561,2178.68481298,66.6970684496,66.6970684519,1802851.23741,37.8332232386,37.83322323861096,85.46374281798829,,
1137,"(96451.7805092734, 756232.2567881363)",1088,1137,229.41803845174138,tetap,,1740959.36363,Pekalipan,Pulasaren,Kosong,01088,9.71393397207,Normal,3.0,Perumahan Sederhana,2.0,Lokal Setapak,1.0,6826,229.41803845174138,Sama,2.0,1.835479,1344.00416476,1725.92171824,2156.64134834,225.014976455,2226.98223684,67.1398128184,67.1398128199,1740959.36363,66.7572377881,66.75723778812859,229.41803845174138,,
1138,"(96433.59788205451, 756274.5711214733)",1089,1138,35.40714415842139,tetap,,1197724.43884,Pekalipan,Pulasaren,Kosong,01089,3.71695471088,Normal,3.0,Perumahan Sederhana,2.0,Lokal Setapak,1.0,6827,35.40714415842139,Sama,2.0,1.64,1347.39915065,1694.31346072,2125.03309082,243.513579706,2245.48163685,32.530442785,32.5304427869,1197724.43884,27.7222690874,27.722269087428565,35.40714415842139,,
1139,"(96424.29218252779, 755837.2160811023)",1117,1139,62.30198829910852,tetap,,1328900.7282,Pekalipan,Pulasaren,Kosong,01117,3.817854162,Tusuk Sate,2.0,Perumahan Sederhana,2.0,Lokal Setapak,1.0,6625,62.30198829910852,Sama,2.0,1.52,1602.02451787,1699.35589913,1940.64041517,684.586831053,1676.15837633,37.0470083469,37.047008346,1328900.7282,34.9425037153,34.94250371531795,62.30198829910852,,
1140,"(96244.09867829601, 756199.5740620882)",1141,1140,18.283792421694024,tetap,,1470077.41977,Pekalipan,Pulasaren,Kosong,01141,3.78637064866,Normal,3.0,Perumahan Sederhana,2.0,Lokal Setapak,1.0,6621,18.283792421694024,Sama,2.0,1.835478594,1569.34025261,1492.25725356,1922.97688366,381.577602437,2165.9629155,28.2652691724,28.2652691729,1470077.41977,17.2736811736,17.273681173570175,18.283792421694024,,
1141,"(96366.74000808373, 756197.6963296116)",1125,1141,18.609784215991557,tetap,,1554317.70065,Pekalipan,Pulasaren,Kosong,01125,8.22361572644,Normal,3.0,Perumahan Sederhana,2.0,Lokal Setapak,1.0,6787,18.609784215991557,Sama,2.0,1.835479,1368.76220865,1646.39771131,2077.11734141,377.076904999,2272.52034861,32.0825834849,32.0825834862,1554317.70065,28.2638618344,28.263861834400558,18.609784215991557,,
1142,"(96688.4699008974, 756179.835515452)",1135,1142,531.5920799951346,tetap,,2474367.83806,Pekalipan,Pulasaren,Kosong,01135,13.4418852363,Normal,3.0,Perumahan Sederhana,2.0,Lokal Sekunder,2.0,7732,531.5920799951346,Sama,2.0,2.69,1057.12971159,2116.10923669,2494.38792458,342.105049371,2114.2479252,96.2219965447,96.2219965435,2474367.83806,96.6527833712,96.6527833712323,531.5920799951346,,
1143,"(96746.82804494926, 756334.9428018382)",1144,1143,85.10941630649357,tetap,,2280047.03194,Pekalipan,Pulasaren,Kosong,01144,5.57775903664,Normal,3.0,Perumahan Sederhana,2.0,Lokal Setapak,1.0,7911,85.10941630649357,Sama,2.0,1.835478594,932.545343163,1988.0285335,2418.7481636,435.34003094,2252.06254047,157.27854182,157.278541828,2280047.03194,40.1949318638,40.194931863797905,85.10941630649357,,
1144,"(96389.58686214278, 756246.0830208043)",951,1144,147.41945271053274,tetap,,3746850.38511,Pekalipan,Pulasaren,Hak Milik,00951,8.02290154566,Normal,3.0,Perumahan Menengah,3.0,Lokal Setapak,1.0,7898,147.41945271053274,Sama,2.0,3.78,1313.79698517,1660.71250974,2091.43213985,287.193456151,2232.26142456,51.7617756515,51.7617756502,3746850.38511,53.3633800797,53.36338007965553,147.41945271053274,,
1145,"(96348.32509143882, 756071.4993129097)",1148,1145,27.123019629642123,tetap,,1494260.1764,Pekalipan,Pulasaren,Kosong,01148,6.67528353356,Normal,3.0,Perumahan Sederhana,2.0,Lokal Setapak,1.0,7861,27.123019629642123,Sama,2.0,2.0,1808.14171142,1663.64069789,2094.36032799,552.961046767,1920.1099087,29.7306345361,29.7306345321,1494260.1764,21.9161893944,21.91618939438737,27.123019629642123,,
1146,"(96538.11322372599, 756082.864184064)",1145,1146,66.67046719143487,tetap,,1473698.38056,Pekalipan,Pulasaren,Kosong,01145,6.1395144621,Normal,3.0,Perumahan Sederhana,2.0,Lokal Setapak,1.0,6818,66.67046719143487,Sama,2.0,1.835479,1184.15287388,1865.19105205,2295.91068216,206.261374144,2042.89678062,38.7803196487,38.7803196481,1473698.38056,34.5373345678,34.53733456781956,66.67046719143487,,
1147,"(96439.58795956543, 756202.9581948307)",120,1147,103.82737927370528,tetap,,3846507.14854,Pekalipan,Pulasaren,Hak Milik,00120,8.36626801441,Hook,4.0,Perumahan Menengah,3.0,Lokal Setapak,1.0,7848,103.82737927370528,Sama,2.0,3.78,1350.19947944,1716.61561435,2147.33524445,237.927641262,2164.39376816,41.0665009627,41.0665009651,3846507.14854,41.6133349594,41.61333495937465,103.82737927370528,,
1148,"(96495.35984223292, 756187.010092398)",1149,1148,73.41231668323536,tetap,,1802148.22592,Pekalipan,Pulasaren,Kosong,01149,4.61920956455,Normal,3.0,Perumahan Sederhana,2.0,Lokal Setapak,1.0,7789,73.41231668323536,Sama,2.0,1.835479,1290.90706191,1798.59649776,2229.31612786,168.723750364,2149.65096865,40.3035239978,40.3035239976,1802148.22592,40.3050270401,40.30502704008847,73.41231668323536,,
1149,"(96730.57673581727, 756232.9772194606)",1651,1149,415.0656240638186,tetap,,2467521.35773,Pekalipan,Pulasaren,Hak Milik,01651,14.7143935041,Normal,3.0,Perumahan Sederhana,2.0,Lokal Sekunder,2.0,7822,415.0656240638186,Sama,2.0,2.69,1035.81475911,2091.2948769,2522.014507,393.398052101,2165.54265246,112.780850491,112.780850492,2467521.35773,107.336845944,107.3368459436767,415.0656240638186,,
1150,"(96534.6720679104, 756193.12110401)",1814,1150,176.02963446150858,tetap,,0.0,Pekalipan,Pulasaren,Hak Milik,01814,0.0,Normal,0.0,Perdagangan dan Jasa Kelas 1,0.0,Lokal Primer,1.0,0,176.02963446150858,Sama,0.0,0.8,0.0,0.0,0.0,0.0,0.0,0.0,0.0,0.0,81.4784388376,81.47843883756872,176.02963446150858,,
1151,"(96756.60346724631, 756387.2903456456)",1752,1151,303.4718624903826,tetap,,0.0,Pekalipan,Pulasaren,Hak Milik,01752,0.0,Normal,0.0,Perdagangan dan Jasa Kelas 1,0.0,Lokal Primer,3.0,0,303.4718624903826,Sama,0.0,13.59,0.0,0.0,0.0,0.0,0.0,0.0,0.0,0.0,72.6966205,72.69662050004673,303.4718624903826,,
1152,"(96952.45968041441, 756204.8936391829)",1154,1152,112.8039761171146,tetap,,0.0,Pekalipan,Pulasaren,Kosong,01154,0.0,Normal,0.0,Perumahan Menengah,0.0,Lokal Primer,1.0,0,112.8039761171146,Sama,0.0,1.835479,0.0,0.0,0.0,0.0,0.0,0.0,0.0,0.0,51.0543712244,51.05437122440797,112.8039761171146,,
1153,"(96981.4701598717, 756211.911509618)",1156,1153,99.00327849653738,tetap,,0.0,Pekalipan,Pulasaren,Kosong,01156,0.0,Normal,0.0,Perumahan Menengah,0.0,Lokal Primer,1.0,0,99.00327849653738,Sama,0.0,1.835479,0.0,0.0,0.0,0.0,0.0,0.0,0.0,0.0,49.7753679387,49.77536793865558,99.00327849653738,,
1154,"(96906.31984312153, 756265.4579718292)",1151,1154,135.97177544453243,tetap,,2515568.41177,Pekalipan,Pulasaren,Hak Milik,01151,6.11787954552,Normal,3.0,Perumahan Sederhana,2.0,Lokal Sekunder,1.0,7915,135.97177544453243,Sama,2.0,1.835479,861.009122228,2147.83809885,2672.61347194,588.258446705,2243.67403004,46.1211346417,46.1211346395,2515568.41177,55.4339706681,55.433970668111456,135.97177544453243,,
1155,"(96380.35844666936, 755831.3158671848)",1679,1155,116.01813784496208,tetap,,1287473.2025,Pekalipan,Pulasaren,Hak Guna Bangunan,01679,4.9036463978,Normal,3.0,Perumahan Sederhana,2.0,Lokal Setapak,1.0,6664,116.01813784496208,Sama,2.0,1.52,1644.1645643,1660.61223746,1901.8967535,726.72553654,1637.41331614,46.9946031898,46.9946031889,1287473.2025,47.4642872978,47.46428729780363,116.01813784496208,,
1156,"(96312.70706622944, 756212.6108165671)",759,1156,152.0459991978987,tetap,,1376737.20577,Pekalipan,Pulasaren,Hak Milik,00759,9.84612608273,Normal,3.0,Perumahan Sederhana,2.0,Lokal Setapak,1.0,6947,152.0459991978987,Sama,2.0,1.835479,1427.74855777,1570.60754217,2001.32717227,372.633713333,2268.0773459,53.662311331,53.6623113322,1376737.20577,52.2016978996,52.201697899587884,152.0459991978987,,
1157,"(96564.80051231667, 756306.118281931)",252,1157,25.881887797620067,tetap,,1630540.97769,Pekalipan,Pulasaren,Hak Milik,00252,7.03044026525,Normal,3.0,Perumahan Sederhana,2.0,Lokal Setapak,1.0,6902,25.881887797620067,Sama,2.0,0.81,1112.56257357,1889.36226997,2320.08190008,153.333696713,2271.65269406,32.9274381836,32.927438183,1630540.97769,22.317532295,22.317532295005957,25.881887797620067,,
1158,"(96573.83795177565, 756368.1434315719)",727,1158,255.44549885507013,tetap,,8456648.18219,Pekalipan,Pulasaren,Hak Wakaf,00727,12.9786795879,Hook,4.0,Perdagangan dan Jasa Kelas 1,7.0,Lokal Setapak,1.0,7078,255.44549885507013,Sama,2.0,1.31,1013.70666506,1790.50946843,2221.22909853,193.566004143,2311.88627446,91.5482353408,91.5482353447,8456648.18219,69.1274676276,69.12746762755218,255.44549885507013,,
1159,"(96632.44045545136, 756227.4986628245)",201,1159,183.11623223550788,tetap,,1541826.94289,Pekalipan,Pulasaren,Hak Milik,00201,3.66594152261,Normal,3.0,Perumahan Sederhana,2.0,Lokal Setapak,1.0,6927,183.11623223550788,Sama,2.0,1.37,1176.9515237,1928.91829717,2359.63792727,34.9454831518,2153.2605928,67.9723871582,67.9723871574,1541826.94289,68.1253733447,68.12537334469955,183.11623223550788,,
1160,"(96604.62911727278, 756290.5615571219)",2846,1160,155.00459485686713,tetap,,0.0,Pekalipan,Pulasaren,Hak Milik,02846,0.0,Normal,0.0,Perumahan Sederhana,0.0,Lokal Setapak,1.0,0,155.00459485686713,Sama,0.0,1.835479,0.0,0.0,0.0,0.0,0.0,0.0,0.0,0.0,54.7158835372,54.71588353715704,155.00459485686713,,
1161,"(96764.57096260996, 756346.7549683037)",373,1161,56.60974380199263,tetap,,1356165.74399,Pekalipan,Pulasaren,Hak Milik,00373,4.68658792977,Normal,3.0,Perumahan Sederhana,2.0,Lokal Setapak,1.0,6676,56.60974380199263,Sama,2.0,1.835478594,933.148769276,1988.63175819,2419.3513883,435.943255632,2328.28100713,30.9321289067,30.9321289095,1356165.74399,31.3600355947,31.360035594706204,56.60974380199263,,
1162,"(96287.90556810348, 756233.8336349293)",1817,1162,12.690503323196708,tetap,,0.0,Pekalipan,Pulasaren,Kosong,01817,0.0,Normal,0.0,Perumahan Sederhana,0.0,Lokal Setapak,1.0,0,12.690503323196708,Sama,0.0,1.835478594,0.0,0.0,0.0,0.0,0.0,0.0,0.0,0.0,14.8466559301,14.846655930064042,12.690503323196708,,
1163,"(96240.620048872, 756235.1361893637)",1819,1163,346.40184730229157,tetap,,0.0,Pekalipan,Pulasaren,Kosong,01819,0.0,Normal,0.0,Perumahan Sederhana,0.0,Lokal Setapak,1.0,0,346.40184730229157,Sama,0.0,1.835478594,0.0,0.0,0.0,0.0,0.0,0.0,0.0,0.0,223.634302134,223.6343021339621,346.40184730229157,,
1164,"(96694.8700720396, 756134.5503356636)",1851,1164,56.0578728170579,tetap,,0.0,Pekalipan,Pulasaren,Hak Milik,01851,0.0,Normal,0.0,Perumahan Menengah,0.0,Lokal Primer,3.0,0,56.0578728170579,Sama,0.0,5.61562564474,0.0,0.0,0.0,0.0,0.0,0.0,0.0,0.0,33.9875273237,33.98752732368674,56.0578728170579,,
1165,"(96690.66290617018, 756133.9276949383)",1852,1165,50.19404260246716,tetap,,0.0,Pekalipan,Pulasaren,Hak Milik,01852,0.0,Normal,0.0,Perumahan Menengah,0.0,Lokal Primer,3.0,0,50.19404260246716,Sama,0.0,5.61562564474,0.0,0.0,0.0,0.0,0.0,0.0,0.0,0.0,33.1727396421,33.17273964212361,50.19404260246716,,
1166,"(96467.92497191887, 755871.625906557)",1674,1166,47.638190063037136,tetap,,0.0,Pekalipan,Pulasaren,Hak Milik,01674,0.0,Normal,0.0,Perumahan Sederhana,0.0,Lokal Setapak,1.0,0,47.638190063037136,Sama,0.0,1.835478594,0.0,0.0,0.0,0.0,0.0,0.0,0.0,0.0,28.1846461575,28.184646157467398,47.638190063037136,,
1167,"(96570.66306523056, 756307.4048539518)",1849,1167,17.80522321980913,tetap,,0.0,Pekalipan,Pulasaren,Hak Milik,01849,0.0,Normal,0.0,Perumahan Sederhana,0.0,Lokal Setapak,1.0,0,17.80522321980913,Sama,0.0,0.81,0.0,0.0,0.0,0.0,0.0,0.0,0.0,0.0,18.4783846912,18.478384691158148,17.80522321980913,,
1168,"(96568.08456470145, 756306.0762487085)",1850,1168,15.881470706694364,tetap,,0.0,Pekalipan,Pulasaren,Hak Milik,01850,0.0,Normal,0.0,Perumahan Sederhana,0.0,Lokal Setapak,1.0,0,15.881470706694364,Sama,0.0,0.81,0.0,0.0,0.0,0.0,0.0,0.0,0.0,0.0,18.6132114898,18.613211489819516,15.881470706694364,,
1169,"(96572.84241320315, 756356.5262814428)",1675,1169,122.64466895321586,tetap,,0.0,Pekalipan,Pulasaren,Hak Milik,01675,0.0,Normal,0.0,Perumahan Sederhana,0.0,Lokal Setapak,1.0,0,122.64466895321586,Sama,0.0,1.31,0.0,0.0,0.0,0.0,0.0,0.0,0.0,0.0,52.0505611055,52.05056110550744,122.64466895321586,,
1170,"(96564.0168752663, 756362.8718076308)",1676,1170,22.57578191445231,tetap,,0.0,Pekalipan,Pulasaren,Hak Milik,01676,0.0,Normal,0.0,Perumahan Sederhana,0.0,Lokal Setapak,1.0,0,22.57578191445231,Sama,0.0,1.31,0.0,0.0,0.0,0.0,0.0,0.0,0.0,0.0,21.5964154051,21.596415405072886,22.57578191445231,,
1171,"(96567.21696775316, 756374.3834676683)",1677,1171,43.04563519672501,tetap,,0.0,Pekalipan,Pulasaren,Hak Milik,01677,0.0,Normal,0.0,Perdagangan dan Jasa Kelas 1,0.0,Lokal Primer,3.0,0,43.04563519672501,Sama,0.0,13.59,0.0,0.0,0.0,0.0,0.0,0.0,0.0,0.0,26.5693818604,26.569381860431086,43.04563519672501,,
1172,"(96977.27352144817, 756237.8194736795)",1754,1172,161.53712606705326,tetap,,0.0,Pekalipan,Pulasaren,Kosong,01754,0.0,Normal,0.0,Perumahan Sederhana,0.0,Lokal Setapak,1.0,0,161.53712606705326,Sama,0.0,1.835479,0.0,0.0,0.0,0.0,0.0,0.0,0.0,0.0,56.9164055614,56.916405561382874,161.53712606705326,,
1173,"(96669.02209017963, 756199.5423361396)",1755,1173,224.3263110954696,tetap,,0.0,Pekalipan,Pulasaren,Kosong,01755,0.0,Normal,0.0,Perumahan Sederhana,0.0,Lokal Setapak,1.0,0,224.3263110954696,Sama,0.0,1.835479,0.0,0.0,0.0,0.0,0.0,0.0,0.0,0.0,91.1686480397,91.16864803968588,224.3263110954696,,
1174,"(96489.17073213133, 756269.8854335186)",1756,1174,153.71858501638968,tetap,,0.0,Pekalipan,Pulasaren,Kosong,01756,0.0,Normal,0.0,Perumahan Sederhana,0.0,Lokal Setapak,1.0,0,153.71858501638968,Sama,0.0,1.64,0.0,0.0,0.0,0.0,0.0,0.0,0.0,0.0,50.9507771152,50.95077711521968,153.71858501638968,,
1175,"(96322.13249259633, 756210.4176017359)",1757,1175,126.23801316132595,tetap,,0.0,Pekalipan,Pulasaren,Kosong,01757,0.0,Normal,0.0,Perumahan Sederhana,0.0,Lokal Setapak,1.0,0,126.23801316132595,Sama,0.0,1.835479,0.0,0.0,0.0,0.0,0.0,0.0,0.0,0.0,45.3690648205,45.369064820463294,126.23801316132595,,
1176,"(96280.33991714013, 756171.1314074907)",1758,1176,58.786016601189104,tetap,,0.0,Pekalipan,Pulasaren,Kosong,01758,0.0,Normal,0.0,Perumahan Sederhana,0.0,Lokal Setapak,1.0,0,58.786016601189104,Sama,0.0,1.51,0.0,0.0,0.0,0.0,0.0,0.0,0.0,0.0,35.179931208,35.17993120803712,58.786016601189104,,
1177,"(96256.04404915328, 756150.9510493361)",1759,1177,43.32321505150314,tetap,,0.0,Pekalipan,Pulasaren,Kosong,01759,0.0,Normal,0.0,Perumahan Sederhana,0.0,Lokal Setapak,1.0,0,43.32321505150314,Sama,0.0,1.51,0.0,0.0,0.0,0.0,0.0,0.0,0.0,0.0,27.1787506266,27.178750626614637,43.32321505150314,,
1178,"(96308.3515230296, 756129.6235947226)",1762,1178,24.91448489758679,tetap,,0.0,Pekalipan,Pulasaren,Kosong,01762,0.0,Normal,0.0,Perumahan Sederhana,0.0,Lokal Setapak,1.0,0,24.91448489758679,Sama,0.0,1.835479,0.0,0.0,0.0,0.0,0.0,0.0,0.0,0.0,25.3506658915,25.350665891454636,24.91448489758679,,
1179,"(96986.14041304307, 756213.2022351427)",1764,1179,93.93368715288564,tetap,,0.0,Pekalipan,Pulasaren,Kosong,01764,0.0,Normal,0.0,Perumahan Sederhana,0.0,Lokal Primer,1.0,0,93.93368715288564,Sama,0.0,1.835479,0.0,0.0,0.0,0.0,0.0,0.0,0.0,0.0,49.38003719,49.380037190034706,93.93368715288564,,
1180,"(97004.25020841166, 756237.2327925954)",1765,1180,2429.3244263243582,tetap,,0.0,Pekalipan,Pulasaren,Kosong,01765,0.0,Normal,0.0,Perumahan Sederhana,0.0,Lokal Setapak,1.0,0,2429.3244263243582,Sama,0.0,1.835479,0.0,0.0,0.0,0.0,0.0,0.0,0.0,0.0,375.108236773,375.10823677323907,2429.3244263243582,,
1181,"(96900.21338454497, 756295.8185219842)",1766,1181,98.92946309299238,tetap,,0.0,Pekalipan,Pulasaren,Kosong,01766,0.0,Normal,0.0,Perdagangan dan Jasa Kelas 1,0.0,Lokal Sekunder,1.0,0,98.92946309299238,Sama,0.0,1.835479,0.0,0.0,0.0,0.0,0.0,0.0,0.0,0.0,52.1937746597,52.19377465968191,98.92946309299238,,
1182,"(96829.32457613613, 756184.4972350665)",1767,1182,341.58578840468886,tetap,,0.0,Pekalipan,Pulasaren,Kosong,01767,0.0,Normal,0.0,Perumahan Menengah,0.0,Lokal Primer,3.0,0,341.58578840468886,Sama,0.0,6.58,0.0,0.0,0.0,0.0,0.0,0.0,0.0,0.0,104.313390653,104.31339065331576,341.58578840468886,,
1183,"(96480.82370807069, 756133.5603480949)",1768,1183,43.504665365859466,tetap,,0.0,Pekalipan,Pulasaren,Kosong,01768,0.0,Hook,0.0,Perumahan Sederhana,0.0,Lokal Setapak,1.0,0,43.504665365859466,Sama,0.0,1.835479,0.0,0.0,0.0,0.0,0.0,0.0,0.0,0.0,34.2685721405,34.26857214053032,43.504665365859466,,
1184,"(96205.37749403578, 756275.419556081)",1778,1184,176.6863381900435,tetap,,0.0,Pekalipan,Pulasaren,Kosong,01778,0.0,Normal,0.0,Perumahan Sederhana,0.0,Lokal Setapak,1.0,0,176.6863381900435,Sama,0.0,1.835478594,0.0,0.0,0.0,0.0,0.0,0.0,0.0,0.0,53.7237278728,53.72372787281803,176.6863381900435,,
1185,"(96484.87068776399, 756089.2492601264)",1779,1185,96.61901109681129,tetap,,0.0,Pekalipan,Pulasaren,Kosong,01779,0.0,Normal,0.0,Perumahan Sederhana,0.0,Lokal Setapak,1.0,0,96.61901109681129,Sama,0.0,1.835479,0.0,0.0,0.0,0.0,0.0,0.0,0.0,0.0,41.7133873466,41.71338734658138,96.61901109681129,,
1186,"(96375.24198404883, 756213.2010441883)",1781,1186,159.8148635861875,tetap,,0.0,Pekalipan,Pulasaren,Hak Milik,00977,8.71899540792,Normal,3.0,Perumahan Sederhana,2.0,Lokal Setapak,1.0,7903,159.8148635861875,Sama,2.0,1.835479,1506.53909877,1381.11681445,1811.83644456,270.437163321,2048.30802684,40.1912741995,40.1912741992,1379643.10896,36.8525287701,51.3936518939999,159.8148635861875,,
1187,"(96359.8817275695, 756202.0725639939)",1782,1187,74.27744298792382,tetap,,0.0,Pekalipan,Pulasaren,Kosong,01782,0.0,Normal,0.0,Perumahan Sederhana,0.0,Lokal Setapak,1.0,0,74.27744298792382,Sama,0.0,1.835479,0.0,0.0,0.0,0.0,0.0,0.0,0.0,0.0,46.2172265654,46.21722656542762,74.27744298792382,,
1188,"(96468.1620813018, 755882.6853620381)",1783,1188,161.0420772302124,tetap,,0.0,Pekalipan,Pulasaren,Kosong,01783,0.0,Normal,0.0,Perumahan Sederhana,0.0,Lokal Setapak,1.0,0,161.0420772302124,Sama,0.0,1.835478594,0.0,0.0,0.0,0.0,0.0,0.0,0.0,0.0,54.194053033,54.19405303297141,161.0420772302124,,
1189,"(96206.93999674985, 756251.3657836859)",1786,1189,67.84476136781635,tetap,,0.0,Pekalipan,Pulasaren,Kosong,01786,0.0,Normal,0.0,Perumahan Sederhana,0.0,Lokal Setapak,1.0,0,67.84476136781635,Sama,0.0,1.835478594,0.0,0.0,0.0,0.0,0.0,0.0,0.0,0.0,37.7325920112,37.732592011226295,67.84476136781635,,
1190,"(96285.35200596163, 756250.0125008802)",1788,1190,392.98976871263477,tetap,,0.0,Pekalipan,Pulasaren,Kosong,01788,0.0,Normal,0.0,Perumahan Sederhana,0.0,Lokal Setapak,1.0,0,392.98976871263477,Sama,0.0,1.835478594,0.0,0.0,0.0,0.0,0.0,0.0,0.0,0.0,125.517401377,125.5174013773786,392.98976871263477,,
1191,"(96391.4506494454, 756303.8953667404)",1789,1191,272.2309602829576,tetap,,0.0,Pekalipan,Pulasaren,Kosong,01789,0.0,Normal,0.0,Perumahan Sederhana,0.0,Lokal Setapak,1.0,0,272.2309602829576,Sama,0.0,3.78,0.0,0.0,0.0,0.0,0.0,0.0,0.0,0.0,68.0218127819,68.02181278192454,272.2309602829576,,
1192,"(96459.43895558525, 756296.2952749014)",1790,1192,63.71805258518916,tetap,,0.0,Pekalipan,Pulasaren,Kosong,01790,0.0,Normal,0.0,Perumahan Sederhana,0.0,Lokal Setapak,1.0,0,63.71805258518916,Sama,0.0,1.64,0.0,0.0,0.0,0.0,0.0,0.0,0.0,0.0,50.850401035,50.85040103496136,63.71805258518916,,
1193,"(96632.88041623989, 756338.4929068025)",1791,1193,72.5303226178036,tetap,,0.0,Pekalipan,Pulasaren,Hak Milik, ,6.05422801999,Normal,3.0,Perumahan Sederhana,2.0,Lokal Setapak,1.0,6719,72.5303226178036,Sama,2.0,1.31,1088.26470074,1865.06634269,2295.78597279,191.162666278,2309.48180864,32.3737646004,32.3737645981,1474532.49123,34.2346680823,34.23455875349539,72.5303226178036,,
1194,"(96615.57941798463, 756287.61972635)",1792,1194,106.45023410432944,tetap,,0.0,Pekalipan,Pulasaren,Kosong,01792,0.0,Normal,0.0,Perumahan Sederhana,0.0,Lokal Setapak,1.0,0,106.45023410432944,Sama,0.0,1.835479,0.0,0.0,0.0,0.0,0.0,0.0,0.0,0.0,42.3229557463,42.32295574633065,106.45023410432944,,
1195,"(96708.83428784573, 756243.8163435934)",1793,1195,26.004428378776076,tetap,,0.0,Pekalipan,Pulasaren,Kosong,01793,0.0,Normal,0.0,Perumahan Sederhana,0.0,Lokal Sekunder,2.0,0,26.004428378776076,Sama,0.0,2.69,0.0,0.0,0.0,0.0,0.0,0.0,0.0,0.0,25.2646865936,25.2646865936105,26.004428378776076,,
1196,"(96814.23543493463, 756181.1714661607)",1794,1196,117.48929410025646,tetap,,0.0,Pekalipan,Pulasaren,Kosong,01794,0.0,Normal,0.0,Perumahan Sederhana,0.0,Lokal Setapak,1.0,0,117.48929410025646,Sama,0.0,1.835479,0.0,0.0,0.0,0.0,0.0,0.0,0.0,0.0,45.076388811,45.0763888110405,117.48929410025646,,
1197,"(96772.55219429516, 756335.3498825341)",1795,1197,41.86779536783383,tetap,,0.0,Pekalipan,Pulasaren,Kosong,01795,0.0,Normal,0.0,Perumahan Sederhana,0.0,Lokal Setapak,1.0,0,41.86779536783383,Sama,0.0,1.835478594,0.0,0.0,0.0,0.0,0.0,0.0,0.0,0.0,28.4295867414,28.429586741440602,41.86779536783383,,
1198,"(96203.16984843665, 756163.8268507522)",1847,1198,17723.17483432582,tetap,,0.0,Pekalipan,Pulasaren,Hak Guna Bangunan,01847,0.0,Normal,0.0,Perumahan Sederhana,0.0,Lokal Setapak,1.0,0,17723.17483432582,Sama,0.0,1.835478594,0.0,0.0,0.0,0.0,0.0,0.0,0.0,0.0,800.934520533,800.9345205332254,17723.17483432582,,
1199,"(96322.07923697768, 755963.3713974692)",1848,7141,5488.653554818767,update,1,,,,,,,,,,,,,,5488.653554818767,,,,,,,,,,,,,582.5415349281631,5488.653554818767,Segi Empat Beraturan,4.0
1200,"(96205.47008858592, 756292.83262452)",1843,1200,175.57108054791334,tetap,,0.0,Pekalipan,Pulasaren,Hak Guna Bangunan,01843,0.0,Normal,0.0,Perumahan Sederhana,0.0,Lokal Setapak,1.0,0,175.57108054791334,Sama,0.0,1.835478594,0.0,0.0,0.0,0.0,0.0,0.0,0.0,0.0,74.6795719106,74.67957191055771,175.57108054791334,,
1201,"(96251.818715474, 756274.869472715)",1842,1201,1189.0007342320275,tetap,,0.0,Pekalipan,Pulasaren,Hak Guna Bangunan,01842,0.0,Normal,0.0,Perumahan Sederhana,0.0,Lokal Setapak,1.0,0,1189.0007342320275,Sama,0.0,1.835478594,0.0,0.0,0.0,0.0,0.0,0.0,0.0,0.0,257.572697153,257.5726971532795,1189.0007342320275,,
1202,"(96280.63113569305, 756155.0486480893)",1844,1202,942.5931095834362,tetap,,0.0,Pekalipan,Pulasaren,Hak Guna Bangunan,01844,0.0,Normal,0.0,Perumahan Sederhana,0.0,Lokal Setapak,1.0,0,942.5931095834362,Sama,0.0,1.51,0.0,0.0,0.0,0.0,0.0,0.0,0.0,0.0,233.299768441,233.29976844148268,942.5931095834362,,
1203,"(96391.6206972495, 756035.2803733116)",1846,1203,650.9932206457758,tetap,,0.0,Pekalipan,Pulasaren,Hak Guna Bangunan,01846,0.0,Normal,0.0,Perumahan Sederhana,0.0,Lokal Setapak,1.0,0,650.9932206457758,Sama,0.0,2.0,0.0,0.0,0.0,0.0,0.0,0.0,0.0,0.0,678.899484725,678.8994847251732,650.9932206457758,,
1204,"(96231.83585529837, 756246.2802953409)",1845,1204,39.7212505552056,tetap,,0.0,Pekalipan,Pulasaren,Hak Guna Bangunan,01845,0.0,Normal,0.0,Perumahan Sederhana,0.0,Lokal Setapak,1.0,0,39.7212505552056,Sama,0.0,1.835478594,0.0,0.0,0.0,0.0,0.0,0.0,0.0,0.0,97.0158244821,97.01582448213168,39.7212505552056,,
1205,"(96698.37357516245, 756245.5269481901)",1813,1205,76.65940754788653,tetap,,0.0,Pekalipan,Pulasaren,Hak Milik,01813,0.0,Normal,0.0,Perumahan Sederhana,0.0,Lokal Sekunder,2.0,0,76.65940754788653,Sama,0.0,2.69,0.0,0.0,0.0,0.0,0.0,0.0,0.0,0.0,35.9730669565,35.97306695651591,76.65940754788653,,
1206,"(96375.2913230457, 755910.0133815173)",1680,1206,84.33217919669967,tetap,,0.0,Pekalipan,Pulasaren,Kosong,01680,0.0,Normal,0.0,Perumahan Sederhana,0.0,Lokal Setapak,1.0,0,84.33217919669967,Sama,0.0,1.835479,0.0,0.0,0.0,0.0,0.0,0.0,0.0,0.0,39.7056034762,39.7056034762136,84.33217919669967,,
1207,"(96364.60801767648, 755884.2717738181)",1681,1207,107.90595264376381,tetap,,0.0,Pekalipan,Pulasaren,Kosong,01681,0.0,Normal,0.0,Perumahan Sederhana,0.0,Lokal Setapak,1.0,0,107.90595264376381,Sama,0.0,1.52,0.0,0.0,0.0,0.0,0.0,0.0,0.0,0.0,41.8120908729,41.81209087289335,107.90595264376381,,
1208,"(96757.0240276039, 756173.6618683399)",1683,1208,115.11413677953315,tetap,,0.0,Pekalipan,Pulasaren,Kosong,01683,0.0,Normal,0.0,Perumahan Sederhana,0.0,Lokal Setapak,1.0,0,115.11413677953315,Sama,0.0,1.835479,0.0,0.0,0.0,0.0,0.0,0.0,0.0,0.0,43.0195563686,43.01955636856258,115.11413677953315,,
1209,"(96765.54293133324, 756329.0803530628)",1684,1209,99.71968605368535,tetap,,0.0,Pekalipan,Pulasaren,Kosong,01684,0.0,Normal,0.0,Perumahan Sederhana,0.0,Lokal Setapak,1.0,0,99.71968605368535,Sama,0.0,1.835478594,0.0,0.0,0.0,0.0,0.0,0.0,0.0,0.0,41.6956780455,41.695678045521134,99.71968605368535,,
1210,"(96427.48285236076, 756258.0507110823)",1685,1210,108.07288989352568,tetap,,0.0,Pekalipan,Pulasaren,Kosong,01685,0.0,Normal,0.0,Perumahan Sederhana,0.0,Lokal Setapak,1.0,0,108.07288989352568,Sama,0.0,1.64,0.0,0.0,0.0,0.0,0.0,0.0,0.0,0.0,41.6505529535,41.65055295346791,108.07288989352568,,
1211,"(96479.22393790592, 756165.1055625703)",1686,1211,55.05353357317924,tetap,,0.0,Pekalipan,Pulasaren,Kosong,01686,0.0,Normal,0.0,Perumahan Sederhana,0.0,Lokal Setapak,1.0,0,55.05353357317924,Sama,0.0,3.41,0.0,0.0,0.0,0.0,0.0,0.0,0.0,0.0,32.2164219509,32.216421950934986,55.05353357317924,,
1212,"(96513.41609911081, 755889.6302092938)",1687,1212,153.04460079677168,tetap,,0.0,Pekalipan,Pulasaren,Hak Milik,00524,7.90979976571,Normal,3.0,Perumahan Sederhana,2.0,Lokal Setapak,1.0,7259,153.04460079677168,Sama,2.0,1.835479,1023.45157543,2078.93191252,2509.65154262,462.181518261,2234.32844133,50.2892615562,50.2892615587,1528958.32706,53.7052197703,53.70521977026282,153.04460079677168,,
1213,"(96385.07165165355, 756162.6639317952)",1688,1213,57.41430594856796,tetap,,0.0,Pekalipan,Pulasaren,Kosong,01688,0.0,Normal,0.0,Perumahan Sederhana,0.0,Lokal Setapak,1.0,0,57.41430594856796,Sama,0.0,1.835479,0.0,0.0,0.0,0.0,0.0,0.0,0.0,0.0,41.3101386917,41.31013869172757,57.41430594856796,,
1214,"(96504.61304309293, 755866.3623227562)",1689,1214,84.43244444739412,tetap,,0.0,Pekalipan,Pulasaren,Kosong,01689,0.0,Normal,0.0,Perumahan Sederhana,0.0,Lokal Setapak,1.0,0,84.43244444739412,Sama,0.0,1.835478594,0.0,0.0,0.0,0.0,0.0,0.0,0.0,0.0,38.7632181274,38.76321812736198,84.43244444739412,,
1215,"(96551.31767551019, 756060.5175962673)",1690,1215,109.37674619627575,tetap,,0.0,Pekalipan,Pulasaren,Kosong,01690,0.0,Normal,0.0,Perumahan Sederhana,0.0,Lokal Setapak,1.0,0,109.37674619627575,Sama,0.0,1.835479,0.0,0.0,0.0,0.0,0.0,0.0,0.0,0.0,52.4645739454,52.464573945404574,109.37674619627575,,
1216,"(96512.32859689307, 756070.4244647167)",1691,1216,139.06466730638664,tetap,,0.0,Pekalipan,Pulasaren,Kosong,01691,0.0,Normal,0.0,Perumahan Sederhana,0.0,Lokal Setapak,1.0,0,139.06466730638664,Sama,0.0,1.835479,0.0,0.0,0.0,0.0,0.0,0.0,0.0,0.0,48.3854837397,48.38548373974665,139.06466730638664,,
1217,"(96533.93477667432, 756124.1245665719)",1692,1217,250.15875362350098,tetap,,0.0,Pekalipan,Pulasaren,Kosong,01692,0.0,Normal,0.0,Perumahan Sederhana,0.0,Lokal Setapak,1.0,0,250.15875362350098,Sama,0.0,1.835479,0.0,0.0,0.0,0.0,0.0,0.0,0.0,0.0,64.9027910807,64.90279108067159,250.15875362350098,,
1218,"(96502.47435876941, 756123.6964664666)",1693,1218,64.26411087878797,tetap,,0.0,Pekalipan,Pulasaren,Kosong,01693,0.0,Normal,0.0,Perumahan Sederhana,0.0,Lokal Setapak,1.0,0,64.26411087878797,Sama,0.0,1.835479,0.0,0.0,0.0,0.0,0.0,0.0,0.0,0.0,38.743956401,38.74395640096203,64.26411087878797,,
1219,"(96517.29856234498, 756141.4640255931)",1694,1219,78.85733843202568,tetap,,0.0,Pekalipan,Pulasaren,Kosong,01694,0.0,Normal,0.0,Perumahan Sederhana,0.0,Lokal Setapak,1.0,0,78.85733843202568,Sama,0.0,1.835479,0.0,0.0,0.0,0.0,0.0,0.0,0.0,0.0,36.6658279621,36.66582796212917,78.85733843202568,,
1220,"(96490.96815964414, 756151.8156830337)",1695,1220,72.40067943164101,tetap,,0.0,Pekalipan,Pulasaren,Kosong,01695,0.0,Normal,0.0,Perumahan Sederhana,0.0,Lokal Setapak,1.0,0,72.40067943164101,Sama,0.0,3.41,0.0,0.0,0.0,0.0,0.0,0.0,0.0,0.0,37.5520128579,37.55201285790612,72.40067943164101,,
1221,"(96540.46898658303, 756162.3456666047)",1696,1221,63.65687020993856,tetap,,0.0,Pekalipan,Pulasaren,Kosong,01696,0.0,Normal,0.0,Perumahan Sederhana,0.0,Lokal Setapak,1.0,0,63.65687020993856,Sama,0.0,3.41,0.0,0.0,0.0,0.0,0.0,0.0,0.0,0.0,40.2465050214,40.246505021392174,63.65687020993856,,
1222,"(96556.60620995461, 756162.0697433155)",1697,1222,115.88094326482219,tetap,,0.0,Pekalipan,Pulasaren,Kosong,01697,0.0,Normal,0.0,Perdagangan dan Jasa Kelas 1,0.0,Lokal Primer,1.0,0,115.88094326482219,Sama,0.0,3.41,0.0,0.0,0.0,0.0,0.0,0.0,0.0,0.0,43.2560619519,43.25606195186613,115.88094326482219,,
1223,"(96327.09234175504, 756221.1344274239)",1698,1223,82.08475326295697,tetap,,0.0,Pekalipan,Pulasaren,Kosong,01698,0.0,Normal,0.0,Perumahan Sederhana,0.0,Lokal Setapak,1.0,0,82.08475326295697,Sama,0.0,1.835478594,0.0,0.0,0.0,0.0,0.0,0.0,0.0,0.0,36.2232460919,36.22324609194253,82.08475326295697,,
1224,"(96251.9179871648, 756309.093235329)",1700,1224,213.36000722951263,tetap,,0.0,Pekalipan,Pulasaren,Kosong,01700,0.0,Normal,0.0,Perumahan Sederhana,0.0,Lokal Primer,1.0,0,213.36000722951263,Sama,0.0,1.835478594,0.0,0.0,0.0,0.0,0.0,0.0,0.0,0.0,65.3724942051,65.37249420513814,213.36000722951263,,
1225,"(96565.59249098138, 756236.7648326245)",1701,1225,186.48297337715684,tetap,,0.0,Pekalipan,Pulasaren,Kosong,00762,7.63179615559,Normal,3.0,Perdagangan dan Jasa Kelas 1,7.0,Lokal Primer,1.0,7396,186.48297337715684,Sama,2.0,1.835479,1288.16810771,1915.46475533,2346.18438543,144.947289998,2146.91201445,57.9219065392,57.9219065387,9697279.02247,61.3610383442,61.36116415584656,186.48297337715684,,
1226,"(96339.0353036802, 756325.3645130143)",1702,1226,109.10977476254752,tetap,,0.0,Pekalipan,Pulasaren,Kosong,01702,0.0,Normal,0.0,Perdagangan dan Jasa Kelas 1,0.0,Lokal Primer,3.0,0,109.10977476254752,Sama,0.0,13.59,0.0,0.0,0.0,0.0,0.0,0.0,0.0,0.0,61.088575153,61.088575152959876,109.10977476254752,,
1227,"(96584.39838493412, 756317.77508373)",1704,1227,222.5006614696501,tetap,,0.0,Pekalipan,Pulasaren,Kosong,01704,0.0,Normal,0.0,Perumahan Sederhana,0.0,Lokal Setapak,1.0,0,222.5006614696501,Sama,0.0,1.31,0.0,0.0,0.0,0.0,0.0,0.0,0.0,0.0,79.4352874159,79.43528741594291,222.5006614696501,,
1228,"(96590.45288580886, 756222.3333001182)",1705,1228,94.45828845338649,tetap,,0.0,Pekalipan,Pulasaren,Kosong,01705,0.0,Normal,0.0,Perumahan Sederhana,0.0,Lokal Setapak,1.0,0,94.45828845338649,Sama,0.0,1.835479,0.0,0.0,0.0,0.0,0.0,0.0,0.0,0.0,39.9920481805,39.99204818047835,94.45828845338649,,
1229,"(96717.10781429098, 756312.0807417983)",1706,1229,124.18960525687943,tetap,,0.0,Pekalipan,Pulasaren,Kosong,01706,0.0,Normal,0.0,Perumahan Sederhana,0.0,Lokal Sekunder,2.0,0,124.18960525687943,Sama,0.0,2.69,0.0,0.0,0.0,0.0,0.0,0.0,0.0,0.0,45.1692462734,45.169246273389504,124.18960525687943,,
1230,"(96704.21671196737, 756323.820276526)",1707,1230,76.75749186113421,tetap,,0.0,Pekalipan,Pulasaren,Kosong,01707,0.0,Normal,0.0,Perumahan Sederhana,0.0,Lokal Sekunder,2.0,0,76.75749186113421,Sama,0.0,2.69,0.0,0.0,0.0,0.0,0.0,0.0,0.0,0.0,34.9884472456,34.988447245622375,76.75749186113421,,
1231,"(96712.59507611669, 756328.1976003568)",1708,1231,111.42120158094143,tetap,,0.0,Pekalipan,Pulasaren,Kosong,01708,0.0,Normal,0.0,Perumahan Sederhana,0.0,Lokal Sekunder,2.0,0,111.42120158094143,Sama,0.0,2.69,0.0,0.0,0.0,0.0,0.0,0.0,0.0,0.0,49.4189148718,49.41891487182904,111.42120158094143,,
1232,"(96715.96053401002, 756356.4217934784)",1709,1232,140.27399898279793,tetap,,0.0,Pekalipan,Pulasaren,Kosong,01709,0.0,Normal,0.0,Perumahan Sederhana,0.0,Lokal Sekunder,2.0,0,140.27399898279793,Sama,0.0,2.69,0.0,0.0,0.0,0.0,0.0,0.0,0.0,0.0,52.0731448434,52.073144843404464,140.27399898279793,,
1233,"(96735.08862994338, 756344.4997327663)",1710,1233,87.09450948333719,tetap,,0.0,Pekalipan,Pulasaren,Kosong,01710,0.0,Normal,0.0,Perumahan Sederhana,0.0,Lokal Sekunder,2.0,0,87.09450948333719,Sama,0.0,2.69,0.0,0.0,0.0,0.0,0.0,0.0,0.0,0.0,43.0469966306,43.04699663057832,87.09450948333719,,
1234,"(96625.95365762389, 756319.4824220053)",1711,1234,860.9477306817721,tetap,,0.0,Pekalipan,Pulasaren,Kosong,01711,0.0,Normal,0.0,Perumahan Sederhana,0.0,Lokal Setapak,1.0,0,860.9477306817721,Sama,0.0,1.835479,0.0,0.0,0.0,0.0,0.0,0.0,0.0,0.0,167.253907758,167.25390775813787,860.9477306817721,,
1235,"(96670.41810293641, 756274.7293421355)",1712,1235,3728.0996541651125,tetap,,0.0,Pekalipan,Pulasaren,Kosong,01712,0.0,Normal,0.0,Perumahan Sederhana,0.0,Lokal Setapak,1.0,0,3728.0996541651125,Sama,0.0,1.37,0.0,0.0,0.0,0.0,0.0,0.0,0.0,0.0,346.767491224,346.76749122395734,3728.0996541651125,,
1236,"(96734.19102138687, 756386.3235163689)",1713,1236,132.67155235413267,tetap,,0.0,Pekalipan,Pulasaren,Kosong,01713,0.0,Normal,0.0,Perdagangan dan Jasa Kelas 1,0.0,Lokal Sekunder,2.0,0,132.67155235413267,Sama,0.0,2.69,0.0,0.0,0.0,0.0,0.0,0.0,0.0,0.0,54.2941206244,54.29412062441017,132.67155235413267,,
1237,"(96755.4750472074, 756343.0430755176)",1715,1237,20.904376944112965,tetap,,0.0,Pekalipan,Pulasaren,Kosong,01715,0.0,Normal,0.0,Perumahan Sederhana,0.0,Lokal Setapak,1.0,0,20.904376944112965,Sama,0.0,1.835478594,0.0,0.0,0.0,0.0,0.0,0.0,0.0,0.0,18.7980789519,18.798078951900205,20.904376944112965,,
1238,"(96768.70587658623, 756360.8445789184)",1716,1238,41.5964199235776,tetap,,0.0,Pekalipan,Pulasaren,Kosong,01716,0.0,Normal,0.0,Perumahan Sederhana,0.0,Lokal Setapak,1.0,0,41.5964199235776,Sama,0.0,1.835478594,0.0,0.0,0.0,0.0,0.0,0.0,0.0,0.0,31.3527000334,31.35270003344522,41.5964199235776,,
1239,"(96766.0245480047, 756316.3198603193)",1717,1239,45.86811218864374,tetap,,0.0,Pekalipan,Pulasaren,Kosong,01717,0.0,Normal,0.0,Perumahan Sederhana,0.0,Lokal Setapak,1.0,0,45.86811218864374,Sama,0.0,1.85,0.0,0.0,0.0,0.0,0.0,0.0,0.0,0.0,28.9870033142,28.98700331417287,45.86811218864374,,
1240,"(96779.54646462297, 756266.7929948536)",1718,1240,115.85863423681445,tetap,,0.0,Pekalipan,Pulasaren,Kosong,01718,0.0,Normal,0.0,Perumahan Sederhana,0.0,Lokal Setapak,1.0,0,115.85863423681445,Sama,0.0,1.835479,0.0,0.0,0.0,0.0,0.0,0.0,0.0,0.0,45.2525268578,45.25252685780869,115.85863423681445,,
1241,"(96755.34470360527, 756164.9893810635)",1719,1241,84.56828015268388,tetap,,0.0,Pekalipan,Pulasaren,Kosong,01719,0.0,Normal,0.0,Perumahan Sederhana,0.0,Lokal Setapak,1.0,0,84.56828015268388,Sama,0.0,1.835479,0.0,0.0,0.0,0.0,0.0,0.0,0.0,0.0,38.1217672904,38.121767290351784,84.56828015268388,,
1242,"(96785.86952092983, 756240.92488282)",1723,1242,179.69773075304795,tetap,,0.0,Pekalipan,Pulasaren,Kosong,01723,0.0,Normal,0.0,Perumahan Sederhana,0.0,Lokal Setapak,1.0,0,179.69773075304795,Sama,0.0,1.835479,0.0,0.0,0.0,0.0,0.0,0.0,0.0,0.0,53.7952250901,53.7952250901196,179.69773075304795,,
1243,"(96804.35233326917, 756197.6459878344)",1724,1243,193.01781330333847,tetap,,0.0,Pekalipan,Pulasaren,Kosong,01724,0.0,Normal,0.0,Perumahan Sederhana,0.0,Lokal Setapak,1.0,0,193.01781330333847,Sama,0.0,1.835479,0.0,0.0,0.0,0.0,0.0,0.0,0.0,0.0,69.0138440617,69.01384406172129,193.01781330333847,,
1244,"(96830.03412429553, 756220.0139034007)",1725,1244,54.33303215025552,tetap,,0.0,Pekalipan,Pulasaren,Kosong,01725,0.0,Normal,0.0,Perumahan Sederhana,0.0,Lokal Setapak,1.0,0,54.33303215025552,Sama,0.0,1.835479,0.0,0.0,0.0,0.0,0.0,0.0,0.0,0.0,30.4062422863,30.406242286269027,54.33303215025552,,
1245,"(96843.23721046284, 756234.8285559965)",1726,1245,64.35417222923971,tetap,,0.0,Pekalipan,Pulasaren,Kosong,01726,0.0,Normal,0.0,Perumahan Sederhana,0.0,Lokal Setapak,1.0,0,64.35417222923971,Sama,0.0,1.835479,0.0,0.0,0.0,0.0,0.0,0.0,0.0,0.0,33.3190655984,33.31906559837473,64.35417222923971,,
1246,"(96860.9331818054, 756254.0450632186)",1727,1246,60.43582202233931,tetap,,0.0,Pekalipan,Pulasaren,Kosong,01727,0.0,Normal,0.0,Perumahan Sederhana,0.0,Lokal Setapak,1.0,0,60.43582202233931,Sama,0.0,0.5,0.0,0.0,0.0,0.0,0.0,0.0,0.0,0.0,31.7806310624,31.780631062436868,60.43582202233931,,
1247,"(96746.83929562321, 756279.9090679872)",1728,1247,148.76762508061074,tetap,,0.0,Pekalipan,Pulasaren,Kosong,01728,0.0,Normal,0.0,Perumahan Sederhana,0.0,Lokal Setapak,1.0,0,148.76762508061074,Sama,0.0,1.835479,0.0,0.0,0.0,0.0,0.0,0.0,0.0,0.0,57.8948887891,57.89488878912703,148.76762508061074,,
1248,"(96918.0989149042, 756196.6829930089)",1729,1248,107.94032785152542,tetap,,0.0,Pekalipan,Pulasaren,Kosong,01729,0.0,Normal,0.0,Perumahan Menengah,0.0,Lokal Primer,1.0,0,107.94032785152542,Sama,0.0,1.835479,0.0,0.0,0.0,0.0,0.0,0.0,0.0,0.0,50.5834173473,50.58341734728413,107.94032785152542,,
1249,"(96976.75390624432, 756210.8043947436)",1730,1249,94.13415999699212,tetap,,0.0,Pekalipan,Pulasaren,Kosong,01730,0.0,Normal,0.0,Perumahan Menengah,0.0,Lokal Primer,1.0,0,94.13415999699212,Sama,0.0,1.835479,0.0,0.0,0.0,0.0,0.0,0.0,0.0,0.0,49.3723768778,49.37237687782031,94.13415999699212,,
1250,"(96940.2154121929, 756228.2592658775)",1731,1250,301.19024610635785,tetap,,0.0,Pekalipan,Pulasaren,Kosong,01731,0.0,Normal,0.0,Perumahan Sederhana,0.0,Lokal Setapak,1.0,0,301.19024610635785,Sama,0.0,1.835479,0.0,0.0,0.0,0.0,0.0,0.0,0.0,0.0,70.3593615404,70.35936154040652,301.19024610635785,,
1251,"(96908.41852423672, 756251.9958744344)",1732,1251,130.18605461509898,tetap,,0.0,Pekalipan,Pulasaren,Kosong,01732,0.0,Normal,0.0,Perdagangan dan Jasa Kelas 1,0.0,Lokal Sekunder,1.0,0,130.18605461509898,Sama,0.0,1.835479,0.0,0.0,0.0,0.0,0.0,0.0,0.0,0.0,56.0550528376,56.05505283762426,130.18605461509898,,
1252,"(96893.5519147005, 756319.494382005)",1733,1252,339.9098769715534,tetap,,0.0,Pekalipan,Pulasaren,Kosong,01733,0.0,Normal,0.0,Perumahan Sederhana,0.0,Lokal Sekunder,2.0,0,339.9098769715534,Sama,0.0,1.835479,0.0,0.0,0.0,0.0,0.0,0.0,0.0,0.0,97.9477586219,97.94775862191007,339.9098769715534,,
1253,"(96813.06897580049, 756214.2063881255)",1734,1253,230.70207403206678,tetap,,0.0,Pekalipan,Pulasaren,Kosong,01734,0.0,Normal,0.0,Perumahan Sederhana,0.0,Lokal Setapak,1.0,0,230.70207403206678,Sama,0.0,1.835479,0.0,0.0,0.0,0.0,0.0,0.0,0.0,0.0,85.1363896009,85.13638960088853,230.70207403206678,,
1254,"(96555.86441035186, 756362.7429705032)",1735,1254,372.6405175113249,tetap,,0.0,Pekalipan,Pulasaren,Kosong,01735,0.0,Normal,0.0,Perdagangan dan Jasa Kelas 1,0.0,Lokal Primer,3.0,0,372.6405175113249,Sama,0.0,13.59,0.0,0.0,0.0,0.0,0.0,0.0,0.0,0.0,88.5753521067,88.57535210669188,372.6405175113249,,
1255,"(96279.27887562754, 756297.3551556693)",1736,1255,811.797028867602,tetap,,0.0,Pekalipan,Pulasaren,Kosong,01736,0.0,Normal,0.0,Perumahan Sederhana,0.0,Lokal Setapak,1.0,0,811.797028867602,Sama,0.0,1.835478594,0.0,0.0,0.0,0.0,0.0,0.0,0.0,0.0,195.002157629,195.0021576292853,811.797028867602,,
1256,"(96290.85683781785, 756270.4743187684)",1737,1256,410.21799852570484,tetap,,0.0,Pekalipan,Pulasaren,Kosong,01737,0.0,Normal,0.0,Perumahan Sederhana,0.0,Lokal Setapak,1.0,0,410.21799852570484,Sama,0.0,1.835478594,0.0,0.0,0.0,0.0,0.0,0.0,0.0,0.0,88.0046075576,88.00460755764001,410.21799852570484,,
1257,"(96365.34086665593, 755899.550153428)",1738,1257,173.55671378555832,tetap,,0.0,Pekalipan,Pulasaren,Kosong,01738,0.0,Normal,0.0,Perumahan Sederhana,0.0,Lokal Setapak,1.0,0,173.55671378555832,Sama,0.0,1.835479,0.0,0.0,0.0,0.0,0.0,0.0,0.0,0.0,57.1665892077,57.1665892077244,173.55671378555832,,
1258,"(96667.63951943124, 756346.2440526297)",1739,1258,4515.175630720754,tetap,,0.0,Pekalipan,Pulasaren,Kosong,01739,0.0,Normal,0.0,Perdagangan dan Jasa Kelas 1,0.0,Lokal Primer,3.0,0,4515.175630720754,Sama,0.0,13.59,0.0,0.0,0.0,0.0,0.0,0.0,0.0,0.0,313.907590972,313.9075909720622,4515.175630720754,,
1259,"(96280.22055683141, 756236.9126895412)",1740,1259,59.07640706484995,tetap,,0.0,Pekalipan,Pulasaren,Kosong,01740,0.0,Normal,0.0,Perumahan Sederhana,0.0,Lokal Setapak,1.0,0,59.07640706484995,Sama,0.0,1.835478594,0.0,0.0,0.0,0.0,0.0,0.0,0.0,0.0,32.8985615464,32.898561546390646,59.07640706484995,,
1260,"(96708.71629858493, 756294.6022781522)",1741,1260,247.57131417149137,tetap,,0.0,Pekalipan,Pulasaren,Kosong,01741,0.0,Normal,0.0,Perumahan Sederhana,0.0,Lokal Sekunder,2.0,0,247.57131417149137,Sama,0.0,2.69,0.0,0.0,0.0,0.0,0.0,0.0,0.0,0.0,77.0661897317,77.06618973173319,247.57131417149137,,
1261,"(96704.72879928414, 756338.8958677809)",1742,1261,99.68876175110044,tetap,,0.0,Pekalipan,Pulasaren,Kosong,01742,0.0,Normal,0.0,Perumahan Sederhana,0.0,Lokal Sekunder,2.0,0,99.68876175110044,Sama,0.0,2.69,0.0,0.0,0.0,0.0,0.0,0.0,0.0,0.0,49.7688965795,49.768896579452324,99.68876175110044,,
1262,"(96914.38736637255, 756254.7076195122)",1800,1262,3698.9998949613077,tetap,,0.0,Pekalipan,Pulasaren,Hak Milik,00671,8.5227085139,Hook,4.0,Perumahan Sederhana,2.0,Lokal Sekunder,1.0,7254,3698.9998949613077,Sama,2.0,1.835479,813.087209945,2184.57755525,2687.92191855,535.63904334,2168.39903451,58.3403214696,58.3403214733,2475662.51676,66.3009043453,468.17150070999344,3698.9998949613077,,
1263,"(96368.47597615088, 756042.096718265)",1812,1263,271.10274713885013,tetap,,0.0,Pekalipan,Pulasaren,Kosong,01812,0.0,Normal,0.0,Perumahan Sederhana,0.0,Lokal Setapak,1.0,0,271.10274713885013,Sama,0.0,2.0,0.0,0.0,0.0,0.0,0.0,0.0,0.0,0.0,65.9816943715,65.98169437154543,271.10274713885013,,
1264,"(96339.01689244146, 755813.4356220453)",1848,7142,656.4534972088444,update,1,,,,,,,,,,,,,,656.4534972088444,,,,,,,,,,,,,105.57103054463862,656.4534972088444,Segi Empat Beraturan,4.0
1265,"(96328.4791027287, 755843.8056010772)",1848,7143,827.3045033035112,update,1,,,,,,,,,,,,,,827.3045033035112,,,,,,,,,,,,,117.23013907719081,827.3045033035112,Segi Empat Beraturan,4.0
1266,"(96331.6537202204, 755897.7092840496)",1848,7144,3262.738273218358,update,1,,,,,,,,,,,,,,3262.738273218358,,,,,,,,,,,,,313.8548669449374,3262.738273218358,Segi Empat Beraturan,4.0
1267,"(96325.91532709703, 755929.9191279555)",1848,7145,2191.3621664996504,update,1,,,,,,,,,,,,,,2191.3621664996504,,,,,,,,,,,,,242.1503199180755,2191.3621664996504,Segi Empat Beraturan,4.0
1268,"(96281.83836369116, 756018.9881970937)",1848,7146,2440.376747315642,update,1,,,,,,,,,,,,,,2440.376747315642,,,,,,,,,,,,,844.0848761159876,2440.376747315642,Segi Empat Beraturan,4.0
1269,"(96289.29981034514, 755989.8704391662)",1848,7147,1911.5660890603483,update,1,,,,,,,,,,,,,,1911.5660890603483,,,,,,,,,,,,,217.05864303823108,1911.5660890603483,Segi Empat Beraturan,4.0
1270,"(96872.3038105209, 756293.7911501934)",1028,7140,134.9356581601686,update,0,,,,,,,,,,,,,,134.9356581601686,,,,,,,,,,,,,53.20236823819298,134.9356581601686,Segi Empat Beraturan,4.0
